-- phpMyAdmin SQL Dump
-- version 3.4.10.1deb1
-- http://www.phpmyadmin.net
--
-- Host: localhost
-- Generation Time: Feb 10, 2015 at 01:17 PM
-- Server version: 5.5.41
-- PHP Version: 5.3.10-1ubuntu3.15

SET SQL_MODE="NO_AUTO_VALUE_ON_ZERO";
SET time_zone = "+00:00";


/*!40101 SET @OLD_CHARACTER_SET_CLIENT=@@CHARACTER_SET_CLIENT */;
/*!40101 SET @OLD_CHARACTER_SET_RESULTS=@@CHARACTER_SET_RESULTS */;
/*!40101 SET @OLD_COLLATION_CONNECTION=@@COLLATION_CONNECTION */;
/*!40101 SET NAMES utf8 */;

--
-- Database: `diffco`
--

-- --------------------------------------------------------

--
-- Table structure for table `account`
--

CREATE TABLE IF NOT EXISTS `account` (
  `id` bigint(20) NOT NULL AUTO_INCREMENT,
  `account_number` varchar(128) COLLATE utf8_unicode_ci NOT NULL,
  `tariff_plan_id` bigint(20) NOT NULL,
  `amount` float(18,2) NOT NULL,
  `currency_id` bigint(20) NOT NULL,
  `account_type` varchar(255) COLLATE utf8_unicode_ci NOT NULL DEFAULT 'Валютный',
  `agreement_id` bigint(20) NOT NULL,
  `created_at` datetime NOT NULL,
  `updated_at` datetime NOT NULL,
  PRIMARY KEY (`id`),
  KEY `account_agreement_id_idx` (`agreement_id`),
  KEY `account_currency_id_idx` (`currency_id`),
  KEY `account_tariff_plan_id_idx` (`tariff_plan_id`)
) ENGINE=InnoDB  DEFAULT CHARSET=utf8 COLLATE=utf8_unicode_ci AUTO_INCREMENT=6 ;

--
-- Dumping data for table `account`
--

INSERT INTO `account` (`id`, `account_number`, `tariff_plan_id`, `amount`, `currency_id`, `account_type`, `agreement_id`, `created_at`, `updated_at`) VALUES
(1, 'm, molestie sed, justo. Vestibulum quam ero', 3, 0.00, 3, 'Депозитарный', 11, '2015-01-30 17:23:46', '2015-01-30 17:23:46'),
(2, '123000000', 2, 10000.30, 2, 'Валютный', 11, '2015-01-30 17:23:46', '2015-01-31 15:33:59'),
(3, '23123123123', 1, 5.00, 3, 'Валютный', 12, '2015-01-30 17:23:46', '2015-01-31 15:38:33'),
(4, 'equat tortor urna et tur', 2, 23230000.00, 1, 'Валютный', 11, '2015-01-30 17:23:46', '2015-01-31 17:08:19'),
(5, 'quam l', 3, 0.00, 1, 'Депозитарный', 11, '2015-01-30 17:23:46', '2015-02-10 09:50:46');

-- --------------------------------------------------------

--
-- Table structure for table `agreement`
--

CREATE TABLE IF NOT EXISTS `agreement` (
  `id` bigint(20) NOT NULL AUTO_INCREMENT,
  `agreement_number` varchar(128) COLLATE utf8_unicode_ci NOT NULL,
  `start_date` date NOT NULL,
  `end_date` date DEFAULT NULL,
  `is_active` tinyint(1) NOT NULL DEFAULT '0',
  `client_id` bigint(20) DEFAULT NULL,
  `manager_id` bigint(20) DEFAULT NULL,
  PRIMARY KEY (`id`),
  KEY `agreement_client_id_idx` (`client_id`),
  KEY `agreement_manager_id_idx` (`manager_id`)
) ENGINE=InnoDB  DEFAULT CHARSET=utf8 COLLATE=utf8_unicode_ci AUTO_INCREMENT=13 ;

--
-- Dumping data for table `agreement`
--

INSERT INTO `agreement` (`id`, `agreement_number`, `start_date`, `end_date`, `is_active`, `client_id`, `manager_id`) VALUES
(11, 's at justo. Ut neque. Cras nec purus. Nam i', '2008-04-30', '2010-12-01', 1, 20, 6),
(12, 'titor sapien. Nunc ut felis vitae', '2013-09-30', '2017-10-02', 1, 7, 6);

-- --------------------------------------------------------

--
-- Table structure for table `bank_details`
--

CREATE TABLE IF NOT EXISTS `bank_details` (
  `id` bigint(20) NOT NULL AUTO_INCREMENT,
  `name_account` varchar(128) COLLATE utf8_unicode_ci NOT NULL,
  `recipient` varchar(128) COLLATE utf8_unicode_ci NOT NULL,
  `beneficiary_bank_country_id` bigint(20) NOT NULL,
  `currency_id` bigint(20) NOT NULL,
  `beneficiary_bank_name` varchar(128) COLLATE utf8_unicode_ci DEFAULT NULL,
  `beneficiary_bank_swift_code` varchar(32) COLLATE utf8_unicode_ci DEFAULT NULL,
  `beneficiary_bank_address` varchar(128) COLLATE utf8_unicode_ci DEFAULT NULL,
  `beneficiary_bank_account` varchar(64) COLLATE utf8_unicode_ci DEFAULT NULL,
  `correspondent_bank_name` varchar(128) COLLATE utf8_unicode_ci DEFAULT NULL,
  `correspondent_bank_swift_code` varchar(32) COLLATE utf8_unicode_ci DEFAULT NULL,
  `correspondent_bank_address` varchar(128) COLLATE utf8_unicode_ci DEFAULT NULL,
  `correspondent_bank_account` varchar(64) COLLATE utf8_unicode_ci DEFAULT NULL,
  `purpose_payment` varchar(160) COLLATE utf8_unicode_ci NOT NULL,
  `client_id` bigint(20) NOT NULL,
  `bank_name` varchar(128) COLLATE utf8_unicode_ci DEFAULT NULL,
  `bank_address` varchar(128) COLLATE utf8_unicode_ci DEFAULT NULL,
  `bik` varchar(9) COLLATE utf8_unicode_ci DEFAULT NULL,
  `bank_kpp` varchar(32) COLLATE utf8_unicode_ci DEFAULT NULL,
  `bank_inn` varchar(32) COLLATE utf8_unicode_ci DEFAULT NULL,
  `receiver_inn` varchar(32) COLLATE utf8_unicode_ci DEFAULT NULL,
  `receiver_kpp` varchar(32) COLLATE utf8_unicode_ci DEFAULT NULL,
  `correspondent_account` varchar(32) COLLATE utf8_unicode_ci DEFAULT NULL,
  `receiver_settlement_account` varchar(32) COLLATE utf8_unicode_ci DEFAULT NULL,
  PRIMARY KEY (`id`),
  KEY `bank_details_client_id_idx` (`client_id`),
  KEY `bank_details_beneficiary_bank_country_id_idx` (`beneficiary_bank_country_id`),
  KEY `bank_details_currency_id_idx` (`currency_id`)
) ENGINE=InnoDB  DEFAULT CHARSET=utf8 COLLATE=utf8_unicode_ci AUTO_INCREMENT=16 ;

--
-- Dumping data for table `bank_details`
--

INSERT INTO `bank_details` (`id`, `name_account`, `recipient`, `beneficiary_bank_country_id`, `currency_id`, `beneficiary_bank_name`, `beneficiary_bank_swift_code`, `beneficiary_bank_address`, `beneficiary_bank_account`, `correspondent_bank_name`, `correspondent_bank_swift_code`, `correspondent_bank_address`, `correspondent_bank_account`, `purpose_payment`, `client_id`, `bank_name`, `bank_address`, `bik`, `bank_kpp`, `bank_inn`, `receiver_inn`, `receiver_kpp`, `correspondent_account`, `receiver_settlement_account`) VALUES
(11, 'ongue massa.', 'dui. M', 1, 3, '', 'sellus bibend', 'nsectetur ante. Sed auctor, ligula nec faucibus egestas,', 'nean feugiat dui id tortor. Maecenas e', 'iaculis metus euismod faucibus', 'isque et, sapien. Vestibu', 'is nunc, venenatis id, suscipit ut, mattis eget, felis. Do', '', 'Pellentesque adipisc', 20, ', nunc. Maecenas at ligula. Sed porttitor, dolor n', 'porttitor, dolor nec porta elementum, nisl purus', 'In', 'idi', 'ntum. Duis egestas molestie a', '', 'o, porta sit', 'et od', 't mauris. Duis ultrices, to'),
(12, 'mi eu massa. Sed eu augue. C', 'uam aliqu', 3, 2, 'auris tempor vehicula. Sed ullamcorper tellus non ligula.', 'orper a, urna', 'mollis mi semper varius. Intege', 'llentesque laoreet er', 'ementum scelerisque, nulla massa porta nunc, sed dictum mi dia', 'eu neque. Nunc consequat', NULL, 'it, vehicula at, arcu. Morbi neque odio, mollis nec,', 'imentum urna in urna. Nulla in enim. In diam purus, suscipit ut, tincidunt', 7, 'malesuada dictum. Ut velit lectus', NULL, NULL, 'massa. Morbi', NULL, 'a dolor. Vivamus consectetur, q', 'm neq', 'at vulputate velit. Maecenas', 'elementum in, fermentum biben'),
(13, '; Vivamus tincidunt ligula sit am', 'nisl s', 3, 2, 'cus. Morbi', 'est. In', 'stibulum nibh justo, euismod a', 's pellentesque laoreet eros. Aliquam non augue', 'smod a, eleifend ac, viverra', 'acilisi', 'bi fringilla commodo ipsum. Suspen', NULL, 'is nec, lacinia in, elementum non, nisl. Proin ultrices interdum risus. Dui', 20, 'a vestibulum. Mauris volutpat ipsum sit amet qua', 'gittis justo nec nulla', 's. Cur', 'rbi in lorem non purus elemen', NULL, 'is nunc, venenatis id,', 'dignissim metus felis at justo', 'dit faucibu', 'ies nec, imperdiet ac, j'),
(14, 'et, accumsan pretium, consequat eu,', 'get enim ut diam tempu', 3, 1, NULL, 'orci. Pellentesque co', 's adipiscing consectetur. Nulla tempor ligula porttitor sapie', 'porttitor. Cras eu neque', NULL, NULL, ', sapien metus dictum felis, a porta magna purus quis pede. Vest', NULL, 's, tempor sed, dictum ut, auctor nec, pu', 20, 'amus eleifend gravida elit. Etiam dolor. Duis rutrum. Donec var', 'Suspendisse nec massa. Morbi scelerisque porttitor est.', 'rd', 'urpis non erat dapib', 'r nec risus. Vi', NULL, NULL, 'gue nibh et justo. Pelle', 'sagittis. Praesent preti'),
(15, 'Curabitur iaculis. Sed augue. Sed sagittis nisl nec lacus', 'ectetur adipiscing elit. Cras ultricies euismod nisi.', 2, 3, 'Donec varius. Aliquam aliquet', 'm n', NULL, NULL, NULL, NULL, ', erat. Vivamus fermentum. Duis egestas molest', NULL, 'lis lacus, eget sodales purus neque a neque. In imperdiet, nibh sed ferment', 20, 'tus a, lacus. Nam', 'urabi', 'pharetra', 'fermentum ne', NULL, 'it amet quam.', 'pien. Maecenas luctus', 'aculis interdum. Vestibulum l', 'assa ul');

-- --------------------------------------------------------

--
-- Table structure for table `client`
--

CREATE TABLE IF NOT EXISTS `client` (
  `id` bigint(20) NOT NULL AUTO_INCREMENT,
  `name` varchar(128) COLLATE utf8_unicode_ci NOT NULL,
  `surname` varchar(128) COLLATE utf8_unicode_ci NOT NULL,
  `patronymic` varchar(128) COLLATE utf8_unicode_ci NOT NULL,
  `birth_date` date NOT NULL,
  `birth_place` varchar(128) COLLATE utf8_unicode_ci NOT NULL,
  `post_address` varchar(128) COLLATE utf8_unicode_ci NOT NULL,
  `passport_scan` varchar(128) COLLATE utf8_unicode_ci DEFAULT NULL,
  `country_id` bigint(20) NOT NULL,
  `is_resident` tinyint(1) NOT NULL DEFAULT '1',
  `passport_series` text COLLATE utf8_unicode_ci NOT NULL,
  `passport_number` text COLLATE utf8_unicode_ci NOT NULL,
  `passport_date` date NOT NULL,
  `registration` varchar(128) COLLATE utf8_unicode_ci NOT NULL,
  `inn` varchar(32) COLLATE utf8_unicode_ci NOT NULL,
  `phone_sms_info` varchar(32) COLLATE utf8_unicode_ci NOT NULL,
  `email` varchar(128) COLLATE utf8_unicode_ci NOT NULL,
  `company` varchar(128) COLLATE utf8_unicode_ci NOT NULL,
  `dm_user_id` bigint(20) NOT NULL,
  `login` varchar(128) COLLATE utf8_unicode_ci NOT NULL,
  `place_of_issue` varchar(128) COLLATE utf8_unicode_ci NOT NULL,
  PRIMARY KEY (`id`),
  UNIQUE KEY `email` (`email`),
  KEY `client_country_id_idx` (`country_id`),
  KEY `client_dm_user_id_idx` (`dm_user_id`)
) ENGINE=InnoDB  DEFAULT CHARSET=utf8 COLLATE=utf8_unicode_ci AUTO_INCREMENT=21 ;

--
-- Dumping data for table `client`
--

INSERT INTO `client` (`id`, `name`, `surname`, `patronymic`, `birth_date`, `birth_place`, `post_address`, `passport_scan`, `country_id`, `is_resident`, `passport_series`, `passport_number`, `passport_date`, `registration`, `inn`, `phone_sms_info`, `email`, `company`, `dm_user_id`, `login`, `place_of_issue`) VALUES
(7, 'm pede fringilla ', 'endisse', 'auctor et,', '2009-03-21', 'ctus et, euismod sit amet, cu', 'aculis vitae, porttitor ac, viverra nec, neque', 'onec pellentesque, eros in e', 3, 1, 'ulis interd', 'nim faucibus', '2010-06-16', 'asellus trist', 'nec et libero. Duis feugi', '+1 231 231-23-12', 'piej ger risus neque, interdum facilisis, pulvinar id, dictum consequ', 'nissim', 3, 'client1', 'asdfasdf'),
(20, 'Иван', 'Иванов', 'Иванович', '1993-01-01', 'ubia nostra, per inceptos himenaeos. Etiam a', 'din. Vestibulum ante ipsum primis in faucibus orci luctus et ul', '/uploads/scans/scan.jpg', 1, 1, 'on ligula. Quisque odio. Nullam nisi nu', 'ictum consequat, massa. Cras at ante ac sapien vive', '2013-08-08', 'lor. Sed id nisl ac erat adipi', 'na.', '+8 123 123-12-34', 'hedge.smrgl@gmail.com', 'm primis in faucibus orci luctus et ultri', 2, 'client2', 'sddfgsdfg');

-- --------------------------------------------------------

--
-- Table structure for table `country`
--

CREATE TABLE IF NOT EXISTS `country` (
  `id` bigint(20) NOT NULL AUTO_INCREMENT,
  `name` varchar(128) COLLATE utf8_unicode_ci NOT NULL,
  PRIMARY KEY (`id`)
) ENGINE=InnoDB  DEFAULT CHARSET=utf8 COLLATE=utf8_unicode_ci AUTO_INCREMENT=4 ;

--
-- Dumping data for table `country`
--

INSERT INTO `country` (`id`, `name`) VALUES
(1, 'Россия'),
(2, 'Франция'),
(3, 'Швейцария');

-- --------------------------------------------------------

--
-- Table structure for table `currency`
--

CREATE TABLE IF NOT EXISTS `currency` (
  `id` bigint(20) NOT NULL AUTO_INCREMENT,
  `name` varchar(128) COLLATE utf8_unicode_ci NOT NULL,
  `sign` varchar(5) COLLATE utf8_unicode_ci NOT NULL,
  PRIMARY KEY (`id`)
) ENGINE=InnoDB  DEFAULT CHARSET=utf8 COLLATE=utf8_unicode_ci AUTO_INCREMENT=4 ;

--
-- Dumping data for table `currency`
--

INSERT INTO `currency` (`id`, `name`, `sign`) VALUES
(1, 'USD', '$'),
(2, 'RUR', 'руб.'),
(3, 'JPY', '¥');

-- --------------------------------------------------------

--
-- Table structure for table `dm_area`
--

CREATE TABLE IF NOT EXISTS `dm_area` (
  `id` bigint(20) NOT NULL AUTO_INCREMENT,
  `dm_layout_id` bigint(20) DEFAULT NULL,
  `dm_page_view_id` bigint(20) DEFAULT NULL,
  `type` varchar(255) COLLATE utf8_unicode_ci NOT NULL,
  PRIMARY KEY (`id`),
  KEY `dm_layout_id_idx` (`dm_layout_id`),
  KEY `dm_page_view_id_idx` (`dm_page_view_id`)
) ENGINE=InnoDB  DEFAULT CHARSET=utf8 COLLATE=utf8_unicode_ci AUTO_INCREMENT=50 ;

--
-- Dumping data for table `dm_area`
--

INSERT INTO `dm_area` (`id`, `dm_layout_id`, `dm_page_view_id`, `type`) VALUES
(1, NULL, 2, '1'),
(2, NULL, 3, '1'),
(3, 1, NULL, 'top'),
(4, 1, NULL, 'left'),
(5, NULL, 1, 'content'),
(6, 1, NULL, 'right'),
(7, 1, NULL, 'bottom'),
(8, NULL, 2, 'content'),
(9, NULL, 4, 'content'),
(10, NULL, 5, 'content'),
(11, NULL, 6, 'content'),
(12, NULL, 7, 'content'),
(13, NULL, 8, 'content'),
(14, NULL, 9, 'content'),
(15, NULL, 10, 'content'),
(16, NULL, 11, 'content'),
(17, NULL, 12, 'content'),
(18, 4, NULL, 'top'),
(19, 4, NULL, 'left'),
(20, 4, NULL, 'right'),
(21, 4, NULL, 'bottom'),
(22, 2, NULL, 'top'),
(23, 2, NULL, 'left'),
(24, 2, NULL, 'right'),
(25, 2, NULL, 'bottom'),
(26, NULL, 13, 'content'),
(27, NULL, 14, 'content'),
(28, NULL, 15, 'content'),
(29, NULL, 16, 'content'),
(30, NULL, 17, 'content'),
(31, NULL, 18, 'content'),
(32, NULL, 19, 'content'),
(33, NULL, 20, 'content'),
(34, NULL, 21, 'content'),
(35, NULL, 22, 'content'),
(36, NULL, 23, 'content'),
(37, NULL, 24, 'content'),
(38, NULL, 25, 'content'),
(39, NULL, 26, 'content'),
(40, NULL, 27, 'content'),
(41, NULL, 28, 'content'),
(42, NULL, 29, 'content'),
(43, NULL, 30, 'content'),
(44, NULL, 3, 'content'),
(45, NULL, 33, 'content'),
(46, 6, NULL, 'top'),
(47, 6, NULL, 'left'),
(48, 6, NULL, 'right'),
(49, 6, NULL, 'bottom');

-- --------------------------------------------------------

--
-- Table structure for table `dm_auto_seo`
--

CREATE TABLE IF NOT EXISTS `dm_auto_seo` (
  `id` bigint(20) NOT NULL AUTO_INCREMENT,
  `module` varchar(127) COLLATE utf8_unicode_ci NOT NULL,
  `action` varchar(127) COLLATE utf8_unicode_ci NOT NULL,
  `created_at` datetime NOT NULL,
  `updated_at` datetime NOT NULL,
  PRIMARY KEY (`id`),
  UNIQUE KEY `dmAutoSeoModuleAction_idx` (`module`,`action`)
) ENGINE=InnoDB DEFAULT CHARSET=utf8 COLLATE=utf8_unicode_ci AUTO_INCREMENT=1 ;

-- --------------------------------------------------------

--
-- Table structure for table `dm_auto_seo_translation`
--

CREATE TABLE IF NOT EXISTS `dm_auto_seo_translation` (
  `id` bigint(20) NOT NULL DEFAULT '0',
  `slug` varchar(255) COLLATE utf8_unicode_ci NOT NULL,
  `name` varchar(255) COLLATE utf8_unicode_ci NOT NULL,
  `title` varchar(255) COLLATE utf8_unicode_ci NOT NULL,
  `h1` varchar(255) COLLATE utf8_unicode_ci DEFAULT NULL,
  `description` varchar(255) COLLATE utf8_unicode_ci DEFAULT NULL,
  `keywords` varchar(255) COLLATE utf8_unicode_ci DEFAULT NULL,
  `strip_words` text COLLATE utf8_unicode_ci,
  `lang` char(7) COLLATE utf8_unicode_ci NOT NULL DEFAULT '',
  PRIMARY KEY (`id`,`lang`)
) ENGINE=InnoDB DEFAULT CHARSET=utf8 COLLATE=utf8_unicode_ci;

-- --------------------------------------------------------

--
-- Table structure for table `dm_catalogue`
--

CREATE TABLE IF NOT EXISTS `dm_catalogue` (
  `id` bigint(20) NOT NULL AUTO_INCREMENT,
  `name` varchar(255) COLLATE utf8_unicode_ci NOT NULL,
  `source_lang` varchar(15) COLLATE utf8_unicode_ci NOT NULL,
  `target_lang` varchar(15) COLLATE utf8_unicode_ci NOT NULL,
  PRIMARY KEY (`id`)
) ENGINE=InnoDB DEFAULT CHARSET=utf8 COLLATE=utf8_unicode_ci AUTO_INCREMENT=1 ;

-- --------------------------------------------------------

--
-- Table structure for table `dm_error`
--

CREATE TABLE IF NOT EXISTS `dm_error` (
  `id` bigint(20) NOT NULL AUTO_INCREMENT,
  `php_class` varchar(127) COLLATE utf8_unicode_ci NOT NULL,
  `name` varchar(255) COLLATE utf8_unicode_ci NOT NULL,
  `description` text COLLATE utf8_unicode_ci,
  `module` varchar(127) COLLATE utf8_unicode_ci DEFAULT NULL,
  `action` varchar(127) COLLATE utf8_unicode_ci DEFAULT NULL,
  `uri` varchar(255) COLLATE utf8_unicode_ci NOT NULL,
  `env` varchar(63) COLLATE utf8_unicode_ci NOT NULL,
  `created_at` datetime NOT NULL,
  PRIMARY KEY (`id`)
) ENGINE=InnoDB  DEFAULT CHARSET=utf8 COLLATE=utf8_unicode_ci AUTO_INCREMENT=140 ;

--
-- Dumping data for table `dm_error`
--

INSERT INTO `dm_error` (`id`, `php_class`, `name`, `description`, `module`, `action`, `uri`, `env`, `created_at`) VALUES
(105, 'Exception', 'Failed to create file upload directory "/home/user/projects/diffco/web/uploads/scans/9cf3fc035d83a4f960ba94696cbafd3fa2e199dc".', 'Failed to create file upload directory "/home/user/projects/diffco/web/uploads/scans/9cf3fc035d83a4f960ba94696cbafd3fa2e199dc".\n#0 /home/user/projects/diffco/apps/front/modules/client/lib/ClientPassportDataFeedbackForm.class.php(103): sfValidatedFile->save(''/home/user/proj...'')\n#1 /home/user/projects/diffco/apps/front/modules/client/lib/ClientPassportDataFeedbackForm.class.php(78): ClientPassportDataFeedbackForm->getFile(Object(sfValidatedFile))\n#2 /home/user/projects/diffco/apps/front/modules/client/actions/actions.class.php(24): ClientPassportDataFeedbackForm->sendMailForManager()\n#3 /home/user/projects/diffco/cache/front/prod/config/config_core_compile.yml.php(459): clientActions->executeSendPersonalData(Object(dmWebRequest))\n#4 /home/user/projects/diffco/cache/front/prod/config/config_core_compile.yml.php(952): sfActions->execute(Object(dmWebRequest))\n#5 /home/user/projects/diffco/cache/front/prod/config/config_core_compile.yml.php(947): sfExecutionFilter->executeAction(Object(clientActions))\n#6 /home/user/projects/diffco/cache/front/prod/config/config_core_compile.yml.php(933): sfExecutionFilter->handleAction(Object(sfFilterChain), Object(clientActions))\n#7 /home/user/projects/diffco/cache/front/prod/config/config_core_compile.yml.php(1031): sfExecutionFilter->execute(Object(sfFilterChain))\n#8 /home/user/projects/diffco/lib/vendor/diem/symfony/lib/filter/sfCacheFilter.class.php(65): sfFilterChain->execute()\n#9 /home/user/projects/diffco/cache/front/prod/config/config_core_compile.yml.php(1031): sfCacheFilter->execute(Object(sfFilterChain))\n#10 /home/user/projects/diffco/lib/vendor/diem/dmFrontPlugin/lib/filter/dmFrontInitFilter.php(34): sfFilterChain->execute()\n#11 /home/user/projects/diffco/cache/front/prod/config/config_core_compile.yml.php(1031): dmFrontInitFilter->execute(Object(sfFilterChain))\n#12 /home/user/projects/diffco/lib/vendor/diem/dmCorePlugin/plugins/dmUserPlugin/lib/dmRememberMeFilter.class.php(56): sfFilterChain->execute()\n#13 /home/user/projects/diffco/cache/front/prod/config/config_core_compile.yml.php(1031): dmRememberMeFilter->execute(Object(sfFilterChain))\n#14 /home/user/projects/diffco/cache/front/prod/config/config_core_compile.yml.php(995): sfFilterChain->execute()\n#15 /home/user/projects/diffco/cache/front/prod/config/config_core_compile.yml.php(1031): sfRenderingFilter->execute(Object(sfFilterChain))\n#16 /home/user/projects/diffco/cache/front/prod/config/config_core_compile.yml.php(665): sfFilterChain->execute()\n#17 /home/user/projects/diffco/lib/vendor/diem/dmCorePlugin/lib/controller/dmFrontWebController.php(38): sfController->forward(''client'', ''sendPersonalDat...'')\n#18 /home/user/projects/diffco/lib/vendor/diem/dmCorePlugin/lib/context/dmContext.php(290): dmFrontWebController->dispatch()\n#19 /home/user/projects/diffco/web/index.php(7): dmContext->dispatch()\n#20 {main}', 'client', 'sendPersonalData', 'http://diffco.local/+/client/sendPersonalData', 'prod', '2015-02-06 11:08:29'),
(106, 'Exception', 'Failed to create file upload directory "/home/user/projects/diffco/web/uploads/scans/1c6cb4c333f3ac5c8375d221c6ecabf67b96e833".', 'Failed to create file upload directory "/home/user/projects/diffco/web/uploads/scans/1c6cb4c333f3ac5c8375d221c6ecabf67b96e833".\n#0 /home/user/projects/diffco/apps/front/modules/client/lib/ClientPassportDataFeedbackForm.class.php(103): sfValidatedFile->save(''/home/user/proj...'')\n#1 /home/user/projects/diffco/apps/front/modules/client/lib/ClientPassportDataFeedbackForm.class.php(78): ClientPassportDataFeedbackForm->getFile(Object(sfValidatedFile))\n#2 /home/user/projects/diffco/apps/front/modules/client/actions/actions.class.php(24): ClientPassportDataFeedbackForm->sendMailForManager()\n#3 /home/user/projects/diffco/cache/front/prod/config/config_core_compile.yml.php(459): clientActions->executeSendPersonalData(Object(dmWebRequest))\n#4 /home/user/projects/diffco/cache/front/prod/config/config_core_compile.yml.php(952): sfActions->execute(Object(dmWebRequest))\n#5 /home/user/projects/diffco/cache/front/prod/config/config_core_compile.yml.php(947): sfExecutionFilter->executeAction(Object(clientActions))\n#6 /home/user/projects/diffco/cache/front/prod/config/config_core_compile.yml.php(933): sfExecutionFilter->handleAction(Object(sfFilterChain), Object(clientActions))\n#7 /home/user/projects/diffco/cache/front/prod/config/config_core_compile.yml.php(1031): sfExecutionFilter->execute(Object(sfFilterChain))\n#8 /home/user/projects/diffco/lib/vendor/diem/symfony/lib/filter/sfCacheFilter.class.php(65): sfFilterChain->execute()\n#9 /home/user/projects/diffco/cache/front/prod/config/config_core_compile.yml.php(1031): sfCacheFilter->execute(Object(sfFilterChain))\n#10 /home/user/projects/diffco/lib/vendor/diem/dmFrontPlugin/lib/filter/dmFrontInitFilter.php(34): sfFilterChain->execute()\n#11 /home/user/projects/diffco/cache/front/prod/config/config_core_compile.yml.php(1031): dmFrontInitFilter->execute(Object(sfFilterChain))\n#12 /home/user/projects/diffco/lib/vendor/diem/dmCorePlugin/plugins/dmUserPlugin/lib/dmRememberMeFilter.class.php(56): sfFilterChain->execute()\n#13 /home/user/projects/diffco/cache/front/prod/config/config_core_compile.yml.php(1031): dmRememberMeFilter->execute(Object(sfFilterChain))\n#14 /home/user/projects/diffco/cache/front/prod/config/config_core_compile.yml.php(995): sfFilterChain->execute()\n#15 /home/user/projects/diffco/cache/front/prod/config/config_core_compile.yml.php(1031): sfRenderingFilter->execute(Object(sfFilterChain))\n#16 /home/user/projects/diffco/cache/front/prod/config/config_core_compile.yml.php(665): sfFilterChain->execute()\n#17 /home/user/projects/diffco/lib/vendor/diem/dmCorePlugin/lib/controller/dmFrontWebController.php(38): sfController->forward(''client'', ''sendPersonalDat...'')\n#18 /home/user/projects/diffco/lib/vendor/diem/dmCorePlugin/lib/context/dmContext.php(290): dmFrontWebController->dispatch()\n#19 /home/user/projects/diffco/web/index.php(7): dmContext->dispatch()\n#20 {main}', 'client', 'sendPersonalData', 'http://diffco.local/+/client/sendPersonalData', 'prod', '2015-02-06 11:08:40'),
(107, 'Exception', 'Failed to create file upload directory "/home/user/projects/diffco/web/uploads/scans/539e8828066f276c569a4ed3f50eb2cb00b729a7".', 'Failed to create file upload directory "/home/user/projects/diffco/web/uploads/scans/539e8828066f276c569a4ed3f50eb2cb00b729a7".\n#0 /home/user/projects/diffco/apps/front/modules/client/lib/ClientPassportDataFeedbackForm.class.php(103): sfValidatedFile->save(''/home/user/proj...'')\n#1 /home/user/projects/diffco/apps/front/modules/client/lib/ClientPassportDataFeedbackForm.class.php(78): ClientPassportDataFeedbackForm->getFile(Object(sfValidatedFile))\n#2 /home/user/projects/diffco/apps/front/modules/client/actions/actions.class.php(24): ClientPassportDataFeedbackForm->sendMailForManager()\n#3 /home/user/projects/diffco/cache/front/prod/config/config_core_compile.yml.php(459): clientActions->executeSendPersonalData(Object(dmWebRequest))\n#4 /home/user/projects/diffco/cache/front/prod/config/config_core_compile.yml.php(952): sfActions->execute(Object(dmWebRequest))\n#5 /home/user/projects/diffco/cache/front/prod/config/config_core_compile.yml.php(947): sfExecutionFilter->executeAction(Object(clientActions))\n#6 /home/user/projects/diffco/cache/front/prod/config/config_core_compile.yml.php(933): sfExecutionFilter->handleAction(Object(sfFilterChain), Object(clientActions))\n#7 /home/user/projects/diffco/cache/front/prod/config/config_core_compile.yml.php(1031): sfExecutionFilter->execute(Object(sfFilterChain))\n#8 /home/user/projects/diffco/lib/vendor/diem/symfony/lib/filter/sfCacheFilter.class.php(65): sfFilterChain->execute()\n#9 /home/user/projects/diffco/cache/front/prod/config/config_core_compile.yml.php(1031): sfCacheFilter->execute(Object(sfFilterChain))\n#10 /home/user/projects/diffco/lib/vendor/diem/dmFrontPlugin/lib/filter/dmFrontInitFilter.php(34): sfFilterChain->execute()\n#11 /home/user/projects/diffco/cache/front/prod/config/config_core_compile.yml.php(1031): dmFrontInitFilter->execute(Object(sfFilterChain))\n#12 /home/user/projects/diffco/lib/vendor/diem/dmCorePlugin/plugins/dmUserPlugin/lib/dmRememberMeFilter.class.php(56): sfFilterChain->execute()\n#13 /home/user/projects/diffco/cache/front/prod/config/config_core_compile.yml.php(1031): dmRememberMeFilter->execute(Object(sfFilterChain))\n#14 /home/user/projects/diffco/cache/front/prod/config/config_core_compile.yml.php(995): sfFilterChain->execute()\n#15 /home/user/projects/diffco/cache/front/prod/config/config_core_compile.yml.php(1031): sfRenderingFilter->execute(Object(sfFilterChain))\n#16 /home/user/projects/diffco/cache/front/prod/config/config_core_compile.yml.php(665): sfFilterChain->execute()\n#17 /home/user/projects/diffco/lib/vendor/diem/dmCorePlugin/lib/controller/dmFrontWebController.php(38): sfController->forward(''client'', ''sendPersonalDat...'')\n#18 /home/user/projects/diffco/lib/vendor/diem/dmCorePlugin/lib/context/dmContext.php(290): dmFrontWebController->dispatch()\n#19 /home/user/projects/diffco/web/index.php(7): dmContext->dispatch()\n#20 {main}', 'client', 'sendPersonalData', 'http://diffco.local/+/client/sendPersonalData', 'prod', '2015-02-06 11:09:21'),
(108, 'Exception', 'Failed to create file upload directory "/home/user/projects/diffco/web/uploads/scans/7bb5b94df180c589126071a4a89637104f18f55b".', 'Failed to create file upload directory "/home/user/projects/diffco/web/uploads/scans/7bb5b94df180c589126071a4a89637104f18f55b".\n#0 /home/user/projects/diffco/apps/front/modules/client/lib/ClientPassportDataFeedbackForm.class.php(103): sfValidatedFile->save(''/home/user/proj...'')\n#1 /home/user/projects/diffco/apps/front/modules/client/lib/ClientPassportDataFeedbackForm.class.php(78): ClientPassportDataFeedbackForm->getFile(Object(sfValidatedFile))\n#2 /home/user/projects/diffco/apps/front/modules/client/actions/actions.class.php(24): ClientPassportDataFeedbackForm->sendMailForManager()\n#3 /home/user/projects/diffco/lib/vendor/diem/symfony/lib/action/sfActions.class.php(60): clientActions->executeSendPersonalData(Object(dmWebRequest))\n#4 /home/user/projects/diffco/lib/vendor/diem/symfony/lib/filter/sfExecutionFilter.class.php(92): sfActions->execute(Object(dmWebRequest))\n#5 /home/user/projects/diffco/lib/vendor/diem/symfony/lib/filter/sfExecutionFilter.class.php(78): sfExecutionFilter->executeAction(Object(clientActions))\n#6 /home/user/projects/diffco/lib/vendor/diem/symfony/lib/filter/sfExecutionFilter.class.php(42): sfExecutionFilter->handleAction(Object(sfFilterChain), Object(clientActions))\n#7 /home/user/projects/diffco/lib/vendor/diem/symfony/lib/filter/sfFilterChain.class.php(53): sfExecutionFilter->execute(Object(sfFilterChain))\n#8 /home/user/projects/diffco/lib/vendor/diem/dmFrontPlugin/lib/filter/dmFrontInitFilter.php(34): sfFilterChain->execute()\n#9 /home/user/projects/diffco/lib/vendor/diem/symfony/lib/filter/sfFilterChain.class.php(53): dmFrontInitFilter->execute(Object(sfFilterChain))\n#10 /home/user/projects/diffco/lib/vendor/diem/dmCorePlugin/plugins/dmUserPlugin/lib/dmRememberMeFilter.class.php(56): sfFilterChain->execute()\n#11 /home/user/projects/diffco/lib/vendor/diem/symfony/lib/filter/sfFilterChain.class.php(53): dmRememberMeFilter->execute(Object(sfFilterChain))\n#12 /home/user/projects/diffco/lib/vendor/diem/symfony/lib/filter/sfRenderingFilter.class.php(33): sfFilterChain->execute()\n#13 /home/user/projects/diffco/lib/vendor/diem/symfony/lib/filter/sfFilterChain.class.php(53): sfRenderingFilter->execute(Object(sfFilterChain))\n#14 /home/user/projects/diffco/lib/vendor/diem/symfony/lib/controller/sfController.class.php(238): sfFilterChain->execute()\n#15 /home/user/projects/diffco/lib/vendor/diem/dmCorePlugin/lib/controller/dmFrontWebController.php(38): sfController->forward(''client'', ''sendPersonalDat...'')\n#16 /home/user/projects/diffco/lib/vendor/diem/dmCorePlugin/lib/context/dmContext.php(290): dmFrontWebController->dispatch()\n#17 /home/user/projects/diffco/web/dev.php(7): dmContext->dispatch()\n#18 {main}', 'client', 'sendPersonalData', 'http://diffco.local/dev.php/+/client/sendPersonalData', 'dev', '2015-02-06 11:09:51'),
(109, 'Exception', 'Failed to create file upload directory "/home/user/projects/diffco/web/uploads/scans/62043837a5e06aa7010386a89bd8f42308459236".', 'Failed to create file upload directory "/home/user/projects/diffco/web/uploads/scans/62043837a5e06aa7010386a89bd8f42308459236".\n#0 /home/user/projects/diffco/apps/front/modules/client/lib/ClientPassportDataFeedbackForm.class.php(103): sfValidatedFile->save(''/home/user/proj...'')\n#1 /home/user/projects/diffco/apps/front/modules/client/lib/ClientPassportDataFeedbackForm.class.php(78): ClientPassportDataFeedbackForm->getFile(Object(sfValidatedFile))\n#2 /home/user/projects/diffco/apps/front/modules/client/actions/actions.class.php(24): ClientPassportDataFeedbackForm->sendMailForManager()\n#3 /home/user/projects/diffco/lib/vendor/diem/symfony/lib/action/sfActions.class.php(60): clientActions->executeSendPersonalData(Object(dmWebRequest))\n#4 /home/user/projects/diffco/lib/vendor/diem/symfony/lib/filter/sfExecutionFilter.class.php(92): sfActions->execute(Object(dmWebRequest))\n#5 /home/user/projects/diffco/lib/vendor/diem/symfony/lib/filter/sfExecutionFilter.class.php(78): sfExecutionFilter->executeAction(Object(clientActions))\n#6 /home/user/projects/diffco/lib/vendor/diem/symfony/lib/filter/sfExecutionFilter.class.php(42): sfExecutionFilter->handleAction(Object(sfFilterChain), Object(clientActions))\n#7 /home/user/projects/diffco/lib/vendor/diem/symfony/lib/filter/sfFilterChain.class.php(53): sfExecutionFilter->execute(Object(sfFilterChain))\n#8 /home/user/projects/diffco/lib/vendor/diem/dmFrontPlugin/lib/filter/dmFrontInitFilter.php(34): sfFilterChain->execute()\n#9 /home/user/projects/diffco/lib/vendor/diem/symfony/lib/filter/sfFilterChain.class.php(53): dmFrontInitFilter->execute(Object(sfFilterChain))\n#10 /home/user/projects/diffco/lib/vendor/diem/dmCorePlugin/plugins/dmUserPlugin/lib/dmRememberMeFilter.class.php(56): sfFilterChain->execute()\n#11 /home/user/projects/diffco/lib/vendor/diem/symfony/lib/filter/sfFilterChain.class.php(53): dmRememberMeFilter->execute(Object(sfFilterChain))\n#12 /home/user/projects/diffco/lib/vendor/diem/symfony/lib/filter/sfRenderingFilter.class.php(33): sfFilterChain->execute()\n#13 /home/user/projects/diffco/lib/vendor/diem/symfony/lib/filter/sfFilterChain.class.php(53): sfRenderingFilter->execute(Object(sfFilterChain))\n#14 /home/user/projects/diffco/lib/vendor/diem/symfony/lib/controller/sfController.class.php(238): sfFilterChain->execute()\n#15 /home/user/projects/diffco/lib/vendor/diem/dmCorePlugin/lib/controller/dmFrontWebController.php(38): sfController->forward(''client'', ''sendPersonalDat...'')\n#16 /home/user/projects/diffco/lib/vendor/diem/dmCorePlugin/lib/context/dmContext.php(290): dmFrontWebController->dispatch()\n#17 /home/user/projects/diffco/web/dev.php(7): dmContext->dispatch()\n#18 {main}', 'client', 'sendPersonalData', 'http://diffco.local/dev.php/+/client/sendPersonalData', 'dev', '2015-02-06 11:10:42'),
(110, 'sfException', 'Call to undefined method myUser::removeAttribute.', 'Call to undefined method myUser::removeAttribute.\n#0 /home/user/projects/diffco/lib/services/ConfirmCodeService.class.php(38): sfUser->__call(''removeAttribute'', Array)\n#1 /home/user/projects/diffco/lib/services/ConfirmCodeService.class.php(38): myUser->removeAttribute(''confirm_code'')\n#2 /home/user/projects/diffco/apps/front/modules/user/actions/actions.class.php(41): ConfirmCodeService->checkConfirmCode(''7777'')\n#3 /home/user/projects/diffco/lib/vendor/diem/symfony/lib/action/sfActions.class.php(60): userActions->executeCheckConfirmCode(Object(dmWebRequest))\n#4 /home/user/projects/diffco/lib/vendor/diem/symfony/lib/filter/sfExecutionFilter.class.php(92): sfActions->execute(Object(dmWebRequest))\n#5 /home/user/projects/diffco/lib/vendor/diem/symfony/lib/filter/sfExecutionFilter.class.php(78): sfExecutionFilter->executeAction(Object(userActions))\n#6 /home/user/projects/diffco/lib/vendor/diem/symfony/lib/filter/sfExecutionFilter.class.php(42): sfExecutionFilter->handleAction(Object(sfFilterChain), Object(userActions))\n#7 /home/user/projects/diffco/lib/vendor/diem/symfony/lib/filter/sfFilterChain.class.php(53): sfExecutionFilter->execute(Object(sfFilterChain))\n#8 /home/user/projects/diffco/lib/vendor/diem/dmFrontPlugin/lib/filter/dmFrontInitFilter.php(34): sfFilterChain->execute()\n#9 /home/user/projects/diffco/lib/vendor/diem/symfony/lib/filter/sfFilterChain.class.php(53): dmFrontInitFilter->execute(Object(sfFilterChain))\n#10 /home/user/projects/diffco/lib/vendor/diem/dmCorePlugin/plugins/dmUserPlugin/lib/dmRememberMeFilter.class.php(56): sfFilterChain->execute()\n#11 /home/user/projects/diffco/lib/vendor/diem/symfony/lib/filter/sfFilterChain.class.php(53): dmRememberMeFilter->execute(Object(sfFilterChain))\n#12 /home/user/projects/diffco/lib/vendor/diem/symfony/lib/filter/sfRenderingFilter.class.php(33): sfFilterChain->execute()\n#13 /home/user/projects/diffco/lib/vendor/diem/symfony/lib/filter/sfFilterChain.class.php(53): sfRenderingFilter->execute(Object(sfFilterChain))\n#14 /home/user/projects/diffco/lib/vendor/diem/symfony/lib/controller/sfController.class.php(238): sfFilterChain->execute()\n#15 /home/user/projects/diffco/lib/vendor/diem/dmCorePlugin/lib/controller/dmFrontWebController.php(38): sfController->forward(''user'', ''checkConfirmCod...'')\n#16 /home/user/projects/diffco/lib/vendor/diem/dmCorePlugin/lib/context/dmContext.php(290): dmFrontWebController->dispatch()\n#17 /home/user/projects/diffco/web/dev.php(7): dmContext->dispatch()\n#18 {main}', 'user', 'checkConfirmCode', 'http://diffco.local/dev.php/+/user/checkConfirmCode', 'dev', '2015-02-06 15:12:30'),
(111, 'sfException', 'Call to undefined method myUser::removeAttribute.', 'Call to undefined method myUser::removeAttribute.\n#0 /home/user/projects/diffco/lib/services/ConfirmCodeService.class.php(41): sfUser->__call(''removeAttribute'', Array)\n#1 /home/user/projects/diffco/lib/services/ConfirmCodeService.class.php(41): myUser->removeAttribute(''confirm_code'')\n#2 /home/user/projects/diffco/apps/front/modules/user/actions/actions.class.php(41): ConfirmCodeService->checkConfirmCode(''7777'')\n#3 /home/user/projects/diffco/lib/vendor/diem/symfony/lib/action/sfActions.class.php(60): userActions->executeCheckConfirmCode(Object(dmWebRequest))\n#4 /home/user/projects/diffco/lib/vendor/diem/symfony/lib/filter/sfExecutionFilter.class.php(92): sfActions->execute(Object(dmWebRequest))\n#5 /home/user/projects/diffco/lib/vendor/diem/symfony/lib/filter/sfExecutionFilter.class.php(78): sfExecutionFilter->executeAction(Object(userActions))\n#6 /home/user/projects/diffco/lib/vendor/diem/symfony/lib/filter/sfExecutionFilter.class.php(42): sfExecutionFilter->handleAction(Object(sfFilterChain), Object(userActions))\n#7 /home/user/projects/diffco/lib/vendor/diem/symfony/lib/filter/sfFilterChain.class.php(53): sfExecutionFilter->execute(Object(sfFilterChain))\n#8 /home/user/projects/diffco/lib/vendor/diem/dmFrontPlugin/lib/filter/dmFrontInitFilter.php(34): sfFilterChain->execute()\n#9 /home/user/projects/diffco/lib/vendor/diem/symfony/lib/filter/sfFilterChain.class.php(53): dmFrontInitFilter->execute(Object(sfFilterChain))\n#10 /home/user/projects/diffco/lib/vendor/diem/dmCorePlugin/plugins/dmUserPlugin/lib/dmRememberMeFilter.class.php(56): sfFilterChain->execute()\n#11 /home/user/projects/diffco/lib/vendor/diem/symfony/lib/filter/sfFilterChain.class.php(53): dmRememberMeFilter->execute(Object(sfFilterChain))\n#12 /home/user/projects/diffco/lib/vendor/diem/symfony/lib/filter/sfRenderingFilter.class.php(33): sfFilterChain->execute()\n#13 /home/user/projects/diffco/lib/vendor/diem/symfony/lib/filter/sfFilterChain.class.php(53): sfRenderingFilter->execute(Object(sfFilterChain))\n#14 /home/user/projects/diffco/lib/vendor/diem/symfony/lib/controller/sfController.class.php(238): sfFilterChain->execute()\n#15 /home/user/projects/diffco/lib/vendor/diem/dmCorePlugin/lib/controller/dmFrontWebController.php(38): sfController->forward(''user'', ''checkConfirmCod...'')\n#16 /home/user/projects/diffco/lib/vendor/diem/dmCorePlugin/lib/context/dmContext.php(290): dmFrontWebController->dispatch()\n#17 /home/user/projects/diffco/web/dev.php(7): dmContext->dispatch()\n#18 {main}', 'user', 'checkConfirmCode', 'http://diffco.local/dev.php/+/user/checkConfirmCode', 'dev', '2015-02-06 15:14:27'),
(112, 'sfRenderException', 'The template "renderBankDetailsFormSuccess.php" does not exist or is unreadable in "".', 'The template "renderBankDetailsFormSuccess.php" does not exist or is unreadable in "".\n#0 /home/user/projects/diffco/lib/vendor/diem/symfony/lib/view/sfPHPView.class.php(180): sfView->preRenderCheck()\n#1 /home/user/projects/diffco/lib/vendor/diem/symfony/lib/filter/sfExecutionFilter.class.php(155): sfPHPView->render()\n#2 /home/user/projects/diffco/lib/vendor/diem/symfony/lib/filter/sfExecutionFilter.class.php(116): sfExecutionFilter->executeView(''client'', ''renderBankDetai...'', ''Success'', Array)\n#3 /home/user/projects/diffco/lib/vendor/diem/symfony/lib/filter/sfExecutionFilter.class.php(47): sfExecutionFilter->handleView(Object(sfFilterChain), Object(clientActions), ''Success'')\n#4 /home/user/projects/diffco/lib/vendor/diem/symfony/lib/filter/sfFilterChain.class.php(53): sfExecutionFilter->execute(Object(sfFilterChain))\n#5 /home/user/projects/diffco/lib/vendor/diem/dmFrontPlugin/lib/filter/dmFrontInitFilter.php(34): sfFilterChain->execute()\n#6 /home/user/projects/diffco/lib/vendor/diem/symfony/lib/filter/sfFilterChain.class.php(53): dmFrontInitFilter->execute(Object(sfFilterChain))\n#7 /home/user/projects/diffco/lib/vendor/diem/dmCorePlugin/plugins/dmUserPlugin/lib/dmRememberMeFilter.class.php(56): sfFilterChain->execute()\n#8 /home/user/projects/diffco/lib/vendor/diem/symfony/lib/filter/sfFilterChain.class.php(53): dmRememberMeFilter->execute(Object(sfFilterChain))\n#9 /home/user/projects/diffco/lib/vendor/diem/symfony/lib/filter/sfRenderingFilter.class.php(33): sfFilterChain->execute()\n#10 /home/user/projects/diffco/lib/vendor/diem/symfony/lib/filter/sfFilterChain.class.php(53): sfRenderingFilter->execute(Object(sfFilterChain))\n#11 /home/user/projects/diffco/lib/vendor/diem/symfony/lib/controller/sfController.class.php(238): sfFilterChain->execute()\n#12 /home/user/projects/diffco/lib/vendor/diem/dmCorePlugin/lib/controller/dmFrontWebController.php(38): sfController->forward(''client'', ''renderBankDetai...'')\n#13 /home/user/projects/diffco/lib/vendor/diem/dmCorePlugin/lib/context/dmContext.php(290): dmFrontWebController->dispatch()\n#14 /home/user/projects/diffco/web/dev.php(7): dmContext->dispatch()\n#15 {main}', 'client', 'renderBankDetailsForm', 'http://diffco.local/dev.php/+/client/renderBankDetailsForm', 'dev', '2015-02-08 08:39:07'),
(113, 'sfRenderException', 'The template "renderBankDetailsFormSuccess.php" does not exist or is unreadable in "".', 'The template "renderBankDetailsFormSuccess.php" does not exist or is unreadable in "".\n#0 /home/user/projects/diffco/lib/vendor/diem/symfony/lib/view/sfPHPView.class.php(180): sfView->preRenderCheck()\n#1 /home/user/projects/diffco/lib/vendor/diem/symfony/lib/filter/sfExecutionFilter.class.php(155): sfPHPView->render()\n#2 /home/user/projects/diffco/lib/vendor/diem/symfony/lib/filter/sfExecutionFilter.class.php(116): sfExecutionFilter->executeView(''client'', ''renderBankDetai...'', ''Success'', Array)\n#3 /home/user/projects/diffco/lib/vendor/diem/symfony/lib/filter/sfExecutionFilter.class.php(47): sfExecutionFilter->handleView(Object(sfFilterChain), Object(clientActions), ''Success'')\n#4 /home/user/projects/diffco/lib/vendor/diem/symfony/lib/filter/sfFilterChain.class.php(53): sfExecutionFilter->execute(Object(sfFilterChain))\n#5 /home/user/projects/diffco/lib/vendor/diem/dmFrontPlugin/lib/filter/dmFrontInitFilter.php(34): sfFilterChain->execute()\n#6 /home/user/projects/diffco/lib/vendor/diem/symfony/lib/filter/sfFilterChain.class.php(53): dmFrontInitFilter->execute(Object(sfFilterChain))\n#7 /home/user/projects/diffco/lib/vendor/diem/dmCorePlugin/plugins/dmUserPlugin/lib/dmRememberMeFilter.class.php(56): sfFilterChain->execute()\n#8 /home/user/projects/diffco/lib/vendor/diem/symfony/lib/filter/sfFilterChain.class.php(53): dmRememberMeFilter->execute(Object(sfFilterChain))\n#9 /home/user/projects/diffco/lib/vendor/diem/symfony/lib/filter/sfRenderingFilter.class.php(33): sfFilterChain->execute()\n#10 /home/user/projects/diffco/lib/vendor/diem/symfony/lib/filter/sfFilterChain.class.php(53): sfRenderingFilter->execute(Object(sfFilterChain))\n#11 /home/user/projects/diffco/lib/vendor/diem/symfony/lib/controller/sfController.class.php(238): sfFilterChain->execute()\n#12 /home/user/projects/diffco/lib/vendor/diem/dmCorePlugin/lib/controller/dmFrontWebController.php(38): sfController->forward(''client'', ''renderBankDetai...'')\n#13 /home/user/projects/diffco/lib/vendor/diem/dmCorePlugin/lib/context/dmContext.php(290): dmFrontWebController->dispatch()\n#14 /home/user/projects/diffco/web/dev.php(7): dmContext->dispatch()\n#15 {main}', 'client', 'renderBankDetailsForm', 'http://diffco.local/dev.php/+/client/renderBankDetailsForm', 'dev', '2015-02-08 08:39:16'),
(114, 'sfRenderException', 'The decorator template "layout.php" does not exist or is unreadable in "".', 'The decorator template "layout.php" does not exist or is unreadable in "".\n#0 /home/user/projects/diffco/lib/vendor/diem/symfony/lib/view/sfPHPView.class.php(196): sfPHPView->decorate(''<div class="row...'')\n#1 /home/user/projects/diffco/lib/vendor/diem/symfony/lib/filter/sfExecutionFilter.class.php(155): sfPHPView->render()\n#2 /home/user/projects/diffco/lib/vendor/diem/symfony/lib/filter/sfExecutionFilter.class.php(116): sfExecutionFilter->executeView(''client'', ''renderBankDetai...'', ''Success'', Array)\n#3 /home/user/projects/diffco/lib/vendor/diem/symfony/lib/filter/sfExecutionFilter.class.php(47): sfExecutionFilter->handleView(Object(sfFilterChain), Object(clientActions), ''Success'')\n#4 /home/user/projects/diffco/lib/vendor/diem/symfony/lib/filter/sfFilterChain.class.php(53): sfExecutionFilter->execute(Object(sfFilterChain))\n#5 /home/user/projects/diffco/lib/vendor/diem/dmFrontPlugin/lib/filter/dmFrontInitFilter.php(34): sfFilterChain->execute()\n#6 /home/user/projects/diffco/lib/vendor/diem/symfony/lib/filter/sfFilterChain.class.php(53): dmFrontInitFilter->execute(Object(sfFilterChain))\n#7 /home/user/projects/diffco/lib/vendor/diem/dmCorePlugin/plugins/dmUserPlugin/lib/dmRememberMeFilter.class.php(56): sfFilterChain->execute()\n#8 /home/user/projects/diffco/lib/vendor/diem/symfony/lib/filter/sfFilterChain.class.php(53): dmRememberMeFilter->execute(Object(sfFilterChain))\n#9 /home/user/projects/diffco/lib/vendor/diem/symfony/lib/filter/sfRenderingFilter.class.php(33): sfFilterChain->execute()\n#10 /home/user/projects/diffco/lib/vendor/diem/symfony/lib/filter/sfFilterChain.class.php(53): sfRenderingFilter->execute(Object(sfFilterChain))\n#11 /home/user/projects/diffco/lib/vendor/diem/symfony/lib/controller/sfController.class.php(238): sfFilterChain->execute()\n#12 /home/user/projects/diffco/lib/vendor/diem/dmCorePlugin/lib/controller/dmFrontWebController.php(38): sfController->forward(''client'', ''renderBankDetai...'')\n#13 /home/user/projects/diffco/lib/vendor/diem/dmCorePlugin/lib/context/dmContext.php(290): dmFrontWebController->dispatch()\n#14 /home/user/projects/diffco/web/dev.php(7): dmContext->dispatch()\n#15 {main}', 'client', 'renderBankDetailsForm', 'http://diffco.local/dev.php/+/client/renderBankDetailsForm', 'dev', '2015-02-08 08:39:32'),
(115, 'sfRenderException', 'The decorator template "layout.php" does not exist or is unreadable in "".', 'The decorator template "layout.php" does not exist or is unreadable in "".\n#0 /home/user/projects/diffco/lib/vendor/diem/symfony/lib/view/sfPHPView.class.php(196): sfPHPView->decorate(''<div class="row...'')\n#1 /home/user/projects/diffco/lib/vendor/diem/symfony/lib/filter/sfExecutionFilter.class.php(155): sfPHPView->render()\n#2 /home/user/projects/diffco/lib/vendor/diem/symfony/lib/filter/sfExecutionFilter.class.php(116): sfExecutionFilter->executeView(''client'', ''renderBankDetai...'', ''Success'', Array)\n#3 /home/user/projects/diffco/lib/vendor/diem/symfony/lib/filter/sfExecutionFilter.class.php(47): sfExecutionFilter->handleView(Object(sfFilterChain), Object(clientActions), ''Success'')\n#4 /home/user/projects/diffco/lib/vendor/diem/symfony/lib/filter/sfFilterChain.class.php(53): sfExecutionFilter->execute(Object(sfFilterChain))\n#5 /home/user/projects/diffco/lib/vendor/diem/dmFrontPlugin/lib/filter/dmFrontInitFilter.php(34): sfFilterChain->execute()\n#6 /home/user/projects/diffco/lib/vendor/diem/symfony/lib/filter/sfFilterChain.class.php(53): dmFrontInitFilter->execute(Object(sfFilterChain))\n#7 /home/user/projects/diffco/lib/vendor/diem/dmCorePlugin/plugins/dmUserPlugin/lib/dmRememberMeFilter.class.php(56): sfFilterChain->execute()\n#8 /home/user/projects/diffco/lib/vendor/diem/symfony/lib/filter/sfFilterChain.class.php(53): dmRememberMeFilter->execute(Object(sfFilterChain))\n#9 /home/user/projects/diffco/lib/vendor/diem/symfony/lib/filter/sfRenderingFilter.class.php(33): sfFilterChain->execute()\n#10 /home/user/projects/diffco/lib/vendor/diem/symfony/lib/filter/sfFilterChain.class.php(53): sfRenderingFilter->execute(Object(sfFilterChain))\n#11 /home/user/projects/diffco/lib/vendor/diem/symfony/lib/controller/sfController.class.php(238): sfFilterChain->execute()\n#12 /home/user/projects/diffco/lib/vendor/diem/dmCorePlugin/lib/controller/dmFrontWebController.php(38): sfController->forward(''client'', ''renderBankDetai...'')\n#13 /home/user/projects/diffco/lib/vendor/diem/dmCorePlugin/lib/context/dmContext.php(290): dmFrontWebController->dispatch()\n#14 /home/user/projects/diffco/web/dev.php(7): dmContext->dispatch()\n#15 {main}', 'client', 'renderBankDetailsForm', 'http://diffco.local/dev.php/+/client/renderBankDetailsForm', 'dev', '2015-02-08 08:40:52'),
(116, 'Doctrine_Record_UnknownPropertyException', 'Unknown record property / related component "bank_name" on "BankDetails"', 'Unknown record property / related component "bank_name" on "BankDetails"\n#0 /home/user/projects/diffco/lib/vendor/diem/dmCorePlugin/lib/doctrine/record/dmDoctrineRecord.php(741): Doctrine_Record_Filter_Standard->filterGet(Object(BankDetails), ''bank_name'')\n#1 /home/user/projects/diffco/lib/vendor/diem/dmCorePlugin/lib/doctrine/record/dmDoctrineRecord.php(657): dmDoctrineRecord->_get(''bank_name'', true)\n#2 /home/user/projects/diffco/cache/admin/dev/modules/autoBankDetails/templates/_list_td_tabular.php(59): dmDoctrineRecord->get(''bank_name'')\n#3 /home/user/projects/diffco/lib/vendor/diem/symfony/lib/view/sfPHPView.class.php(75): require(''/home/user/proj...'')\n#4 /home/user/projects/diffco/lib/vendor/diem/symfony/lib/view/sfPartialView.class.php(124): sfPHPView->renderFile(''/home/user/proj...'')\n#5 /home/user/projects/diffco/lib/vendor/diem/symfony/lib/helper/PartialHelper.php(218): sfPartialView->render()\n#6 /home/user/projects/diffco/lib/vendor/diem/symfony/lib/helper/PartialHelper.php(180): get_partial(''bankDetails/lis...'', Array)\n#7 /home/user/projects/diffco/cache/admin/dev/modules/autoBankDetails/templates/_list.php(24): include_partial(''bankDetails/lis...'', Array)\n#8 /home/user/projects/diffco/lib/vendor/diem/symfony/lib/view/sfPHPView.class.php(75): require(''/home/user/proj...'')\n#9 /home/user/projects/diffco/lib/vendor/diem/symfony/lib/view/sfPartialView.class.php(124): sfPHPView->renderFile(''/home/user/proj...'')\n#10 /home/user/projects/diffco/lib/vendor/diem/symfony/lib/helper/PartialHelper.php(218): sfPartialView->render()\n#11 /home/user/projects/diffco/lib/vendor/diem/symfony/lib/helper/PartialHelper.php(180): get_partial(''bankDetails/lis...'', Array)\n#12 /home/user/projects/diffco/cache/admin/dev/modules/autoBankDetails/templates/indexSuccess.php(26): include_partial(''bankDetails/lis...'', Array)\n#13 /home/user/projects/diffco/lib/vendor/diem/symfony/lib/view/sfPHPView.class.php(75): require(''/home/user/proj...'')\n#14 /home/user/projects/diffco/lib/vendor/diem/symfony/lib/view/sfPHPView.class.php(185): sfPHPView->renderFile(''/home/user/proj...'')\n#15 /home/user/projects/diffco/lib/vendor/diem/symfony/lib/filter/sfExecutionFilter.class.php(155): sfPHPView->render()\n#16 /home/user/projects/diffco/lib/vendor/diem/symfony/lib/filter/sfExecutionFilter.class.php(116): sfExecutionFilter->executeView(''bankDetails'', ''index'', ''Success'', Array)\n#17 /home/user/projects/diffco/lib/vendor/diem/symfony/lib/filter/sfExecutionFilter.class.php(47): sfExecutionFilter->handleView(Object(sfFilterChain), Object(bankDetailsActions), ''Success'')\n#18 /home/user/projects/diffco/lib/vendor/diem/symfony/lib/filter/sfFilterChain.class.php(53): sfExecutionFilter->execute(Object(sfFilterChain))\n#19 /home/user/projects/diffco/lib/vendor/diem/dmAdminPlugin/lib/filter/dmAdminInitFilter.php(32): sfFilterChain->execute()\n#20 /home/user/projects/diffco/lib/vendor/diem/symfony/lib/filter/sfFilterChain.class.php(53): dmAdminInitFilter->execute(Object(sfFilterChain))\n#21 /home/user/projects/diffco/lib/vendor/diem/symfony/lib/filter/sfBasicSecurityFilter.class.php(72): sfFilterChain->execute()\n#22 /home/user/projects/diffco/lib/vendor/diem/symfony/lib/filter/sfFilterChain.class.php(53): sfBasicSecurityFilter->execute(Object(sfFilterChain))\n#23 /home/user/projects/diffco/lib/vendor/diem/dmCorePlugin/plugins/dmUserPlugin/lib/dmRememberMeFilter.class.php(56): sfFilterChain->execute()\n#24 /home/user/projects/diffco/lib/vendor/diem/symfony/lib/filter/sfFilterChain.class.php(53): dmRememberMeFilter->execute(Object(sfFilterChain))\n#25 /home/user/projects/diffco/lib/vendor/diem/symfony/lib/filter/sfRenderingFilter.class.php(33): sfFilterChain->execute()\n#26 /home/user/projects/diffco/lib/vendor/diem/symfony/lib/filter/sfFilterChain.class.php(53): sfRenderingFilter->execute(Object(sfFilterChain))\n#27 /home/user/projects/diffco/lib/vendor/diem/symfony/lib/controller/sfController.class.php(238): sfFilterChain->execute()\n#28 /home/user/projects/diffco/lib/vendor/diem/dmCorePlugin/lib/controller/dmFrontWebController.php(38): sfController->forward(''bankDetails'', ''index'')\n#29 /home/user/projects/diffco/lib/vendor/diem/dmCorePlugin/lib/context/dmContext.php(290): dmFrontWebController->dispatch()\n#30 /home/user/projects/diffco/web/admin_dev.php(7): dmContext->dispatch()\n#31 {main}', 'bankDetails', 'index', 'http://diffco.local/admin_dev.php/content/osnovnoe/bankovskie-rekvizityi/index', 'dev', '2015-02-08 09:44:52'),
(117, 'dmException', 'purpose_paymentbank_name is not a valid form field', 'purpose_paymentbank_name is not a valid form field\n#0 /home/user/projects/diffco/lib/vendor/diem/symfony/lib/view/sfPHPView.class.php(75): require()\n#1 /home/user/projects/diffco/lib/vendor/diem/symfony/lib/view/sfPartialView.class.php(124): sfPHPView->renderFile(''/home/user/proj...'')\n#2 /home/user/projects/diffco/lib/vendor/diem/symfony/lib/helper/PartialHelper.php(218): sfPartialView->render()\n#3 /home/user/projects/diffco/lib/vendor/diem/symfony/lib/helper/PartialHelper.php(180): get_partial(''bankDetails/for...'', Array)\n#4 /home/user/projects/diffco/cache/admin/dev/modules/autoBankDetails/templates/_form_fieldset.php(34): include_partial(''bankDetails/for...'', Array)\n#5 /home/user/projects/diffco/lib/vendor/diem/symfony/lib/view/sfPHPView.class.php(75): require(''/home/user/proj...'')\n#6 /home/user/projects/diffco/lib/vendor/diem/symfony/lib/view/sfPartialView.class.php(124): sfPHPView->renderFile(''/home/user/proj...'')\n#7 /home/user/projects/diffco/lib/vendor/diem/symfony/lib/helper/PartialHelper.php(218): sfPartialView->render()\n#8 /home/user/projects/diffco/lib/vendor/diem/symfony/lib/helper/PartialHelper.php(180): get_partial(''bankDetails/for...'', Array)\n#9 /home/user/projects/diffco/cache/admin/dev/modules/autoBankDetails/templates/_form.php(29): include_partial(''bankDetails/for...'', Array)\n#10 /home/user/projects/diffco/lib/vendor/diem/symfony/lib/view/sfPHPView.class.php(75): require(''/home/user/proj...'')\n#11 /home/user/projects/diffco/lib/vendor/diem/symfony/lib/view/sfPartialView.class.php(124): sfPHPView->renderFile(''/home/user/proj...'')\n#12 /home/user/projects/diffco/lib/vendor/diem/symfony/lib/helper/PartialHelper.php(218): sfPartialView->render()\n#13 /home/user/projects/diffco/lib/vendor/diem/symfony/lib/helper/PartialHelper.php(180): get_partial(''bankDetails/for...'', Array)\n#14 /home/user/projects/diffco/cache/admin/dev/modules/autoBankDetails/templates/editSuccess.php(31): include_partial(''bankDetails/for...'', Array)\n#15 /home/user/projects/diffco/lib/vendor/diem/symfony/lib/view/sfPHPView.class.php(75): require(''/home/user/proj...'')\n#16 /home/user/projects/diffco/lib/vendor/diem/symfony/lib/view/sfPHPView.class.php(185): sfPHPView->renderFile(''/home/user/proj...'')\n#17 /home/user/projects/diffco/lib/vendor/diem/symfony/lib/filter/sfExecutionFilter.class.php(155): sfPHPView->render()\n#18 /home/user/projects/diffco/lib/vendor/diem/symfony/lib/filter/sfExecutionFilter.class.php(116): sfExecutionFilter->executeView(''bankDetails'', ''edit'', ''Success'', Array)\n#19 /home/user/projects/diffco/lib/vendor/diem/symfony/lib/filter/sfExecutionFilter.class.php(47): sfExecutionFilter->handleView(Object(sfFilterChain), Object(bankDetailsActions), ''Success'')\n#20 /home/user/projects/diffco/lib/vendor/diem/symfony/lib/filter/sfFilterChain.class.php(53): sfExecutionFilter->execute(Object(sfFilterChain))\n#21 /home/user/projects/diffco/lib/vendor/diem/dmAdminPlugin/lib/filter/dmAdminInitFilter.php(32): sfFilterChain->execute()\n#22 /home/user/projects/diffco/lib/vendor/diem/symfony/lib/filter/sfFilterChain.class.php(53): dmAdminInitFilter->execute(Object(sfFilterChain))\n#23 /home/user/projects/diffco/lib/vendor/diem/symfony/lib/filter/sfBasicSecurityFilter.class.php(72): sfFilterChain->execute()\n#24 /home/user/projects/diffco/lib/vendor/diem/symfony/lib/filter/sfFilterChain.class.php(53): sfBasicSecurityFilter->execute(Object(sfFilterChain))\n#25 /home/user/projects/diffco/lib/vendor/diem/dmCorePlugin/plugins/dmUserPlugin/lib/dmRememberMeFilter.class.php(56): sfFilterChain->execute()\n#26 /home/user/projects/diffco/lib/vendor/diem/symfony/lib/filter/sfFilterChain.class.php(53): dmRememberMeFilter->execute(Object(sfFilterChain))\n#27 /home/user/projects/diffco/lib/vendor/diem/symfony/lib/filter/sfRenderingFilter.class.php(33): sfFilterChain->execute()\n#28 /home/user/projects/diffco/lib/vendor/diem/symfony/lib/filter/sfFilterChain.class.php(53): sfRenderingFilter->execute(Object(sfFilterChain))\n#29 /home/user/projects/diffco/lib/vendor/diem/symfony/lib/controller/sfController.class.php(238): sfFilterChain->execute()\n#30 /home/user/projects/diffco/lib/vendor/diem/dmCorePlugin/lib/controller/dmFrontWebController.php(38): sfController->forward(''bankDetails'', ''edit'')\n#31 /home/user/projects/diffco/lib/vendor/diem/dmCorePlugin/lib/context/dmContext.php(290): dmFrontWebController->dispatch()\n#32 /home/user/projects/diffco/web/admin_dev.php(7): dmContext->dispatch()\n#33 {main}', 'bankDetails', 'edit', 'http://diffco.local/admin_dev.php/content/osnovnoe/bankovskie-rekvizityi/edit/pk/9', 'dev', '2015-02-08 09:45:49'),
(118, 'dmException', 'purpose_paymen is not a valid form field', 'purpose_paymen is not a valid form field\n#0 /home/user/projects/diffco/lib/vendor/diem/symfony/lib/view/sfPHPView.class.php(75): require()\n#1 /home/user/projects/diffco/lib/vendor/diem/symfony/lib/view/sfPartialView.class.php(124): sfPHPView->renderFile(''/home/user/proj...'')\n#2 /home/user/projects/diffco/lib/vendor/diem/symfony/lib/helper/PartialHelper.php(218): sfPartialView->render()\n#3 /home/user/projects/diffco/lib/vendor/diem/symfony/lib/helper/PartialHelper.php(180): get_partial(''bankDetails/for...'', Array)\n#4 /home/user/projects/diffco/cache/admin/dev/modules/autoBankDetails/templates/_form_fieldset.php(34): include_partial(''bankDetails/for...'', Array)\n#5 /home/user/projects/diffco/lib/vendor/diem/symfony/lib/view/sfPHPView.class.php(75): require(''/home/user/proj...'')\n#6 /home/user/projects/diffco/lib/vendor/diem/symfony/lib/view/sfPartialView.class.php(124): sfPHPView->renderFile(''/home/user/proj...'')\n#7 /home/user/projects/diffco/lib/vendor/diem/symfony/lib/helper/PartialHelper.php(218): sfPartialView->render()\n#8 /home/user/projects/diffco/lib/vendor/diem/symfony/lib/helper/PartialHelper.php(180): get_partial(''bankDetails/for...'', Array)\n#9 /home/user/projects/diffco/cache/admin/dev/modules/autoBankDetails/templates/_form.php(29): include_partial(''bankDetails/for...'', Array)\n#10 /home/user/projects/diffco/lib/vendor/diem/symfony/lib/view/sfPHPView.class.php(75): require(''/home/user/proj...'')\n#11 /home/user/projects/diffco/lib/vendor/diem/symfony/lib/view/sfPartialView.class.php(124): sfPHPView->renderFile(''/home/user/proj...'')\n#12 /home/user/projects/diffco/lib/vendor/diem/symfony/lib/helper/PartialHelper.php(218): sfPartialView->render()\n#13 /home/user/projects/diffco/lib/vendor/diem/symfony/lib/helper/PartialHelper.php(180): get_partial(''bankDetails/for...'', Array)\n#14 /home/user/projects/diffco/cache/admin/dev/modules/autoBankDetails/templates/editSuccess.php(31): include_partial(''bankDetails/for...'', Array)\n#15 /home/user/projects/diffco/lib/vendor/diem/symfony/lib/view/sfPHPView.class.php(75): require(''/home/user/proj...'')\n#16 /home/user/projects/diffco/lib/vendor/diem/symfony/lib/view/sfPHPView.class.php(185): sfPHPView->renderFile(''/home/user/proj...'')\n#17 /home/user/projects/diffco/lib/vendor/diem/symfony/lib/filter/sfExecutionFilter.class.php(155): sfPHPView->render()\n#18 /home/user/projects/diffco/lib/vendor/diem/symfony/lib/filter/sfExecutionFilter.class.php(116): sfExecutionFilter->executeView(''bankDetails'', ''edit'', ''Success'', Array)\n#19 /home/user/projects/diffco/lib/vendor/diem/symfony/lib/filter/sfExecutionFilter.class.php(47): sfExecutionFilter->handleView(Object(sfFilterChain), Object(bankDetailsActions), ''Success'')\n#20 /home/user/projects/diffco/lib/vendor/diem/symfony/lib/filter/sfFilterChain.class.php(53): sfExecutionFilter->execute(Object(sfFilterChain))\n#21 /home/user/projects/diffco/lib/vendor/diem/dmAdminPlugin/lib/filter/dmAdminInitFilter.php(32): sfFilterChain->execute()\n#22 /home/user/projects/diffco/lib/vendor/diem/symfony/lib/filter/sfFilterChain.class.php(53): dmAdminInitFilter->execute(Object(sfFilterChain))\n#23 /home/user/projects/diffco/lib/vendor/diem/symfony/lib/filter/sfBasicSecurityFilter.class.php(72): sfFilterChain->execute()\n#24 /home/user/projects/diffco/lib/vendor/diem/symfony/lib/filter/sfFilterChain.class.php(53): sfBasicSecurityFilter->execute(Object(sfFilterChain))\n#25 /home/user/projects/diffco/lib/vendor/diem/dmCorePlugin/plugins/dmUserPlugin/lib/dmRememberMeFilter.class.php(56): sfFilterChain->execute()\n#26 /home/user/projects/diffco/lib/vendor/diem/symfony/lib/filter/sfFilterChain.class.php(53): dmRememberMeFilter->execute(Object(sfFilterChain))\n#27 /home/user/projects/diffco/lib/vendor/diem/symfony/lib/filter/sfRenderingFilter.class.php(33): sfFilterChain->execute()\n#28 /home/user/projects/diffco/lib/vendor/diem/symfony/lib/filter/sfFilterChain.class.php(53): sfRenderingFilter->execute(Object(sfFilterChain))\n#29 /home/user/projects/diffco/lib/vendor/diem/symfony/lib/controller/sfController.class.php(238): sfFilterChain->execute()\n#30 /home/user/projects/diffco/lib/vendor/diem/dmCorePlugin/lib/controller/dmFrontWebController.php(38): sfController->forward(''bankDetails'', ''edit'')\n#31 /home/user/projects/diffco/lib/vendor/diem/dmCorePlugin/lib/context/dmContext.php(290): dmFrontWebController->dispatch()\n#32 /home/user/projects/diffco/web/admin_dev.php(7): dmContext->dispatch()\n#33 {main}', 'bankDetails', 'edit', 'http://diffco.local/admin_dev.php/content/osnovnoe/bankovskie-rekvizityi/edit/pk/9', 'dev', '2015-02-08 09:46:01'),
(119, 'InvalidArgumentException', 'Widget "beneficiary_bank_addresss" does not exist.', 'Widget "beneficiary_bank_addresss" does not exist.\n#0 /home/user/projects/diffco/apps/front/modules/client/templates/_renderBankDetailsForm.php(67): dmForm->offsetGet(''beneficiary_ban...'')\n#1 /home/user/projects/diffco/lib/vendor/diem/symfony/lib/view/sfPHPView.class.php(75): require(''/home/user/proj...'')\n#2 /home/user/projects/diffco/lib/vendor/diem/symfony/lib/view/sfPartialView.class.php(124): sfPHPView->renderFile(''/home/user/proj...'')\n#3 /home/user/projects/diffco/lib/vendor/diem/symfony/lib/helper/PartialHelper.php(218): sfPartialView->render()\n#4 /home/user/projects/diffco/apps/front/modules/client/actions/actions.class.php(82): get_partial(''renderBankDetai...'', Array)\n#5 /home/user/projects/diffco/lib/vendor/diem/symfony/lib/action/sfActions.class.php(60): clientActions->executeRenderBankDetailsForm(Object(dmWebRequest))\n#6 /home/user/projects/diffco/lib/vendor/diem/symfony/lib/filter/sfExecutionFilter.class.php(92): sfActions->execute(Object(dmWebRequest))\n#7 /home/user/projects/diffco/lib/vendor/diem/symfony/lib/filter/sfExecutionFilter.class.php(78): sfExecutionFilter->executeAction(Object(clientActions))\n#8 /home/user/projects/diffco/lib/vendor/diem/symfony/lib/filter/sfExecutionFilter.class.php(42): sfExecutionFilter->handleAction(Object(sfFilterChain), Object(clientActions))\n#9 /home/user/projects/diffco/lib/vendor/diem/symfony/lib/filter/sfFilterChain.class.php(53): sfExecutionFilter->execute(Object(sfFilterChain))\n#10 /home/user/projects/diffco/lib/vendor/diem/dmFrontPlugin/lib/filter/dmFrontInitFilter.php(34): sfFilterChain->execute()\n#11 /home/user/projects/diffco/lib/vendor/diem/symfony/lib/filter/sfFilterChain.class.php(53): dmFrontInitFilter->execute(Object(sfFilterChain))\n#12 /home/user/projects/diffco/lib/vendor/diem/dmCorePlugin/plugins/dmUserPlugin/lib/dmRememberMeFilter.class.php(56): sfFilterChain->execute()\n#13 /home/user/projects/diffco/lib/vendor/diem/symfony/lib/filter/sfFilterChain.class.php(53): dmRememberMeFilter->execute(Object(sfFilterChain))\n#14 /home/user/projects/diffco/lib/vendor/diem/symfony/lib/filter/sfRenderingFilter.class.php(33): sfFilterChain->execute()\n#15 /home/user/projects/diffco/lib/vendor/diem/symfony/lib/filter/sfFilterChain.class.php(53): sfRenderingFilter->execute(Object(sfFilterChain))\n#16 /home/user/projects/diffco/lib/vendor/diem/symfony/lib/controller/sfController.class.php(238): sfFilterChain->execute()\n#17 /home/user/projects/diffco/lib/vendor/diem/dmCorePlugin/lib/controller/dmFrontWebController.php(38): sfController->forward(''client'', ''renderBankDetai...'')\n#18 /home/user/projects/diffco/lib/vendor/diem/dmCorePlugin/lib/context/dmContext.php(290): dmFrontWebController->dispatch()\n#19 /home/user/projects/diffco/web/dev.php(7): dmContext->dispatch()\n#20 {main}', 'client', 'renderBankDetailsForm', 'http://diffco.local/dev.php/+/client/renderBankDetailsForm', 'dev', '2015-02-08 09:53:23');
INSERT INTO `dm_error` (`id`, `php_class`, `name`, `description`, `module`, `action`, `uri`, `env`, `created_at`) VALUES
(120, 'InvalidArgumentException', 'Widget "name" does not exist.', 'Widget "name" does not exist.\n#0 /home/user/projects/diffco/apps/front/modules/client/templates/_renderBankDetailsForm.php(97): dmForm->offsetGet(''name'')\n#1 /home/user/projects/diffco/lib/vendor/diem/symfony/lib/view/sfPHPView.class.php(75): require(''/home/user/proj...'')\n#2 /home/user/projects/diffco/lib/vendor/diem/symfony/lib/view/sfPartialView.class.php(124): sfPHPView->renderFile(''/home/user/proj...'')\n#3 /home/user/projects/diffco/lib/vendor/diem/symfony/lib/helper/PartialHelper.php(218): sfPartialView->render()\n#4 /home/user/projects/diffco/apps/front/modules/client/actions/actions.class.php(82): get_partial(''renderBankDetai...'', Array)\n#5 /home/user/projects/diffco/lib/vendor/diem/symfony/lib/action/sfActions.class.php(60): clientActions->executeRenderBankDetailsForm(Object(dmWebRequest))\n#6 /home/user/projects/diffco/lib/vendor/diem/symfony/lib/filter/sfExecutionFilter.class.php(92): sfActions->execute(Object(dmWebRequest))\n#7 /home/user/projects/diffco/lib/vendor/diem/symfony/lib/filter/sfExecutionFilter.class.php(78): sfExecutionFilter->executeAction(Object(clientActions))\n#8 /home/user/projects/diffco/lib/vendor/diem/symfony/lib/filter/sfExecutionFilter.class.php(42): sfExecutionFilter->handleAction(Object(sfFilterChain), Object(clientActions))\n#9 /home/user/projects/diffco/lib/vendor/diem/symfony/lib/filter/sfFilterChain.class.php(53): sfExecutionFilter->execute(Object(sfFilterChain))\n#10 /home/user/projects/diffco/lib/vendor/diem/dmFrontPlugin/lib/filter/dmFrontInitFilter.php(34): sfFilterChain->execute()\n#11 /home/user/projects/diffco/lib/vendor/diem/symfony/lib/filter/sfFilterChain.class.php(53): dmFrontInitFilter->execute(Object(sfFilterChain))\n#12 /home/user/projects/diffco/lib/vendor/diem/dmCorePlugin/plugins/dmUserPlugin/lib/dmRememberMeFilter.class.php(56): sfFilterChain->execute()\n#13 /home/user/projects/diffco/lib/vendor/diem/symfony/lib/filter/sfFilterChain.class.php(53): dmRememberMeFilter->execute(Object(sfFilterChain))\n#14 /home/user/projects/diffco/lib/vendor/diem/symfony/lib/filter/sfRenderingFilter.class.php(33): sfFilterChain->execute()\n#15 /home/user/projects/diffco/lib/vendor/diem/symfony/lib/filter/sfFilterChain.class.php(53): sfRenderingFilter->execute(Object(sfFilterChain))\n#16 /home/user/projects/diffco/lib/vendor/diem/symfony/lib/controller/sfController.class.php(238): sfFilterChain->execute()\n#17 /home/user/projects/diffco/lib/vendor/diem/dmCorePlugin/lib/controller/dmFrontWebController.php(38): sfController->forward(''client'', ''renderBankDetai...'')\n#18 /home/user/projects/diffco/lib/vendor/diem/dmCorePlugin/lib/context/dmContext.php(290): dmFrontWebController->dispatch()\n#19 /home/user/projects/diffco/web/dev.php(7): dmContext->dispatch()\n#20 {main}', 'client', 'renderBankDetailsForm', 'http://diffco.local/dev.php/+/client/renderBankDetailsForm', 'dev', '2015-02-08 09:53:51'),
(121, 'sfException', 'Call to undefined method BankDetailsForm::widgetSchema.', 'Call to undefined method BankDetailsForm::widgetSchema.\n#0 /home/user/projects/diffco/apps/front/modules/client/lib/BankDetailsForm.class.php(56): sfFormSymfony->__call(''widgetSchema'', Array)\n#1 /home/user/projects/diffco/apps/front/modules/client/lib/BankDetailsForm.class.php(56): BankDetailsForm->widgetSchema()\n#2 /home/user/projects/diffco/lib/vendor/diem/symfony/lib/form/sfForm.class.php(70): BankDetailsForm->configure()\n#3 /home/user/projects/diffco/lib/vendor/diem/symfony/lib/form/addon/sfFormSymfony.class.php(33): sfForm->__construct(Array, Array, NULL)\n#4 /home/user/projects/diffco/lib/vendor/diem/symfony/lib/plugins/sfDoctrinePlugin/lib/form/sfFormDoctrine.class.php(52): sfFormSymfony->__construct(Array, Array, NULL)\n#5 /home/user/projects/diffco/apps/front/modules/client/actions/actions.class.php(77): sfFormDoctrine->__construct(Object(BankDetails))\n#6 /home/user/projects/diffco/lib/vendor/diem/symfony/lib/action/sfActions.class.php(60): clientActions->executeRenderBankDetailsForm(Object(dmWebRequest))\n#7 /home/user/projects/diffco/lib/vendor/diem/symfony/lib/filter/sfExecutionFilter.class.php(92): sfActions->execute(Object(dmWebRequest))\n#8 /home/user/projects/diffco/lib/vendor/diem/symfony/lib/filter/sfExecutionFilter.class.php(78): sfExecutionFilter->executeAction(Object(clientActions))\n#9 /home/user/projects/diffco/lib/vendor/diem/symfony/lib/filter/sfExecutionFilter.class.php(42): sfExecutionFilter->handleAction(Object(sfFilterChain), Object(clientActions))\n#10 /home/user/projects/diffco/lib/vendor/diem/symfony/lib/filter/sfFilterChain.class.php(53): sfExecutionFilter->execute(Object(sfFilterChain))\n#11 /home/user/projects/diffco/lib/vendor/diem/dmFrontPlugin/lib/filter/dmFrontInitFilter.php(34): sfFilterChain->execute()\n#12 /home/user/projects/diffco/lib/vendor/diem/symfony/lib/filter/sfFilterChain.class.php(53): dmFrontInitFilter->execute(Object(sfFilterChain))\n#13 /home/user/projects/diffco/lib/vendor/diem/dmCorePlugin/plugins/dmUserPlugin/lib/dmRememberMeFilter.class.php(56): sfFilterChain->execute()\n#14 /home/user/projects/diffco/lib/vendor/diem/symfony/lib/filter/sfFilterChain.class.php(53): dmRememberMeFilter->execute(Object(sfFilterChain))\n#15 /home/user/projects/diffco/lib/vendor/diem/symfony/lib/filter/sfRenderingFilter.class.php(33): sfFilterChain->execute()\n#16 /home/user/projects/diffco/lib/vendor/diem/symfony/lib/filter/sfFilterChain.class.php(53): sfRenderingFilter->execute(Object(sfFilterChain))\n#17 /home/user/projects/diffco/lib/vendor/diem/symfony/lib/controller/sfController.class.php(238): sfFilterChain->execute()\n#18 /home/user/projects/diffco/lib/vendor/diem/dmCorePlugin/lib/controller/dmFrontWebController.php(38): sfController->forward(''client'', ''renderBankDetai...'')\n#19 /home/user/projects/diffco/lib/vendor/diem/dmCorePlugin/lib/context/dmContext.php(290): dmFrontWebController->dispatch()\n#20 /home/user/projects/diffco/web/dev.php(7): dmContext->dispatch()\n#21 {main}', 'client', 'renderBankDetailsForm', 'http://diffco.local/dev.php/+/client/renderBankDetailsForm', 'dev', '2015-02-08 10:08:54'),
(122, 'InvalidArgumentException', 'Widget "country_beneficiary_bank" does not exist.', 'Widget "country_beneficiary_bank" does not exist.\n#0 /home/user/projects/diffco/apps/front/modules/client/templates/_renderBankDetailsForm.php(35): dmForm->offsetGet(''country_benefic...'')\n#1 /home/user/projects/diffco/lib/vendor/diem/symfony/lib/view/sfPHPView.class.php(75): require(''/home/user/proj...'')\n#2 /home/user/projects/diffco/lib/vendor/diem/symfony/lib/view/sfPartialView.class.php(124): sfPHPView->renderFile(''/home/user/proj...'')\n#3 /home/user/projects/diffco/lib/vendor/diem/symfony/lib/helper/PartialHelper.php(218): sfPartialView->render()\n#4 /home/user/projects/diffco/apps/front/modules/client/actions/actions.class.php(82): get_partial(''renderBankDetai...'', Array)\n#5 /home/user/projects/diffco/lib/vendor/diem/symfony/lib/action/sfActions.class.php(60): clientActions->executeRenderBankDetailsForm(Object(dmWebRequest))\n#6 /home/user/projects/diffco/lib/vendor/diem/symfony/lib/filter/sfExecutionFilter.class.php(92): sfActions->execute(Object(dmWebRequest))\n#7 /home/user/projects/diffco/lib/vendor/diem/symfony/lib/filter/sfExecutionFilter.class.php(78): sfExecutionFilter->executeAction(Object(clientActions))\n#8 /home/user/projects/diffco/lib/vendor/diem/symfony/lib/filter/sfExecutionFilter.class.php(42): sfExecutionFilter->handleAction(Object(sfFilterChain), Object(clientActions))\n#9 /home/user/projects/diffco/lib/vendor/diem/symfony/lib/filter/sfFilterChain.class.php(53): sfExecutionFilter->execute(Object(sfFilterChain))\n#10 /home/user/projects/diffco/lib/vendor/diem/dmFrontPlugin/lib/filter/dmFrontInitFilter.php(34): sfFilterChain->execute()\n#11 /home/user/projects/diffco/lib/vendor/diem/symfony/lib/filter/sfFilterChain.class.php(53): dmFrontInitFilter->execute(Object(sfFilterChain))\n#12 /home/user/projects/diffco/lib/vendor/diem/dmCorePlugin/plugins/dmUserPlugin/lib/dmRememberMeFilter.class.php(56): sfFilterChain->execute()\n#13 /home/user/projects/diffco/lib/vendor/diem/symfony/lib/filter/sfFilterChain.class.php(53): dmRememberMeFilter->execute(Object(sfFilterChain))\n#14 /home/user/projects/diffco/lib/vendor/diem/symfony/lib/filter/sfRenderingFilter.class.php(33): sfFilterChain->execute()\n#15 /home/user/projects/diffco/lib/vendor/diem/symfony/lib/filter/sfFilterChain.class.php(53): sfRenderingFilter->execute(Object(sfFilterChain))\n#16 /home/user/projects/diffco/lib/vendor/diem/symfony/lib/controller/sfController.class.php(238): sfFilterChain->execute()\n#17 /home/user/projects/diffco/lib/vendor/diem/dmCorePlugin/lib/controller/dmFrontWebController.php(38): sfController->forward(''client'', ''renderBankDetai...'')\n#18 /home/user/projects/diffco/lib/vendor/diem/dmCorePlugin/lib/context/dmContext.php(290): dmFrontWebController->dispatch()\n#19 /home/user/projects/diffco/web/dev.php(7): dmContext->dispatch()\n#20 {main}', 'client', 'renderBankDetailsForm', 'http://diffco.local/dev.php/+/client/renderBankDetailsForm', 'dev', '2015-02-08 10:29:04'),
(123, 'sfRenderException', 'The template "renderBankDetailsForm.php" does not exist or is unreadable in "".', 'The template "renderBankDetailsForm.php" does not exist or is unreadable in "".\n#0 /home/user/projects/diffco/lib/vendor/diem/symfony/lib/view/sfPHPView.class.php(180): sfView->preRenderCheck()\n#1 /home/user/projects/diffco/lib/vendor/diem/symfony/lib/filter/sfExecutionFilter.class.php(155): sfPHPView->render()\n#2 /home/user/projects/diffco/lib/vendor/diem/symfony/lib/filter/sfExecutionFilter.class.php(116): sfExecutionFilter->executeView(''client'', ''renderBankDetai...'', '''', Array)\n#3 /home/user/projects/diffco/lib/vendor/diem/symfony/lib/filter/sfExecutionFilter.class.php(47): sfExecutionFilter->handleView(Object(sfFilterChain), Object(clientActions), '''')\n#4 /home/user/projects/diffco/lib/vendor/diem/symfony/lib/filter/sfFilterChain.class.php(53): sfExecutionFilter->execute(Object(sfFilterChain))\n#5 /home/user/projects/diffco/lib/vendor/diem/dmFrontPlugin/lib/filter/dmFrontInitFilter.php(34): sfFilterChain->execute()\n#6 /home/user/projects/diffco/lib/vendor/diem/symfony/lib/filter/sfFilterChain.class.php(53): dmFrontInitFilter->execute(Object(sfFilterChain))\n#7 /home/user/projects/diffco/lib/vendor/diem/dmCorePlugin/plugins/dmUserPlugin/lib/dmRememberMeFilter.class.php(56): sfFilterChain->execute()\n#8 /home/user/projects/diffco/lib/vendor/diem/symfony/lib/filter/sfFilterChain.class.php(53): dmRememberMeFilter->execute(Object(sfFilterChain))\n#9 /home/user/projects/diffco/lib/vendor/diem/symfony/lib/filter/sfRenderingFilter.class.php(33): sfFilterChain->execute()\n#10 /home/user/projects/diffco/lib/vendor/diem/symfony/lib/filter/sfFilterChain.class.php(53): sfRenderingFilter->execute(Object(sfFilterChain))\n#11 /home/user/projects/diffco/lib/vendor/diem/symfony/lib/controller/sfController.class.php(238): sfFilterChain->execute()\n#12 /home/user/projects/diffco/lib/vendor/diem/dmCorePlugin/lib/controller/dmFrontWebController.php(38): sfController->forward(''client'', ''renderBankDetai...'')\n#13 /home/user/projects/diffco/lib/vendor/diem/dmCorePlugin/lib/context/dmContext.php(290): dmFrontWebController->dispatch()\n#14 /home/user/projects/diffco/web/dev.php(7): dmContext->dispatch()\n#15 {main}', 'client', 'renderBankDetailsForm', 'http://diffco.local/dev.php/+/client/renderBankDetailsForm', 'dev', '2015-02-08 11:01:02'),
(124, 'Doctrine_Record_UnknownPropertyException', 'Unknown record property / related component "is_russian_bank" on "BankDetails"', 'Unknown record property / related component "is_russian_bank" on "BankDetails"\n#0 /home/user/projects/diffco/lib/vendor/diem/dmCorePlugin/lib/doctrine/record/dmDoctrineRecord.php(741): Doctrine_Record_Filter_Standard->filterGet(Object(BankDetails), ''is_russian_bank'')\n#1 /home/user/projects/diffco/lib/vendor/diem/dmCorePlugin/lib/doctrine/record/dmDoctrineRecord.php(657): dmDoctrineRecord->_get(''is_russian_bank'', true)\n#2 /home/user/projects/diffco/cache/admin/dev/modules/autoBankDetails/templates/_list_td_tabular.php(86): dmDoctrineRecord->get(''is_russian_bank'')\n#3 /home/user/projects/diffco/lib/vendor/diem/symfony/lib/view/sfPHPView.class.php(75): require(''/home/user/proj...'')\n#4 /home/user/projects/diffco/lib/vendor/diem/symfony/lib/view/sfPartialView.class.php(124): sfPHPView->renderFile(''/home/user/proj...'')\n#5 /home/user/projects/diffco/lib/vendor/diem/symfony/lib/helper/PartialHelper.php(218): sfPartialView->render()\n#6 /home/user/projects/diffco/lib/vendor/diem/symfony/lib/helper/PartialHelper.php(180): get_partial(''bankDetails/lis...'', Array)\n#7 /home/user/projects/diffco/cache/admin/dev/modules/autoBankDetails/templates/_list.php(24): include_partial(''bankDetails/lis...'', Array)\n#8 /home/user/projects/diffco/lib/vendor/diem/symfony/lib/view/sfPHPView.class.php(75): require(''/home/user/proj...'')\n#9 /home/user/projects/diffco/lib/vendor/diem/symfony/lib/view/sfPartialView.class.php(124): sfPHPView->renderFile(''/home/user/proj...'')\n#10 /home/user/projects/diffco/lib/vendor/diem/symfony/lib/helper/PartialHelper.php(218): sfPartialView->render()\n#11 /home/user/projects/diffco/lib/vendor/diem/symfony/lib/helper/PartialHelper.php(180): get_partial(''bankDetails/lis...'', Array)\n#12 /home/user/projects/diffco/cache/admin/dev/modules/autoBankDetails/templates/indexSuccess.php(26): include_partial(''bankDetails/lis...'', Array)\n#13 /home/user/projects/diffco/lib/vendor/diem/symfony/lib/view/sfPHPView.class.php(75): require(''/home/user/proj...'')\n#14 /home/user/projects/diffco/lib/vendor/diem/symfony/lib/view/sfPHPView.class.php(185): sfPHPView->renderFile(''/home/user/proj...'')\n#15 /home/user/projects/diffco/lib/vendor/diem/symfony/lib/filter/sfExecutionFilter.class.php(155): sfPHPView->render()\n#16 /home/user/projects/diffco/lib/vendor/diem/symfony/lib/filter/sfExecutionFilter.class.php(116): sfExecutionFilter->executeView(''bankDetails'', ''index'', ''Success'', Array)\n#17 /home/user/projects/diffco/lib/vendor/diem/symfony/lib/filter/sfExecutionFilter.class.php(47): sfExecutionFilter->handleView(Object(sfFilterChain), Object(bankDetailsActions), ''Success'')\n#18 /home/user/projects/diffco/lib/vendor/diem/symfony/lib/filter/sfFilterChain.class.php(53): sfExecutionFilter->execute(Object(sfFilterChain))\n#19 /home/user/projects/diffco/lib/vendor/diem/dmAdminPlugin/lib/filter/dmAdminInitFilter.php(32): sfFilterChain->execute()\n#20 /home/user/projects/diffco/lib/vendor/diem/symfony/lib/filter/sfFilterChain.class.php(53): dmAdminInitFilter->execute(Object(sfFilterChain))\n#21 /home/user/projects/diffco/lib/vendor/diem/symfony/lib/filter/sfBasicSecurityFilter.class.php(72): sfFilterChain->execute()\n#22 /home/user/projects/diffco/lib/vendor/diem/symfony/lib/filter/sfFilterChain.class.php(53): sfBasicSecurityFilter->execute(Object(sfFilterChain))\n#23 /home/user/projects/diffco/lib/vendor/diem/dmCorePlugin/plugins/dmUserPlugin/lib/dmRememberMeFilter.class.php(56): sfFilterChain->execute()\n#24 /home/user/projects/diffco/lib/vendor/diem/symfony/lib/filter/sfFilterChain.class.php(53): dmRememberMeFilter->execute(Object(sfFilterChain))\n#25 /home/user/projects/diffco/lib/vendor/diem/symfony/lib/filter/sfRenderingFilter.class.php(33): sfFilterChain->execute()\n#26 /home/user/projects/diffco/lib/vendor/diem/symfony/lib/filter/sfFilterChain.class.php(53): sfRenderingFilter->execute(Object(sfFilterChain))\n#27 /home/user/projects/diffco/lib/vendor/diem/symfony/lib/controller/sfController.class.php(238): sfFilterChain->execute()\n#28 /home/user/projects/diffco/lib/vendor/diem/dmCorePlugin/lib/controller/dmFrontWebController.php(38): sfController->forward(''bankDetails'', ''index'')\n#29 /home/user/projects/diffco/lib/vendor/diem/dmCorePlugin/lib/context/dmContext.php(290): dmFrontWebController->dispatch()\n#30 /home/user/projects/diffco/web/admin_dev.php(7): dmContext->dispatch()\n#31 {main}', 'bankDetails', 'index', 'http://diffco.local/admin_dev.php/content/osnovnoe/bankovskie-rekvizityi/index', 'dev', '2015-02-09 07:40:11'),
(125, 'dmException', 'report_list is not a valid form field', 'report_list is not a valid form field\n#0 /home/user/projects/diffco/lib/vendor/diem/symfony/lib/view/sfPHPView.class.php(75): require()\n#1 /home/user/projects/diffco/lib/vendor/diem/symfony/lib/view/sfPartialView.class.php(124): sfPHPView->renderFile(''/home/user/proj...'')\n#2 /home/user/projects/diffco/lib/vendor/diem/symfony/lib/helper/PartialHelper.php(218): sfPartialView->render()\n#3 /home/user/projects/diffco/lib/vendor/diem/symfony/lib/helper/PartialHelper.php(180): get_partial(''agreement/form_...'', Array)\n#4 /home/user/projects/diffco/cache/admin/dev/modules/autoAgreement/templates/_form_fieldset.php(34): include_partial(''agreement/form_...'', Array)\n#5 /home/user/projects/diffco/lib/vendor/diem/symfony/lib/view/sfPHPView.class.php(75): require(''/home/user/proj...'')\n#6 /home/user/projects/diffco/lib/vendor/diem/symfony/lib/view/sfPartialView.class.php(124): sfPHPView->renderFile(''/home/user/proj...'')\n#7 /home/user/projects/diffco/lib/vendor/diem/symfony/lib/helper/PartialHelper.php(218): sfPartialView->render()\n#8 /home/user/projects/diffco/lib/vendor/diem/symfony/lib/helper/PartialHelper.php(180): get_partial(''agreement/form_...'', Array)\n#9 /home/user/projects/diffco/cache/admin/dev/modules/autoAgreement/templates/_form.php(29): include_partial(''agreement/form_...'', Array)\n#10 /home/user/projects/diffco/lib/vendor/diem/symfony/lib/view/sfPHPView.class.php(75): require(''/home/user/proj...'')\n#11 /home/user/projects/diffco/lib/vendor/diem/symfony/lib/view/sfPartialView.class.php(124): sfPHPView->renderFile(''/home/user/proj...'')\n#12 /home/user/projects/diffco/lib/vendor/diem/symfony/lib/helper/PartialHelper.php(218): sfPartialView->render()\n#13 /home/user/projects/diffco/lib/vendor/diem/symfony/lib/helper/PartialHelper.php(180): get_partial(''agreement/form'', Array)\n#14 /home/user/projects/diffco/cache/admin/dev/modules/autoAgreement/templates/editSuccess.php(31): include_partial(''agreement/form'', Array)\n#15 /home/user/projects/diffco/lib/vendor/diem/symfony/lib/view/sfPHPView.class.php(75): require(''/home/user/proj...'')\n#16 /home/user/projects/diffco/lib/vendor/diem/symfony/lib/view/sfPHPView.class.php(185): sfPHPView->renderFile(''/home/user/proj...'')\n#17 /home/user/projects/diffco/lib/vendor/diem/symfony/lib/filter/sfExecutionFilter.class.php(155): sfPHPView->render()\n#18 /home/user/projects/diffco/lib/vendor/diem/symfony/lib/filter/sfExecutionFilter.class.php(116): sfExecutionFilter->executeView(''agreement'', ''edit'', ''Success'', Array)\n#19 /home/user/projects/diffco/lib/vendor/diem/symfony/lib/filter/sfExecutionFilter.class.php(47): sfExecutionFilter->handleView(Object(sfFilterChain), Object(agreementActions), ''Success'')\n#20 /home/user/projects/diffco/lib/vendor/diem/symfony/lib/filter/sfFilterChain.class.php(53): sfExecutionFilter->execute(Object(sfFilterChain))\n#21 /home/user/projects/diffco/lib/vendor/diem/dmAdminPlugin/lib/filter/dmAdminInitFilter.php(32): sfFilterChain->execute()\n#22 /home/user/projects/diffco/lib/vendor/diem/symfony/lib/filter/sfFilterChain.class.php(53): dmAdminInitFilter->execute(Object(sfFilterChain))\n#23 /home/user/projects/diffco/lib/vendor/diem/symfony/lib/filter/sfBasicSecurityFilter.class.php(72): sfFilterChain->execute()\n#24 /home/user/projects/diffco/lib/vendor/diem/symfony/lib/filter/sfFilterChain.class.php(53): sfBasicSecurityFilter->execute(Object(sfFilterChain))\n#25 /home/user/projects/diffco/lib/vendor/diem/dmCorePlugin/plugins/dmUserPlugin/lib/dmRememberMeFilter.class.php(56): sfFilterChain->execute()\n#26 /home/user/projects/diffco/lib/vendor/diem/symfony/lib/filter/sfFilterChain.class.php(53): dmRememberMeFilter->execute(Object(sfFilterChain))\n#27 /home/user/projects/diffco/lib/vendor/diem/symfony/lib/filter/sfRenderingFilter.class.php(33): sfFilterChain->execute()\n#28 /home/user/projects/diffco/lib/vendor/diem/symfony/lib/filter/sfFilterChain.class.php(53): sfRenderingFilter->execute(Object(sfFilterChain))\n#29 /home/user/projects/diffco/lib/vendor/diem/symfony/lib/controller/sfController.class.php(238): sfFilterChain->execute()\n#30 /home/user/projects/diffco/lib/vendor/diem/dmCorePlugin/lib/controller/dmFrontWebController.php(38): sfController->forward(''agreement'', ''edit'')\n#31 /home/user/projects/diffco/lib/vendor/diem/dmCorePlugin/lib/context/dmContext.php(290): dmFrontWebController->dispatch()\n#32 /home/user/projects/diffco/web/admin_dev.php(7): dmContext->dispatch()\n#33 {main}', 'agreement', 'edit', 'http://diffco.local/admin_dev.php/content/osnovnoe/dogovoryi/edit/pk/12', 'dev', '2015-02-09 12:00:36'),
(126, 'sfConfigurationException', 'The route "reportDetail" does not exist.', 'The route "reportDetail" does not exist.\n#0 /home/user/projects/diffco/cache/front/prod/config/config_core_compile.yml.php(2250): sfPatternRouting->generate(''reportDetail'', Array, false)\n#1 /home/user/projects/diffco/lib/vendor/diem/symfony/lib/helper/UrlHelper.php(100): sfWebController->genUrl(''@reportDetail?i...'', false)\n#2 [internal function]: url_for1(''@reportDetail?i...'')\n#3 /home/user/projects/diffco/lib/vendor/diem/symfony/lib/helper/UrlHelper.php(127): call_user_func_array(''url_for1'', Array)\n#4 /home/user/projects/diffco/apps/front/modules/client/templates/_renderReportsList.php(28): url_for(''@reportDetail?i...'')\n#5 /home/user/projects/diffco/cache/front/prod/config/config_core_compile.yml.php(3851): require(''/home/user/proj...'')\n#6 /home/user/projects/diffco/lib/vendor/diem/symfony/lib/view/sfPartialView.class.php(124): sfPHPView->renderFile(''/home/user/proj...'')\n#7 /home/user/projects/diffco/lib/vendor/diem/symfony/lib/helper/PartialHelper.php(218): sfPartialView->render()\n#8 /home/user/projects/diffco/apps/front/modules/client/actions/actions.class.php(157): get_partial(''renderReportsLi...'', Array)\n#9 /home/user/projects/diffco/cache/front/prod/config/config_core_compile.yml.php(459): clientActions->executeSearchReports(Object(dmWebRequest))\n#10 /home/user/projects/diffco/cache/front/prod/config/config_core_compile.yml.php(952): sfActions->execute(Object(dmWebRequest))\n#11 /home/user/projects/diffco/cache/front/prod/config/config_core_compile.yml.php(947): sfExecutionFilter->executeAction(Object(clientActions))\n#12 /home/user/projects/diffco/cache/front/prod/config/config_core_compile.yml.php(933): sfExecutionFilter->handleAction(Object(sfFilterChain), Object(clientActions))\n#13 /home/user/projects/diffco/cache/front/prod/config/config_core_compile.yml.php(1031): sfExecutionFilter->execute(Object(sfFilterChain))\n#14 /home/user/projects/diffco/lib/vendor/diem/symfony/lib/filter/sfCacheFilter.class.php(65): sfFilterChain->execute()\n#15 /home/user/projects/diffco/cache/front/prod/config/config_core_compile.yml.php(1031): sfCacheFilter->execute(Object(sfFilterChain))\n#16 /home/user/projects/diffco/lib/vendor/diem/dmFrontPlugin/lib/filter/dmFrontInitFilter.php(34): sfFilterChain->execute()\n#17 /home/user/projects/diffco/cache/front/prod/config/config_core_compile.yml.php(1031): dmFrontInitFilter->execute(Object(sfFilterChain))\n#18 /home/user/projects/diffco/lib/vendor/diem/dmCorePlugin/plugins/dmUserPlugin/lib/dmRememberMeFilter.class.php(56): sfFilterChain->execute()\n#19 /home/user/projects/diffco/cache/front/prod/config/config_core_compile.yml.php(1031): dmRememberMeFilter->execute(Object(sfFilterChain))\n#20 /home/user/projects/diffco/cache/front/prod/config/config_core_compile.yml.php(995): sfFilterChain->execute()\n#21 /home/user/projects/diffco/cache/front/prod/config/config_core_compile.yml.php(1031): sfRenderingFilter->execute(Object(sfFilterChain))\n#22 /home/user/projects/diffco/cache/front/prod/config/config_core_compile.yml.php(665): sfFilterChain->execute()\n#23 /home/user/projects/diffco/lib/vendor/diem/dmCorePlugin/lib/controller/dmFrontWebController.php(38): sfController->forward(''client'', ''searchReports'')\n#24 /home/user/projects/diffco/lib/vendor/diem/dmCorePlugin/lib/context/dmContext.php(290): dmFrontWebController->dispatch()\n#25 /home/user/projects/diffco/web/index.php(7): dmContext->dispatch()\n#26 {main}', 'client', 'searchReports', 'http://diffco.local/+/client/searchReports', 'prod', '2015-02-10 07:52:12'),
(127, 'sfConfigurationException', 'The route "reportDetail" does not exist.', 'The route "reportDetail" does not exist.\n#0 /home/user/projects/diffco/cache/front/prod/config/config_core_compile.yml.php(2250): sfPatternRouting->generate(''reportDetail'', Array, false)\n#1 /home/user/projects/diffco/lib/vendor/diem/symfony/lib/helper/UrlHelper.php(100): sfWebController->genUrl(''@reportDetail?i...'', false)\n#2 [internal function]: url_for1(''@reportDetail?i...'')\n#3 /home/user/projects/diffco/lib/vendor/diem/symfony/lib/helper/UrlHelper.php(127): call_user_func_array(''url_for1'', Array)\n#4 /home/user/projects/diffco/apps/front/modules/client/templates/_renderReportsList.php(28): url_for(''@reportDetail?i...'')\n#5 /home/user/projects/diffco/cache/front/prod/config/config_core_compile.yml.php(3851): require(''/home/user/proj...'')\n#6 /home/user/projects/diffco/lib/vendor/diem/symfony/lib/view/sfPartialView.class.php(124): sfPHPView->renderFile(''/home/user/proj...'')\n#7 /home/user/projects/diffco/lib/vendor/diem/symfony/lib/helper/PartialHelper.php(218): sfPartialView->render()\n#8 /home/user/projects/diffco/apps/front/modules/client/actions/actions.class.php(157): get_partial(''renderReportsLi...'', Array)\n#9 /home/user/projects/diffco/cache/front/prod/config/config_core_compile.yml.php(459): clientActions->executeSearchReports(Object(dmWebRequest))\n#10 /home/user/projects/diffco/cache/front/prod/config/config_core_compile.yml.php(952): sfActions->execute(Object(dmWebRequest))\n#11 /home/user/projects/diffco/cache/front/prod/config/config_core_compile.yml.php(947): sfExecutionFilter->executeAction(Object(clientActions))\n#12 /home/user/projects/diffco/cache/front/prod/config/config_core_compile.yml.php(933): sfExecutionFilter->handleAction(Object(sfFilterChain), Object(clientActions))\n#13 /home/user/projects/diffco/cache/front/prod/config/config_core_compile.yml.php(1031): sfExecutionFilter->execute(Object(sfFilterChain))\n#14 /home/user/projects/diffco/lib/vendor/diem/symfony/lib/filter/sfCacheFilter.class.php(65): sfFilterChain->execute()\n#15 /home/user/projects/diffco/cache/front/prod/config/config_core_compile.yml.php(1031): sfCacheFilter->execute(Object(sfFilterChain))\n#16 /home/user/projects/diffco/lib/vendor/diem/dmFrontPlugin/lib/filter/dmFrontInitFilter.php(34): sfFilterChain->execute()\n#17 /home/user/projects/diffco/cache/front/prod/config/config_core_compile.yml.php(1031): dmFrontInitFilter->execute(Object(sfFilterChain))\n#18 /home/user/projects/diffco/lib/vendor/diem/dmCorePlugin/plugins/dmUserPlugin/lib/dmRememberMeFilter.class.php(56): sfFilterChain->execute()\n#19 /home/user/projects/diffco/cache/front/prod/config/config_core_compile.yml.php(1031): dmRememberMeFilter->execute(Object(sfFilterChain))\n#20 /home/user/projects/diffco/cache/front/prod/config/config_core_compile.yml.php(995): sfFilterChain->execute()\n#21 /home/user/projects/diffco/cache/front/prod/config/config_core_compile.yml.php(1031): sfRenderingFilter->execute(Object(sfFilterChain))\n#22 /home/user/projects/diffco/cache/front/prod/config/config_core_compile.yml.php(665): sfFilterChain->execute()\n#23 /home/user/projects/diffco/lib/vendor/diem/dmCorePlugin/lib/controller/dmFrontWebController.php(38): sfController->forward(''client'', ''searchReports'')\n#24 /home/user/projects/diffco/lib/vendor/diem/dmCorePlugin/lib/context/dmContext.php(290): dmFrontWebController->dispatch()\n#25 /home/user/projects/diffco/web/index.php(7): dmContext->dispatch()\n#26 {main}', 'client', 'searchReports', 'http://diffco.local/+/client/searchReports', 'prod', '2015-02-10 07:53:19'),
(128, 'sfConfigurationException', 'The route "reportDetail" does not exist.', 'The route "reportDetail" does not exist.\n#0 /home/user/projects/diffco/cache/front/prod/config/config_core_compile.yml.php(2250): sfPatternRouting->generate(''reportDetail'', Array, false)\n#1 /home/user/projects/diffco/lib/vendor/diem/symfony/lib/helper/UrlHelper.php(100): sfWebController->genUrl(''@reportDetail?i...'', false)\n#2 [internal function]: url_for1(''@reportDetail?i...'')\n#3 /home/user/projects/diffco/lib/vendor/diem/symfony/lib/helper/UrlHelper.php(127): call_user_func_array(''url_for1'', Array)\n#4 /home/user/projects/diffco/apps/front/modules/client/templates/_renderReportsList.php(28): url_for(''@reportDetail?i...'')\n#5 /home/user/projects/diffco/cache/front/prod/config/config_core_compile.yml.php(3851): require(''/home/user/proj...'')\n#6 /home/user/projects/diffco/lib/vendor/diem/symfony/lib/view/sfPartialView.class.php(124): sfPHPView->renderFile(''/home/user/proj...'')\n#7 /home/user/projects/diffco/lib/vendor/diem/symfony/lib/helper/PartialHelper.php(218): sfPartialView->render()\n#8 /home/user/projects/diffco/apps/front/modules/client/actions/actions.class.php(157): get_partial(''renderReportsLi...'', Array)\n#9 /home/user/projects/diffco/cache/front/prod/config/config_core_compile.yml.php(459): clientActions->executeSearchReports(Object(dmWebRequest))\n#10 /home/user/projects/diffco/cache/front/prod/config/config_core_compile.yml.php(952): sfActions->execute(Object(dmWebRequest))\n#11 /home/user/projects/diffco/cache/front/prod/config/config_core_compile.yml.php(947): sfExecutionFilter->executeAction(Object(clientActions))\n#12 /home/user/projects/diffco/cache/front/prod/config/config_core_compile.yml.php(933): sfExecutionFilter->handleAction(Object(sfFilterChain), Object(clientActions))\n#13 /home/user/projects/diffco/cache/front/prod/config/config_core_compile.yml.php(1031): sfExecutionFilter->execute(Object(sfFilterChain))\n#14 /home/user/projects/diffco/lib/vendor/diem/symfony/lib/filter/sfCacheFilter.class.php(65): sfFilterChain->execute()\n#15 /home/user/projects/diffco/cache/front/prod/config/config_core_compile.yml.php(1031): sfCacheFilter->execute(Object(sfFilterChain))\n#16 /home/user/projects/diffco/lib/vendor/diem/dmFrontPlugin/lib/filter/dmFrontInitFilter.php(34): sfFilterChain->execute()\n#17 /home/user/projects/diffco/cache/front/prod/config/config_core_compile.yml.php(1031): dmFrontInitFilter->execute(Object(sfFilterChain))\n#18 /home/user/projects/diffco/lib/vendor/diem/dmCorePlugin/plugins/dmUserPlugin/lib/dmRememberMeFilter.class.php(56): sfFilterChain->execute()\n#19 /home/user/projects/diffco/cache/front/prod/config/config_core_compile.yml.php(1031): dmRememberMeFilter->execute(Object(sfFilterChain))\n#20 /home/user/projects/diffco/cache/front/prod/config/config_core_compile.yml.php(995): sfFilterChain->execute()\n#21 /home/user/projects/diffco/cache/front/prod/config/config_core_compile.yml.php(1031): sfRenderingFilter->execute(Object(sfFilterChain))\n#22 /home/user/projects/diffco/cache/front/prod/config/config_core_compile.yml.php(665): sfFilterChain->execute()\n#23 /home/user/projects/diffco/lib/vendor/diem/dmCorePlugin/lib/controller/dmFrontWebController.php(38): sfController->forward(''client'', ''searchReports'')\n#24 /home/user/projects/diffco/lib/vendor/diem/dmCorePlugin/lib/context/dmContext.php(290): dmFrontWebController->dispatch()\n#25 /home/user/projects/diffco/web/index.php(7): dmContext->dispatch()\n#26 {main}', 'client', 'searchReports', 'http://diffco.local/+/client/searchReports', 'prod', '2015-02-10 07:55:00'),
(129, 'sfConfigurationException', 'The route "reportDetail" does not exist.', 'The route "reportDetail" does not exist.\n#0 /home/user/projects/diffco/cache/front/prod/config/config_core_compile.yml.php(2250): sfPatternRouting->generate(''reportDetail'', Array, false)\n#1 /home/user/projects/diffco/lib/vendor/diem/symfony/lib/helper/UrlHelper.php(100): sfWebController->genUrl(''@reportDetail?i...'', false)\n#2 [internal function]: url_for1(''@reportDetail?i...'')\n#3 /home/user/projects/diffco/lib/vendor/diem/symfony/lib/helper/UrlHelper.php(127): call_user_func_array(''url_for1'', Array)\n#4 /home/user/projects/diffco/apps/front/modules/client/templates/_renderReportsList.php(28): url_for(''@reportDetail?i...'')\n#5 /home/user/projects/diffco/cache/front/prod/config/config_core_compile.yml.php(3851): require(''/home/user/proj...'')\n#6 /home/user/projects/diffco/lib/vendor/diem/symfony/lib/view/sfPartialView.class.php(124): sfPHPView->renderFile(''/home/user/proj...'')\n#7 /home/user/projects/diffco/lib/vendor/diem/symfony/lib/helper/PartialHelper.php(218): sfPartialView->render()\n#8 /home/user/projects/diffco/apps/front/modules/client/actions/actions.class.php(157): get_partial(''renderReportsLi...'', Array)\n#9 /home/user/projects/diffco/cache/front/prod/config/config_core_compile.yml.php(459): clientActions->executeSearchReports(Object(dmWebRequest))\n#10 /home/user/projects/diffco/cache/front/prod/config/config_core_compile.yml.php(952): sfActions->execute(Object(dmWebRequest))\n#11 /home/user/projects/diffco/cache/front/prod/config/config_core_compile.yml.php(947): sfExecutionFilter->executeAction(Object(clientActions))\n#12 /home/user/projects/diffco/cache/front/prod/config/config_core_compile.yml.php(933): sfExecutionFilter->handleAction(Object(sfFilterChain), Object(clientActions))\n#13 /home/user/projects/diffco/cache/front/prod/config/config_core_compile.yml.php(1031): sfExecutionFilter->execute(Object(sfFilterChain))\n#14 /home/user/projects/diffco/lib/vendor/diem/symfony/lib/filter/sfCacheFilter.class.php(65): sfFilterChain->execute()\n#15 /home/user/projects/diffco/cache/front/prod/config/config_core_compile.yml.php(1031): sfCacheFilter->execute(Object(sfFilterChain))\n#16 /home/user/projects/diffco/lib/vendor/diem/dmFrontPlugin/lib/filter/dmFrontInitFilter.php(34): sfFilterChain->execute()\n#17 /home/user/projects/diffco/cache/front/prod/config/config_core_compile.yml.php(1031): dmFrontInitFilter->execute(Object(sfFilterChain))\n#18 /home/user/projects/diffco/lib/vendor/diem/dmCorePlugin/plugins/dmUserPlugin/lib/dmRememberMeFilter.class.php(56): sfFilterChain->execute()\n#19 /home/user/projects/diffco/cache/front/prod/config/config_core_compile.yml.php(1031): dmRememberMeFilter->execute(Object(sfFilterChain))\n#20 /home/user/projects/diffco/cache/front/prod/config/config_core_compile.yml.php(995): sfFilterChain->execute()\n#21 /home/user/projects/diffco/cache/front/prod/config/config_core_compile.yml.php(1031): sfRenderingFilter->execute(Object(sfFilterChain))\n#22 /home/user/projects/diffco/cache/front/prod/config/config_core_compile.yml.php(665): sfFilterChain->execute()\n#23 /home/user/projects/diffco/lib/vendor/diem/dmCorePlugin/lib/controller/dmFrontWebController.php(38): sfController->forward(''client'', ''searchReports'')\n#24 /home/user/projects/diffco/lib/vendor/diem/dmCorePlugin/lib/context/dmContext.php(290): dmFrontWebController->dispatch()\n#25 /home/user/projects/diffco/web/index.php(7): dmContext->dispatch()\n#26 {main}', 'client', 'searchReports', 'http://diffco.local/+/client/searchReports', 'prod', '2015-02-10 07:56:48'),
(130, 'sfConfigurationException', 'The route "reportDetail" does not exist.', 'The route "reportDetail" does not exist.\n#0 /home/user/projects/diffco/cache/front/prod/config/config_core_compile.yml.php(2250): sfPatternRouting->generate(''reportDetail'', Array, false)\n#1 /home/user/projects/diffco/lib/vendor/diem/symfony/lib/helper/UrlHelper.php(100): sfWebController->genUrl(''@reportDetail?i...'', false)\n#2 [internal function]: url_for1(''@reportDetail?i...'')\n#3 /home/user/projects/diffco/lib/vendor/diem/symfony/lib/helper/UrlHelper.php(127): call_user_func_array(''url_for1'', Array)\n#4 /home/user/projects/diffco/apps/front/modules/client/templates/_renderReportsList.php(28): url_for(''@reportDetail?i...'')\n#5 /home/user/projects/diffco/cache/front/prod/config/config_core_compile.yml.php(3851): require(''/home/user/proj...'')\n#6 /home/user/projects/diffco/lib/vendor/diem/symfony/lib/view/sfPartialView.class.php(124): sfPHPView->renderFile(''/home/user/proj...'')\n#7 /home/user/projects/diffco/lib/vendor/diem/symfony/lib/helper/PartialHelper.php(218): sfPartialView->render()\n#8 /home/user/projects/diffco/apps/front/modules/client/actions/actions.class.php(157): get_partial(''renderReportsLi...'', Array)\n#9 /home/user/projects/diffco/cache/front/prod/config/config_core_compile.yml.php(459): clientActions->executeSearchReports(Object(dmWebRequest))\n#10 /home/user/projects/diffco/cache/front/prod/config/config_core_compile.yml.php(952): sfActions->execute(Object(dmWebRequest))\n#11 /home/user/projects/diffco/cache/front/prod/config/config_core_compile.yml.php(947): sfExecutionFilter->executeAction(Object(clientActions))\n#12 /home/user/projects/diffco/cache/front/prod/config/config_core_compile.yml.php(933): sfExecutionFilter->handleAction(Object(sfFilterChain), Object(clientActions))\n#13 /home/user/projects/diffco/cache/front/prod/config/config_core_compile.yml.php(1031): sfExecutionFilter->execute(Object(sfFilterChain))\n#14 /home/user/projects/diffco/lib/vendor/diem/symfony/lib/filter/sfCacheFilter.class.php(65): sfFilterChain->execute()\n#15 /home/user/projects/diffco/cache/front/prod/config/config_core_compile.yml.php(1031): sfCacheFilter->execute(Object(sfFilterChain))\n#16 /home/user/projects/diffco/lib/vendor/diem/dmFrontPlugin/lib/filter/dmFrontInitFilter.php(34): sfFilterChain->execute()\n#17 /home/user/projects/diffco/cache/front/prod/config/config_core_compile.yml.php(1031): dmFrontInitFilter->execute(Object(sfFilterChain))\n#18 /home/user/projects/diffco/lib/vendor/diem/dmCorePlugin/plugins/dmUserPlugin/lib/dmRememberMeFilter.class.php(56): sfFilterChain->execute()\n#19 /home/user/projects/diffco/cache/front/prod/config/config_core_compile.yml.php(1031): dmRememberMeFilter->execute(Object(sfFilterChain))\n#20 /home/user/projects/diffco/cache/front/prod/config/config_core_compile.yml.php(995): sfFilterChain->execute()\n#21 /home/user/projects/diffco/cache/front/prod/config/config_core_compile.yml.php(1031): sfRenderingFilter->execute(Object(sfFilterChain))\n#22 /home/user/projects/diffco/cache/front/prod/config/config_core_compile.yml.php(665): sfFilterChain->execute()\n#23 /home/user/projects/diffco/lib/vendor/diem/dmCorePlugin/lib/controller/dmFrontWebController.php(38): sfController->forward(''client'', ''searchReports'')\n#24 /home/user/projects/diffco/lib/vendor/diem/dmCorePlugin/lib/context/dmContext.php(290): dmFrontWebController->dispatch()\n#25 /home/user/projects/diffco/web/index.php(7): dmContext->dispatch()\n#26 {main}', 'client', 'searchReports', 'http://diffco.local/+/client/searchReports', 'prod', '2015-02-10 07:58:26'),
(131, 'sfConfigurationException', 'The route "reportDetail" does not exist.', 'The route "reportDetail" does not exist.\n#0 /home/user/projects/diffco/cache/front/prod/config/config_core_compile.yml.php(2250): sfPatternRouting->generate(''reportDetail'', Array, false)\n#1 /home/user/projects/diffco/lib/vendor/diem/symfony/lib/helper/UrlHelper.php(100): sfWebController->genUrl(''@reportDetail?i...'', false)\n#2 [internal function]: url_for1(''@reportDetail?i...'')\n#3 /home/user/projects/diffco/lib/vendor/diem/symfony/lib/helper/UrlHelper.php(127): call_user_func_array(''url_for1'', Array)\n#4 /home/user/projects/diffco/apps/front/modules/client/templates/_renderReportsList.php(28): url_for(''@reportDetail?i...'')\n#5 /home/user/projects/diffco/cache/front/prod/config/config_core_compile.yml.php(3851): require(''/home/user/proj...'')\n#6 /home/user/projects/diffco/lib/vendor/diem/symfony/lib/view/sfPartialView.class.php(124): sfPHPView->renderFile(''/home/user/proj...'')\n#7 /home/user/projects/diffco/lib/vendor/diem/symfony/lib/helper/PartialHelper.php(218): sfPartialView->render()\n#8 /home/user/projects/diffco/apps/front/modules/client/actions/actions.class.php(157): get_partial(''renderReportsLi...'', Array)\n#9 /home/user/projects/diffco/cache/front/prod/config/config_core_compile.yml.php(459): clientActions->executeSearchReports(Object(dmWebRequest))\n#10 /home/user/projects/diffco/cache/front/prod/config/config_core_compile.yml.php(952): sfActions->execute(Object(dmWebRequest))\n#11 /home/user/projects/diffco/cache/front/prod/config/config_core_compile.yml.php(947): sfExecutionFilter->executeAction(Object(clientActions))\n#12 /home/user/projects/diffco/cache/front/prod/config/config_core_compile.yml.php(933): sfExecutionFilter->handleAction(Object(sfFilterChain), Object(clientActions))\n#13 /home/user/projects/diffco/cache/front/prod/config/config_core_compile.yml.php(1031): sfExecutionFilter->execute(Object(sfFilterChain))\n#14 /home/user/projects/diffco/lib/vendor/diem/symfony/lib/filter/sfCacheFilter.class.php(65): sfFilterChain->execute()\n#15 /home/user/projects/diffco/cache/front/prod/config/config_core_compile.yml.php(1031): sfCacheFilter->execute(Object(sfFilterChain))\n#16 /home/user/projects/diffco/lib/vendor/diem/dmFrontPlugin/lib/filter/dmFrontInitFilter.php(34): sfFilterChain->execute()\n#17 /home/user/projects/diffco/cache/front/prod/config/config_core_compile.yml.php(1031): dmFrontInitFilter->execute(Object(sfFilterChain))\n#18 /home/user/projects/diffco/lib/vendor/diem/dmCorePlugin/plugins/dmUserPlugin/lib/dmRememberMeFilter.class.php(56): sfFilterChain->execute()\n#19 /home/user/projects/diffco/cache/front/prod/config/config_core_compile.yml.php(1031): dmRememberMeFilter->execute(Object(sfFilterChain))\n#20 /home/user/projects/diffco/cache/front/prod/config/config_core_compile.yml.php(995): sfFilterChain->execute()\n#21 /home/user/projects/diffco/cache/front/prod/config/config_core_compile.yml.php(1031): sfRenderingFilter->execute(Object(sfFilterChain))\n#22 /home/user/projects/diffco/cache/front/prod/config/config_core_compile.yml.php(665): sfFilterChain->execute()\n#23 /home/user/projects/diffco/lib/vendor/diem/dmCorePlugin/lib/controller/dmFrontWebController.php(38): sfController->forward(''client'', ''searchReports'')\n#24 /home/user/projects/diffco/lib/vendor/diem/dmCorePlugin/lib/context/dmContext.php(290): dmFrontWebController->dispatch()\n#25 /home/user/projects/diffco/web/index.php(7): dmContext->dispatch()\n#26 {main}', 'client', 'searchReports', 'http://diffco.local/+/client/searchReports', 'prod', '2015-02-10 07:58:45'),
(132, 'sfConfigurationException', 'The route "reportDetail" does not exist.', 'The route "reportDetail" does not exist.\n#0 /home/user/projects/diffco/cache/front/prod/config/config_core_compile.yml.php(2250): sfPatternRouting->generate(''reportDetail'', Array, false)\n#1 /home/user/projects/diffco/lib/vendor/diem/symfony/lib/helper/UrlHelper.php(100): sfWebController->genUrl(''@reportDetail?i...'', false)\n#2 [internal function]: url_for1(''@reportDetail?i...'')\n#3 /home/user/projects/diffco/lib/vendor/diem/symfony/lib/helper/UrlHelper.php(127): call_user_func_array(''url_for1'', Array)\n#4 /home/user/projects/diffco/apps/front/modules/client/templates/_renderReportsList.php(28): url_for(''@reportDetail?i...'')\n#5 /home/user/projects/diffco/cache/front/prod/config/config_core_compile.yml.php(3851): require(''/home/user/proj...'')\n#6 /home/user/projects/diffco/lib/vendor/diem/symfony/lib/view/sfPartialView.class.php(124): sfPHPView->renderFile(''/home/user/proj...'')\n#7 /home/user/projects/diffco/lib/vendor/diem/symfony/lib/helper/PartialHelper.php(218): sfPartialView->render()\n#8 /home/user/projects/diffco/apps/front/modules/client/actions/actions.class.php(157): get_partial(''renderReportsLi...'', Array)\n#9 /home/user/projects/diffco/cache/front/prod/config/config_core_compile.yml.php(459): clientActions->executeSearchReports(Object(dmWebRequest))\n#10 /home/user/projects/diffco/cache/front/prod/config/config_core_compile.yml.php(952): sfActions->execute(Object(dmWebRequest))\n#11 /home/user/projects/diffco/cache/front/prod/config/config_core_compile.yml.php(947): sfExecutionFilter->executeAction(Object(clientActions))\n#12 /home/user/projects/diffco/cache/front/prod/config/config_core_compile.yml.php(933): sfExecutionFilter->handleAction(Object(sfFilterChain), Object(clientActions))\n#13 /home/user/projects/diffco/cache/front/prod/config/config_core_compile.yml.php(1031): sfExecutionFilter->execute(Object(sfFilterChain))\n#14 /home/user/projects/diffco/lib/vendor/diem/symfony/lib/filter/sfCacheFilter.class.php(65): sfFilterChain->execute()\n#15 /home/user/projects/diffco/cache/front/prod/config/config_core_compile.yml.php(1031): sfCacheFilter->execute(Object(sfFilterChain))\n#16 /home/user/projects/diffco/lib/vendor/diem/dmFrontPlugin/lib/filter/dmFrontInitFilter.php(34): sfFilterChain->execute()\n#17 /home/user/projects/diffco/cache/front/prod/config/config_core_compile.yml.php(1031): dmFrontInitFilter->execute(Object(sfFilterChain))\n#18 /home/user/projects/diffco/lib/vendor/diem/dmCorePlugin/plugins/dmUserPlugin/lib/dmRememberMeFilter.class.php(56): sfFilterChain->execute()\n#19 /home/user/projects/diffco/cache/front/prod/config/config_core_compile.yml.php(1031): dmRememberMeFilter->execute(Object(sfFilterChain))\n#20 /home/user/projects/diffco/cache/front/prod/config/config_core_compile.yml.php(995): sfFilterChain->execute()\n#21 /home/user/projects/diffco/cache/front/prod/config/config_core_compile.yml.php(1031): sfRenderingFilter->execute(Object(sfFilterChain))\n#22 /home/user/projects/diffco/cache/front/prod/config/config_core_compile.yml.php(665): sfFilterChain->execute()\n#23 /home/user/projects/diffco/lib/vendor/diem/dmCorePlugin/lib/controller/dmFrontWebController.php(38): sfController->forward(''client'', ''searchReports'')\n#24 /home/user/projects/diffco/lib/vendor/diem/dmCorePlugin/lib/context/dmContext.php(290): dmFrontWebController->dispatch()\n#25 /home/user/projects/diffco/web/index.php(7): dmContext->dispatch()\n#26 {main}', 'client', 'searchReports', 'http://diffco.local/+/client/searchReports', 'prod', '2015-02-10 07:59:51'),
(133, 'sfConfigurationException', 'The route "reportDetail" does not exist.', 'The route "reportDetail" does not exist.\n#0 /home/user/projects/diffco/cache/front/prod/config/config_core_compile.yml.php(2250): sfPatternRouting->generate(''reportDetail'', Array, false)\n#1 /home/user/projects/diffco/lib/vendor/diem/symfony/lib/helper/UrlHelper.php(100): sfWebController->genUrl(''@reportDetail?i...'', false)\n#2 [internal function]: url_for1(''@reportDetail?i...'')\n#3 /home/user/projects/diffco/lib/vendor/diem/symfony/lib/helper/UrlHelper.php(127): call_user_func_array(''url_for1'', Array)\n#4 /home/user/projects/diffco/apps/front/modules/client/templates/_renderReportsList.php(28): url_for(''@reportDetail?i...'')\n#5 /home/user/projects/diffco/cache/front/prod/config/config_core_compile.yml.php(3851): require(''/home/user/proj...'')\n#6 /home/user/projects/diffco/lib/vendor/diem/symfony/lib/view/sfPartialView.class.php(124): sfPHPView->renderFile(''/home/user/proj...'')\n#7 /home/user/projects/diffco/lib/vendor/diem/symfony/lib/helper/PartialHelper.php(218): sfPartialView->render()\n#8 /home/user/projects/diffco/apps/front/modules/client/actions/actions.class.php(157): get_partial(''renderReportsLi...'', Array)\n#9 /home/user/projects/diffco/cache/front/prod/config/config_core_compile.yml.php(459): clientActions->executeSearchReports(Object(dmWebRequest))\n#10 /home/user/projects/diffco/cache/front/prod/config/config_core_compile.yml.php(952): sfActions->execute(Object(dmWebRequest))\n#11 /home/user/projects/diffco/cache/front/prod/config/config_core_compile.yml.php(947): sfExecutionFilter->executeAction(Object(clientActions))\n#12 /home/user/projects/diffco/cache/front/prod/config/config_core_compile.yml.php(933): sfExecutionFilter->handleAction(Object(sfFilterChain), Object(clientActions))\n#13 /home/user/projects/diffco/cache/front/prod/config/config_core_compile.yml.php(1031): sfExecutionFilter->execute(Object(sfFilterChain))\n#14 /home/user/projects/diffco/lib/vendor/diem/symfony/lib/filter/sfCacheFilter.class.php(65): sfFilterChain->execute()\n#15 /home/user/projects/diffco/cache/front/prod/config/config_core_compile.yml.php(1031): sfCacheFilter->execute(Object(sfFilterChain))\n#16 /home/user/projects/diffco/lib/vendor/diem/dmFrontPlugin/lib/filter/dmFrontInitFilter.php(34): sfFilterChain->execute()\n#17 /home/user/projects/diffco/cache/front/prod/config/config_core_compile.yml.php(1031): dmFrontInitFilter->execute(Object(sfFilterChain))\n#18 /home/user/projects/diffco/lib/vendor/diem/dmCorePlugin/plugins/dmUserPlugin/lib/dmRememberMeFilter.class.php(56): sfFilterChain->execute()\n#19 /home/user/projects/diffco/cache/front/prod/config/config_core_compile.yml.php(1031): dmRememberMeFilter->execute(Object(sfFilterChain))\n#20 /home/user/projects/diffco/cache/front/prod/config/config_core_compile.yml.php(995): sfFilterChain->execute()\n#21 /home/user/projects/diffco/cache/front/prod/config/config_core_compile.yml.php(1031): sfRenderingFilter->execute(Object(sfFilterChain))\n#22 /home/user/projects/diffco/cache/front/prod/config/config_core_compile.yml.php(665): sfFilterChain->execute()\n#23 /home/user/projects/diffco/lib/vendor/diem/dmCorePlugin/lib/controller/dmFrontWebController.php(38): sfController->forward(''client'', ''searchReports'')\n#24 /home/user/projects/diffco/lib/vendor/diem/dmCorePlugin/lib/context/dmContext.php(290): dmFrontWebController->dispatch()\n#25 /home/user/projects/diffco/web/index.php(7): dmContext->dispatch()\n#26 {main}', 'client', 'searchReports', 'http://diffco.local/+/client/searchReports', 'prod', '2015-02-10 08:00:17');
INSERT INTO `dm_error` (`id`, `php_class`, `name`, `description`, `module`, `action`, `uri`, `env`, `created_at`) VALUES
(134, 'sfConfigurationException', 'The route "reportDetail" does not exist.', 'The route "reportDetail" does not exist.\n#0 /home/user/projects/diffco/cache/front/prod/config/config_core_compile.yml.php(2250): sfPatternRouting->generate(''reportDetail'', Array, false)\n#1 /home/user/projects/diffco/lib/vendor/diem/symfony/lib/helper/UrlHelper.php(100): sfWebController->genUrl(''@reportDetail?i...'', false)\n#2 [internal function]: url_for1(''@reportDetail?i...'')\n#3 /home/user/projects/diffco/lib/vendor/diem/symfony/lib/helper/UrlHelper.php(127): call_user_func_array(''url_for1'', Array)\n#4 /home/user/projects/diffco/apps/front/modules/client/templates/_renderReportsList.php(28): url_for(''@reportDetail?i...'')\n#5 /home/user/projects/diffco/cache/front/prod/config/config_core_compile.yml.php(3851): require(''/home/user/proj...'')\n#6 /home/user/projects/diffco/lib/vendor/diem/symfony/lib/view/sfPartialView.class.php(124): sfPHPView->renderFile(''/home/user/proj...'')\n#7 /home/user/projects/diffco/lib/vendor/diem/symfony/lib/helper/PartialHelper.php(218): sfPartialView->render()\n#8 /home/user/projects/diffco/apps/front/modules/client/actions/actions.class.php(157): get_partial(''renderReportsLi...'', Array)\n#9 /home/user/projects/diffco/cache/front/prod/config/config_core_compile.yml.php(459): clientActions->executeSearchReports(Object(dmWebRequest))\n#10 /home/user/projects/diffco/cache/front/prod/config/config_core_compile.yml.php(952): sfActions->execute(Object(dmWebRequest))\n#11 /home/user/projects/diffco/cache/front/prod/config/config_core_compile.yml.php(947): sfExecutionFilter->executeAction(Object(clientActions))\n#12 /home/user/projects/diffco/cache/front/prod/config/config_core_compile.yml.php(933): sfExecutionFilter->handleAction(Object(sfFilterChain), Object(clientActions))\n#13 /home/user/projects/diffco/cache/front/prod/config/config_core_compile.yml.php(1031): sfExecutionFilter->execute(Object(sfFilterChain))\n#14 /home/user/projects/diffco/lib/vendor/diem/symfony/lib/filter/sfCacheFilter.class.php(65): sfFilterChain->execute()\n#15 /home/user/projects/diffco/cache/front/prod/config/config_core_compile.yml.php(1031): sfCacheFilter->execute(Object(sfFilterChain))\n#16 /home/user/projects/diffco/lib/vendor/diem/dmFrontPlugin/lib/filter/dmFrontInitFilter.php(34): sfFilterChain->execute()\n#17 /home/user/projects/diffco/cache/front/prod/config/config_core_compile.yml.php(1031): dmFrontInitFilter->execute(Object(sfFilterChain))\n#18 /home/user/projects/diffco/lib/vendor/diem/dmCorePlugin/plugins/dmUserPlugin/lib/dmRememberMeFilter.class.php(56): sfFilterChain->execute()\n#19 /home/user/projects/diffco/cache/front/prod/config/config_core_compile.yml.php(1031): dmRememberMeFilter->execute(Object(sfFilterChain))\n#20 /home/user/projects/diffco/cache/front/prod/config/config_core_compile.yml.php(995): sfFilterChain->execute()\n#21 /home/user/projects/diffco/cache/front/prod/config/config_core_compile.yml.php(1031): sfRenderingFilter->execute(Object(sfFilterChain))\n#22 /home/user/projects/diffco/cache/front/prod/config/config_core_compile.yml.php(665): sfFilterChain->execute()\n#23 /home/user/projects/diffco/lib/vendor/diem/dmCorePlugin/lib/controller/dmFrontWebController.php(38): sfController->forward(''client'', ''searchReports'')\n#24 /home/user/projects/diffco/lib/vendor/diem/dmCorePlugin/lib/context/dmContext.php(290): dmFrontWebController->dispatch()\n#25 /home/user/projects/diffco/web/index.php(7): dmContext->dispatch()\n#26 {main}', 'client', 'searchReports', 'http://diffco.local/+/client/searchReports', 'prod', '2015-02-10 08:00:32'),
(135, 'Doctrine_Table_Exception', 'Invalid expression found: 4', 'Invalid expression found: 4\n#0 /home/user/projects/diffco/lib/vendor/diem/symfony/lib/plugins/sfDoctrinePlugin/lib/vendor/doctrine/lib/Doctrine/Table.php(1711): Doctrine_Table->buildFindByWhere(''4'')\n#1 /home/user/projects/diffco/apps/front/modules/client/actions/actions.class.php(171): Doctrine_Table->findOneBy(''4'')\n#2 /home/user/projects/diffco/cache/front/prod/config/config_core_compile.yml.php(459): clientActions->executeSignReport(Object(dmWebRequest))\n#3 /home/user/projects/diffco/cache/front/prod/config/config_core_compile.yml.php(952): sfActions->execute(Object(dmWebRequest))\n#4 /home/user/projects/diffco/cache/front/prod/config/config_core_compile.yml.php(947): sfExecutionFilter->executeAction(Object(clientActions))\n#5 /home/user/projects/diffco/cache/front/prod/config/config_core_compile.yml.php(933): sfExecutionFilter->handleAction(Object(sfFilterChain), Object(clientActions))\n#6 /home/user/projects/diffco/cache/front/prod/config/config_core_compile.yml.php(1031): sfExecutionFilter->execute(Object(sfFilterChain))\n#7 /home/user/projects/diffco/lib/vendor/diem/symfony/lib/filter/sfCacheFilter.class.php(65): sfFilterChain->execute()\n#8 /home/user/projects/diffco/cache/front/prod/config/config_core_compile.yml.php(1031): sfCacheFilter->execute(Object(sfFilterChain))\n#9 /home/user/projects/diffco/lib/vendor/diem/dmFrontPlugin/lib/filter/dmFrontInitFilter.php(34): sfFilterChain->execute()\n#10 /home/user/projects/diffco/cache/front/prod/config/config_core_compile.yml.php(1031): dmFrontInitFilter->execute(Object(sfFilterChain))\n#11 /home/user/projects/diffco/lib/vendor/diem/dmCorePlugin/plugins/dmUserPlugin/lib/dmRememberMeFilter.class.php(56): sfFilterChain->execute()\n#12 /home/user/projects/diffco/cache/front/prod/config/config_core_compile.yml.php(1031): dmRememberMeFilter->execute(Object(sfFilterChain))\n#13 /home/user/projects/diffco/cache/front/prod/config/config_core_compile.yml.php(995): sfFilterChain->execute()\n#14 /home/user/projects/diffco/cache/front/prod/config/config_core_compile.yml.php(1031): sfRenderingFilter->execute(Object(sfFilterChain))\n#15 /home/user/projects/diffco/cache/front/prod/config/config_core_compile.yml.php(665): sfFilterChain->execute()\n#16 /home/user/projects/diffco/lib/vendor/diem/dmCorePlugin/lib/controller/dmFrontWebController.php(38): sfController->forward(''client'', ''signReport'')\n#17 /home/user/projects/diffco/lib/vendor/diem/dmCorePlugin/lib/context/dmContext.php(290): dmFrontWebController->dispatch()\n#18 /home/user/projects/diffco/web/index.php(7): dmContext->dispatch()\n#19 {main}', 'client', 'signReport', 'http://diffco.local/+/client/signReport', 'prod', '2015-02-10 10:58:47'),
(136, 'Doctrine_Table_Exception', 'Invalid expression found: 4', 'Invalid expression found: 4\n#0 /home/user/projects/diffco/lib/vendor/diem/symfony/lib/plugins/sfDoctrinePlugin/lib/vendor/doctrine/lib/Doctrine/Table.php(1711): Doctrine_Table->buildFindByWhere(''4'')\n#1 /home/user/projects/diffco/apps/front/modules/client/actions/actions.class.php(171): Doctrine_Table->findOneBy(''4'')\n#2 /home/user/projects/diffco/lib/vendor/diem/symfony/lib/action/sfActions.class.php(60): clientActions->executeSignReport(Object(dmWebRequest))\n#3 /home/user/projects/diffco/lib/vendor/diem/symfony/lib/filter/sfExecutionFilter.class.php(92): sfActions->execute(Object(dmWebRequest))\n#4 /home/user/projects/diffco/lib/vendor/diem/symfony/lib/filter/sfExecutionFilter.class.php(78): sfExecutionFilter->executeAction(Object(clientActions))\n#5 /home/user/projects/diffco/lib/vendor/diem/symfony/lib/filter/sfExecutionFilter.class.php(42): sfExecutionFilter->handleAction(Object(sfFilterChain), Object(clientActions))\n#6 /home/user/projects/diffco/lib/vendor/diem/symfony/lib/filter/sfFilterChain.class.php(53): sfExecutionFilter->execute(Object(sfFilterChain))\n#7 /home/user/projects/diffco/lib/vendor/diem/dmFrontPlugin/lib/filter/dmFrontInitFilter.php(34): sfFilterChain->execute()\n#8 /home/user/projects/diffco/lib/vendor/diem/symfony/lib/filter/sfFilterChain.class.php(53): dmFrontInitFilter->execute(Object(sfFilterChain))\n#9 /home/user/projects/diffco/lib/vendor/diem/dmCorePlugin/plugins/dmUserPlugin/lib/dmRememberMeFilter.class.php(56): sfFilterChain->execute()\n#10 /home/user/projects/diffco/lib/vendor/diem/symfony/lib/filter/sfFilterChain.class.php(53): dmRememberMeFilter->execute(Object(sfFilterChain))\n#11 /home/user/projects/diffco/lib/vendor/diem/symfony/lib/filter/sfRenderingFilter.class.php(33): sfFilterChain->execute()\n#12 /home/user/projects/diffco/lib/vendor/diem/symfony/lib/filter/sfFilterChain.class.php(53): sfRenderingFilter->execute(Object(sfFilterChain))\n#13 /home/user/projects/diffco/lib/vendor/diem/symfony/lib/controller/sfController.class.php(238): sfFilterChain->execute()\n#14 /home/user/projects/diffco/lib/vendor/diem/dmCorePlugin/lib/controller/dmFrontWebController.php(38): sfController->forward(''client'', ''signReport'')\n#15 /home/user/projects/diffco/lib/vendor/diem/dmCorePlugin/lib/context/dmContext.php(290): dmFrontWebController->dispatch()\n#16 /home/user/projects/diffco/web/dev.php(7): dmContext->dispatch()\n#17 {main}', 'client', 'signReport', 'http://diffco.local/dev.php/+/client/signReport', 'dev', '2015-02-10 10:59:44'),
(137, 'Doctrine_Table_Exception', 'Invalid expression found: 4', 'Invalid expression found: 4\n#0 /home/user/projects/diffco/lib/vendor/diem/symfony/lib/plugins/sfDoctrinePlugin/lib/vendor/doctrine/lib/Doctrine/Table.php(1711): Doctrine_Table->buildFindByWhere(''4'')\n#1 /home/user/projects/diffco/apps/front/modules/client/actions/actions.class.php(171): Doctrine_Table->findOneBy(''4'')\n#2 /home/user/projects/diffco/lib/vendor/diem/symfony/lib/action/sfActions.class.php(60): clientActions->executeSignReport(Object(dmWebRequest))\n#3 /home/user/projects/diffco/lib/vendor/diem/symfony/lib/filter/sfExecutionFilter.class.php(92): sfActions->execute(Object(dmWebRequest))\n#4 /home/user/projects/diffco/lib/vendor/diem/symfony/lib/filter/sfExecutionFilter.class.php(78): sfExecutionFilter->executeAction(Object(clientActions))\n#5 /home/user/projects/diffco/lib/vendor/diem/symfony/lib/filter/sfExecutionFilter.class.php(42): sfExecutionFilter->handleAction(Object(sfFilterChain), Object(clientActions))\n#6 /home/user/projects/diffco/lib/vendor/diem/symfony/lib/filter/sfFilterChain.class.php(53): sfExecutionFilter->execute(Object(sfFilterChain))\n#7 /home/user/projects/diffco/lib/vendor/diem/dmFrontPlugin/lib/filter/dmFrontInitFilter.php(34): sfFilterChain->execute()\n#8 /home/user/projects/diffco/lib/vendor/diem/symfony/lib/filter/sfFilterChain.class.php(53): dmFrontInitFilter->execute(Object(sfFilterChain))\n#9 /home/user/projects/diffco/lib/vendor/diem/dmCorePlugin/plugins/dmUserPlugin/lib/dmRememberMeFilter.class.php(56): sfFilterChain->execute()\n#10 /home/user/projects/diffco/lib/vendor/diem/symfony/lib/filter/sfFilterChain.class.php(53): dmRememberMeFilter->execute(Object(sfFilterChain))\n#11 /home/user/projects/diffco/lib/vendor/diem/symfony/lib/filter/sfRenderingFilter.class.php(33): sfFilterChain->execute()\n#12 /home/user/projects/diffco/lib/vendor/diem/symfony/lib/filter/sfFilterChain.class.php(53): sfRenderingFilter->execute(Object(sfFilterChain))\n#13 /home/user/projects/diffco/lib/vendor/diem/symfony/lib/controller/sfController.class.php(238): sfFilterChain->execute()\n#14 /home/user/projects/diffco/lib/vendor/diem/dmCorePlugin/lib/controller/dmFrontWebController.php(38): sfController->forward(''client'', ''signReport'')\n#15 /home/user/projects/diffco/lib/vendor/diem/dmCorePlugin/lib/context/dmContext.php(290): dmFrontWebController->dispatch()\n#16 /home/user/projects/diffco/web/dev.php(7): dmContext->dispatch()\n#17 {main}', 'client', 'signReport', 'http://diffco.local/dev.php/+/client/signReport', 'dev', '2015-02-10 11:00:05'),
(138, 'Doctrine_Table_Exception', 'Invalid expression found: 4', 'Invalid expression found: 4\n#0 /home/user/projects/diffco/lib/vendor/diem/symfony/lib/plugins/sfDoctrinePlugin/lib/vendor/doctrine/lib/Doctrine/Table.php(1711): Doctrine_Table->buildFindByWhere(''4'')\n#1 /home/user/projects/diffco/apps/front/modules/client/actions/actions.class.php(171): Doctrine_Table->findOneBy(''4'')\n#2 /home/user/projects/diffco/lib/vendor/diem/symfony/lib/action/sfActions.class.php(60): clientActions->executeSignReport(Object(dmWebRequest))\n#3 /home/user/projects/diffco/lib/vendor/diem/symfony/lib/filter/sfExecutionFilter.class.php(92): sfActions->execute(Object(dmWebRequest))\n#4 /home/user/projects/diffco/lib/vendor/diem/symfony/lib/filter/sfExecutionFilter.class.php(78): sfExecutionFilter->executeAction(Object(clientActions))\n#5 /home/user/projects/diffco/lib/vendor/diem/symfony/lib/filter/sfExecutionFilter.class.php(42): sfExecutionFilter->handleAction(Object(sfFilterChain), Object(clientActions))\n#6 /home/user/projects/diffco/lib/vendor/diem/symfony/lib/filter/sfFilterChain.class.php(53): sfExecutionFilter->execute(Object(sfFilterChain))\n#7 /home/user/projects/diffco/lib/vendor/diem/dmFrontPlugin/lib/filter/dmFrontInitFilter.php(34): sfFilterChain->execute()\n#8 /home/user/projects/diffco/lib/vendor/diem/symfony/lib/filter/sfFilterChain.class.php(53): dmFrontInitFilter->execute(Object(sfFilterChain))\n#9 /home/user/projects/diffco/lib/vendor/diem/dmCorePlugin/plugins/dmUserPlugin/lib/dmRememberMeFilter.class.php(56): sfFilterChain->execute()\n#10 /home/user/projects/diffco/lib/vendor/diem/symfony/lib/filter/sfFilterChain.class.php(53): dmRememberMeFilter->execute(Object(sfFilterChain))\n#11 /home/user/projects/diffco/lib/vendor/diem/symfony/lib/filter/sfRenderingFilter.class.php(33): sfFilterChain->execute()\n#12 /home/user/projects/diffco/lib/vendor/diem/symfony/lib/filter/sfFilterChain.class.php(53): sfRenderingFilter->execute(Object(sfFilterChain))\n#13 /home/user/projects/diffco/lib/vendor/diem/symfony/lib/controller/sfController.class.php(238): sfFilterChain->execute()\n#14 /home/user/projects/diffco/lib/vendor/diem/dmCorePlugin/lib/controller/dmFrontWebController.php(38): sfController->forward(''client'', ''signReport'')\n#15 /home/user/projects/diffco/lib/vendor/diem/dmCorePlugin/lib/context/dmContext.php(290): dmFrontWebController->dispatch()\n#16 /home/user/projects/diffco/web/dev.php(7): dmContext->dispatch()\n#17 {main}', 'client', 'signReport', 'http://diffco.local/dev.php/+/client/signReport', 'dev', '2015-02-10 11:01:48'),
(139, 'Doctrine_Table_Exception', 'Invalid expression found: 4', 'Invalid expression found: 4\n#0 /home/user/projects/diffco/lib/vendor/diem/symfony/lib/plugins/sfDoctrinePlugin/lib/vendor/doctrine/lib/Doctrine/Table.php(1711): Doctrine_Table->buildFindByWhere(''4'')\n#1 /home/user/projects/diffco/apps/front/modules/client/actions/actions.class.php(171): Doctrine_Table->findOneBy(''4'')\n#2 /home/user/projects/diffco/lib/vendor/diem/symfony/lib/action/sfActions.class.php(60): clientActions->executeSignReport(Object(dmWebRequest))\n#3 /home/user/projects/diffco/lib/vendor/diem/symfony/lib/filter/sfExecutionFilter.class.php(92): sfActions->execute(Object(dmWebRequest))\n#4 /home/user/projects/diffco/lib/vendor/diem/symfony/lib/filter/sfExecutionFilter.class.php(78): sfExecutionFilter->executeAction(Object(clientActions))\n#5 /home/user/projects/diffco/lib/vendor/diem/symfony/lib/filter/sfExecutionFilter.class.php(42): sfExecutionFilter->handleAction(Object(sfFilterChain), Object(clientActions))\n#6 /home/user/projects/diffco/lib/vendor/diem/symfony/lib/filter/sfFilterChain.class.php(53): sfExecutionFilter->execute(Object(sfFilterChain))\n#7 /home/user/projects/diffco/lib/vendor/diem/dmFrontPlugin/lib/filter/dmFrontInitFilter.php(34): sfFilterChain->execute()\n#8 /home/user/projects/diffco/lib/vendor/diem/symfony/lib/filter/sfFilterChain.class.php(53): dmFrontInitFilter->execute(Object(sfFilterChain))\n#9 /home/user/projects/diffco/lib/vendor/diem/dmCorePlugin/plugins/dmUserPlugin/lib/dmRememberMeFilter.class.php(56): sfFilterChain->execute()\n#10 /home/user/projects/diffco/lib/vendor/diem/symfony/lib/filter/sfFilterChain.class.php(53): dmRememberMeFilter->execute(Object(sfFilterChain))\n#11 /home/user/projects/diffco/lib/vendor/diem/symfony/lib/filter/sfRenderingFilter.class.php(33): sfFilterChain->execute()\n#12 /home/user/projects/diffco/lib/vendor/diem/symfony/lib/filter/sfFilterChain.class.php(53): sfRenderingFilter->execute(Object(sfFilterChain))\n#13 /home/user/projects/diffco/lib/vendor/diem/symfony/lib/controller/sfController.class.php(238): sfFilterChain->execute()\n#14 /home/user/projects/diffco/lib/vendor/diem/dmCorePlugin/lib/controller/dmFrontWebController.php(38): sfController->forward(''client'', ''signReport'')\n#15 /home/user/projects/diffco/lib/vendor/diem/dmCorePlugin/lib/context/dmContext.php(290): dmFrontWebController->dispatch()\n#16 /home/user/projects/diffco/web/dev.php(7): dmContext->dispatch()\n#17 {main}', 'client', 'signReport', 'http://diffco.local/dev.php/+/client/signReport', 'dev', '2015-02-10 11:04:20');

-- --------------------------------------------------------

--
-- Table structure for table `dm_group`
--

CREATE TABLE IF NOT EXISTS `dm_group` (
  `id` bigint(20) NOT NULL AUTO_INCREMENT,
  `name` varchar(255) COLLATE utf8_unicode_ci DEFAULT NULL,
  `description` text COLLATE utf8_unicode_ci,
  `created_at` datetime NOT NULL,
  `updated_at` datetime NOT NULL,
  PRIMARY KEY (`id`),
  UNIQUE KEY `name` (`name`)
) ENGINE=InnoDB  DEFAULT CHARSET=utf8 COLLATE=utf8_unicode_ci AUTO_INCREMENT=7 ;

--
-- Dumping data for table `dm_group`
--

INSERT INTO `dm_group` (`id`, `name`, `description`, `created_at`, `updated_at`) VALUES
(1, 'developer', 'Able to read and update source code', '2015-01-26 10:08:48', '2015-01-26 10:08:48'),
(2, 'seo', 'Seo knowledge', '2015-01-26 10:08:48', '2015-01-26 10:08:48'),
(3, 'integrator', 'Integrator', '2015-01-26 10:08:48', '2015-01-26 10:08:48'),
(4, 'webmaster 1', 'Webmaster level 1', '2015-01-26 10:08:48', '2015-01-26 10:08:48'),
(5, 'writer', 'Writer', '2015-01-26 10:08:48', '2015-01-26 10:08:48'),
(6, 'front_editor', 'Can fast edit front widgets', '2015-01-26 10:08:48', '2015-01-26 10:08:48');

-- --------------------------------------------------------

--
-- Table structure for table `dm_group_permission`
--

CREATE TABLE IF NOT EXISTS `dm_group_permission` (
  `dm_group_id` bigint(20) NOT NULL DEFAULT '0',
  `dm_permission_id` bigint(20) NOT NULL DEFAULT '0',
  PRIMARY KEY (`dm_group_id`,`dm_permission_id`),
  KEY `dm_group_permission_dm_permission_id_dm_permission_id` (`dm_permission_id`)
) ENGINE=InnoDB DEFAULT CHARSET=utf8 COLLATE=utf8_unicode_ci;

--
-- Dumping data for table `dm_group_permission`
--

INSERT INTO `dm_group_permission` (`dm_group_id`, `dm_permission_id`) VALUES
(1, 1),
(2, 2),
(3, 2),
(4, 2),
(5, 2),
(3, 5),
(3, 9),
(4, 9),
(5, 9),
(3, 10),
(3, 11),
(3, 12),
(3, 13),
(3, 14),
(3, 15),
(6, 16),
(6, 17),
(6, 18),
(6, 19),
(6, 20),
(6, 21),
(6, 22),
(3, 23),
(3, 24),
(3, 25),
(2, 26),
(3, 26),
(4, 26),
(5, 26),
(3, 27),
(4, 27),
(5, 27),
(3, 28),
(2, 30),
(3, 30),
(4, 30),
(5, 30),
(2, 31),
(3, 31),
(4, 31),
(3, 32),
(4, 32),
(2, 33),
(3, 33),
(4, 33),
(2, 34),
(3, 34),
(4, 34),
(5, 34),
(3, 35),
(3, 36),
(2, 37),
(2, 38),
(2, 39),
(2, 41),
(2, 42),
(2, 43),
(2, 44),
(2, 45),
(4, 47),
(2, 48),
(3, 48),
(4, 48),
(5, 48),
(2, 49),
(3, 49),
(4, 49),
(5, 49),
(2, 54),
(3, 54),
(4, 54),
(3, 55),
(4, 55),
(3, 56),
(3, 60);

-- --------------------------------------------------------

--
-- Table structure for table `dm_layout`
--

CREATE TABLE IF NOT EXISTS `dm_layout` (
  `id` bigint(20) NOT NULL AUTO_INCREMENT,
  `name` varchar(255) COLLATE utf8_unicode_ci NOT NULL,
  `template` varchar(255) COLLATE utf8_unicode_ci NOT NULL DEFAULT 'page',
  `css_class` varchar(255) COLLATE utf8_unicode_ci DEFAULT NULL,
  PRIMARY KEY (`id`),
  UNIQUE KEY `name` (`name`)
) ENGINE=InnoDB  DEFAULT CHARSET=utf8 COLLATE=utf8_unicode_ci AUTO_INCREMENT=7 ;

--
-- Dumping data for table `dm_layout`
--

INSERT INTO `dm_layout` (`id`, `name`, `template`, `css_class`) VALUES
(1, 'Global', 'page', ''),
(2, 'Страница менеджера', 'managerPage', ''),
(3, 'Страница клиента', 'clientPage', 'with-submenu'),
(4, 'Страница авторизации', 'authPage', ''),
(5, 'Страница администратора', 'administratorPage', ''),
(6, 'Главная страница', 'mainPage', '');

-- --------------------------------------------------------

--
-- Table structure for table `dm_lock`
--

CREATE TABLE IF NOT EXISTS `dm_lock` (
  `id` bigint(20) NOT NULL AUTO_INCREMENT,
  `user_id` bigint(20) NOT NULL,
  `user_name` varchar(255) COLLATE utf8_unicode_ci NOT NULL,
  `module` varchar(127) COLLATE utf8_unicode_ci NOT NULL,
  `action` varchar(127) COLLATE utf8_unicode_ci NOT NULL,
  `record_id` bigint(20) unsigned NOT NULL DEFAULT '0',
  `time` bigint(20) NOT NULL,
  `app` varchar(127) COLLATE utf8_unicode_ci NOT NULL,
  `url` varchar(255) COLLATE utf8_unicode_ci NOT NULL,
  `culture` varchar(15) COLLATE utf8_unicode_ci NOT NULL,
  PRIMARY KEY (`id`),
  UNIQUE KEY `dmLockIndex_idx` (`user_id`,`module`,`action`,`record_id`),
  KEY `user_id_idx` (`user_id`)
) ENGINE=InnoDB  DEFAULT CHARSET=utf8 COLLATE=utf8_unicode_ci AUTO_INCREMENT=32 ;

--
-- Dumping data for table `dm_lock`
--

INSERT INTO `dm_lock` (`id`, `user_id`, `user_name`, `module`, `action`, `record_id`, `time`, `app`, `url`, `culture`) VALUES
(27, 1, 'admin', 'client', 'index', 0, 1422600372, 'admin', '/admin.php/content/osnovnoe/klientyi/index?sort=login&sort_type=asc', 'ru'),
(30, 1, 'admin', 'client', 'edit', 20, 1422600298, 'admin', '/admin.php/content/osnovnoe/klientyi/edit/pk/20', 'ru'),
(31, 1, 'admin', 'dmUserAdmin', 'edit', 2, 1422600321, 'admin', '/admin.php/system/security/users/edit/pk/2', 'ru');

-- --------------------------------------------------------

--
-- Table structure for table `dm_mail_template`
--

CREATE TABLE IF NOT EXISTS `dm_mail_template` (
  `id` bigint(20) NOT NULL AUTO_INCREMENT,
  `name` varchar(255) COLLATE utf8_unicode_ci NOT NULL,
  `vars` text COLLATE utf8_unicode_ci,
  `created_at` datetime NOT NULL,
  `updated_at` datetime NOT NULL,
  PRIMARY KEY (`id`),
  UNIQUE KEY `name` (`name`)
) ENGINE=InnoDB  DEFAULT CHARSET=utf8 COLLATE=utf8_unicode_ci AUTO_INCREMENT=9 ;

--
-- Dumping data for table `dm_mail_template`
--

INSERT INTO `dm_mail_template` (`id`, `name`, `vars`, `created_at`, `updated_at`) VALUES
(1, 'dm_user_forgot_password', 'username, email, step2_url', '2015-01-26 10:08:50', '2015-01-26 10:08:50'),
(5, 'client_bank_details_change_for_manager', 'bank_address, bank_details_id, bank_inn, bank_kpp, bank_name, beneficiary_bank_account, beneficiary_bank_address, beneficiary_bank_name, beneficiary_bank_swift_code, bik, client_id, correspondent_account, correspondent_bank_account, correspondent_bank_address, correspondent_bank_name, correspondent_bank_swift_code, mailto, name_account, purpose_payment, receiver_inn, receiver_kpp, receiver_settlement_account, recipient', '2015-02-09 07:39:46', '2015-02-10 12:46:02'),
(6, 'client_passport_data_change_for_manager', 'birth_date, birth_place, client_id, inn, mailto, name, passport_date, passport_number, passport_series, patronymic, place_of_issue, post_address, registration, surname', '2015-02-09 07:40:04', '2015-02-10 12:57:45'),
(8, 'client_bank_details_request_for_manager', 'mailto', '2015-02-10 12:47:44', '2015-02-10 12:47:44');

-- --------------------------------------------------------

--
-- Table structure for table `dm_mail_template_translation`
--

CREATE TABLE IF NOT EXISTS `dm_mail_template_translation` (
  `id` bigint(20) NOT NULL DEFAULT '0',
  `description` text COLLATE utf8_unicode_ci,
  `subject` text COLLATE utf8_unicode_ci NOT NULL,
  `body` longtext COLLATE utf8_unicode_ci NOT NULL,
  `from_email` text COLLATE utf8_unicode_ci NOT NULL,
  `to_email` text COLLATE utf8_unicode_ci,
  `cc_email` text COLLATE utf8_unicode_ci,
  `bcc_email` text COLLATE utf8_unicode_ci,
  `reply_to_email` text COLLATE utf8_unicode_ci,
  `sender_email` text COLLATE utf8_unicode_ci,
  `list_unsubscribe` text COLLATE utf8_unicode_ci,
  `is_html` tinyint(1) NOT NULL DEFAULT '0',
  `is_active` tinyint(1) NOT NULL DEFAULT '1',
  `lang` char(7) COLLATE utf8_unicode_ci NOT NULL DEFAULT '',
  PRIMARY KEY (`id`,`lang`)
) ENGINE=InnoDB DEFAULT CHARSET=utf8 COLLATE=utf8_unicode_ci;

--
-- Dumping data for table `dm_mail_template_translation`
--

INSERT INTO `dm_mail_template_translation` (`id`, `description`, `subject`, `body`, `from_email`, `to_email`, `cc_email`, `bcc_email`, `reply_to_email`, `sender_email`, `list_unsubscribe`, `is_html`, `is_active`, `lang`) VALUES
(1, 'Sent to a user that requests a new password', 'Diffco: change your password', 'Hello %username%\nYou can choose a new password at %step2_url%', 'webmaster@domain.com', '%email%', NULL, NULL, NULL, NULL, NULL, 0, 1, 'ru'),
(5, '', 'Default subject', 'Name account : %name_account%\r\nRecipient : %recipient%\r\nPurpose payment : %purpose_payment%\r\nBank name : %bank_name%\r\nBank address : %bank_address%\r\nBik : %bik%\r\nBank kpp : %bank_kpp%\r\nBank inn : %bank_inn%\r\nCorrespondent account : %correspondent_account%\r\nReceiver settlement account : %receiver_settlement_account%\r\nReceiver inn : %receiver_inn%\r\nReceiver kpp : %receiver_kpp%\r\nBeneficiary bank name : %beneficiary_bank_name%\r\nBeneficiary bank swift code : %beneficiary_bank_swift_code%\r\nBeneficiary bank address : %beneficiary_bank_address%\r\nBeneficiary bank account : %beneficiary_bank_account%\r\nCorrespondent bank name : %correspondent_bank_name%\r\nCorrespondent bank swift code : %correspondent_bank_swift_code%\r\nCorrespondent bank address : %correspondent_bank_address%\r\nCorrespondent bank account : %correspondent_bank_account%\r\nClient : %client_id%\r\nBank details : %bank_details_id%', 'noreply@nomail.com', '%mailto%', '', '', '', '', '', 0, 1, 'ru'),
(6, '', 'Default subject', 'Surname : %surname%\r\nName : %name%\r\nPatronymic : %patronymic%\r\nBirth date : %birth_date%\r\nBirth place : %birth_place%\r\nPost address : %post_address%\r\nPassport series : %passport_series%\r\nPassport number : %passport_number%\r\nRegistration : %registration%\r\nPassport date : %passport_date%\r\nInn : %inn%\r\nPlace of issue : %place_of_issue%\r\nClient : %client_id%', 'noreply@nomail.com', '%mailto%', '', '', '', '', '', 0, 1, 'ru'),
(8, '', 'Default subject', 'Запрос', 'noreply@nomail.com', '%mailto%', '', '', '', '', '', 0, 1, 'ru');

-- --------------------------------------------------------

--
-- Table structure for table `dm_media`
--

CREATE TABLE IF NOT EXISTS `dm_media` (
  `id` bigint(20) NOT NULL AUTO_INCREMENT,
  `dm_media_folder_id` bigint(20) NOT NULL,
  `file` varchar(255) COLLATE utf8_unicode_ci NOT NULL,
  `mime` varchar(128) COLLATE utf8_unicode_ci NOT NULL,
  `size` int(10) unsigned DEFAULT NULL,
  `dimensions` varchar(15) COLLATE utf8_unicode_ci DEFAULT NULL,
  `created_at` datetime NOT NULL,
  `updated_at` datetime NOT NULL,
  PRIMARY KEY (`id`),
  UNIQUE KEY `folderFile_idx` (`dm_media_folder_id`,`file`),
  KEY `dm_media_folder_id_idx` (`dm_media_folder_id`)
) ENGINE=InnoDB  DEFAULT CHARSET=utf8 COLLATE=utf8_unicode_ci AUTO_INCREMENT=9 ;

--
-- Dumping data for table `dm_media`
--

INSERT INTO `dm_media` (`id`, `dm_media_folder_id`, `file`, `mime`, `size`, `dimensions`, `created_at`, `updated_at`) VALUES
(2, 1, 'defaultmedia.jpg', 'image/jpeg', 159453, '1000x700', '2015-01-30 09:41:11', '2015-01-31 17:37:14'),
(8, 3, 'scan.jpg', 'image/jpeg', 39812, NULL, '2015-02-06 11:40:05', '2015-02-06 11:40:05');

-- --------------------------------------------------------

--
-- Table structure for table `dm_media_folder`
--

CREATE TABLE IF NOT EXISTS `dm_media_folder` (
  `id` bigint(20) NOT NULL AUTO_INCREMENT,
  `rel_path` varchar(255) COLLATE utf8_unicode_ci NOT NULL,
  `lft` int(11) DEFAULT NULL,
  `rgt` int(11) DEFAULT NULL,
  `level` smallint(6) DEFAULT NULL,
  PRIMARY KEY (`id`),
  UNIQUE KEY `rel_path` (`rel_path`)
) ENGINE=InnoDB  DEFAULT CHARSET=utf8 COLLATE=utf8_unicode_ci AUTO_INCREMENT=4 ;

--
-- Dumping data for table `dm_media_folder`
--

INSERT INTO `dm_media_folder` (`id`, `rel_path`, `lft`, `rgt`, `level`) VALUES
(1, '', 1, 6, 0),
(2, 'assets', 2, 3, 1),
(3, 'scans', 4, 5, 1);

-- --------------------------------------------------------

--
-- Table structure for table `dm_media_translation`
--

CREATE TABLE IF NOT EXISTS `dm_media_translation` (
  `id` bigint(20) NOT NULL DEFAULT '0',
  `legend` varchar(255) COLLATE utf8_unicode_ci DEFAULT NULL,
  `author` varchar(255) COLLATE utf8_unicode_ci DEFAULT NULL,
  `license` varchar(255) COLLATE utf8_unicode_ci DEFAULT NULL,
  `lang` char(7) COLLATE utf8_unicode_ci NOT NULL DEFAULT '',
  PRIMARY KEY (`id`,`lang`)
) ENGINE=InnoDB DEFAULT CHARSET=utf8 COLLATE=utf8_unicode_ci;

-- --------------------------------------------------------

--
-- Table structure for table `dm_page`
--

CREATE TABLE IF NOT EXISTS `dm_page` (
  `id` bigint(20) NOT NULL AUTO_INCREMENT,
  `module` varchar(127) COLLATE utf8_unicode_ci NOT NULL,
  `action` varchar(127) COLLATE utf8_unicode_ci NOT NULL,
  `record_id` bigint(20) unsigned NOT NULL DEFAULT '0',
  `credentials` varchar(255) COLLATE utf8_unicode_ci DEFAULT NULL,
  `lft` int(11) DEFAULT NULL,
  `rgt` int(11) DEFAULT NULL,
  `level` smallint(6) DEFAULT NULL,
  PRIMARY KEY (`id`),
  UNIQUE KEY `recordModuleAction_idx` (`module`,`action`,`record_id`)
) ENGINE=InnoDB  DEFAULT CHARSET=utf8 COLLATE=utf8_unicode_ci AUTO_INCREMENT=34 ;

--
-- Dumping data for table `dm_page`
--

INSERT INTO `dm_page` (`id`, `module`, `action`, `record_id`, `credentials`, `lft`, `rgt`, `level`) VALUES
(1, 'main', 'root', 0, '', 1, 66, 0),
(2, 'main', 'error404', 0, NULL, 4, 5, 1),
(3, 'main', 'signin', 0, NULL, 2, 3, 1),
(4, 'main', 'personal', 0, '', 6, 17, 1),
(5, 'main', 'client', 0, '', 18, 29, 1),
(6, 'main', 'schetaIPortfeli', 0, '', 30, 31, 1),
(7, 'main', 'otchyotyi', 0, '', 32, 35, 1),
(8, 'main', 'vashiDannyie', 0, NULL, 19, 20, 2),
(9, 'main', 'porucheniya', 0, '', 36, 47, 1),
(10, 'main', 'vashMenedzher', 0, NULL, 21, 22, 2),
(11, 'main', 'vashiDannyieYuridicheskoeLitso', 0, '', 23, 24, 2),
(12, 'main', 'smenaParolya', 0, '', 25, 26, 2),
(13, 'main', 'klientyi', 0, NULL, 7, 14, 2),
(14, 'main', 'vashProfil', 0, NULL, 15, 16, 2),
(15, 'main', 'prosmotrKlienta', 0, NULL, 8, 9, 3),
(16, 'main', 'prosmotrKlientaYurLitso', 0, NULL, 10, 11, 3),
(17, 'main', 'izmenenieKlienta', 0, NULL, 12, 13, 3),
(18, 'main', 'administrator', 0, NULL, 48, 61, 1),
(19, 'main', 'klientyi2', 0, NULL, 49, 54, 2),
(20, 'main', 'menedzheryi', 0, NULL, 55, 56, 2),
(21, 'main', 'vashProfil2', 0, NULL, 57, 58, 2),
(22, 'main', 'spravochniki', 0, NULL, 59, 60, 2),
(23, 'main', 'otchyot', 0, NULL, 33, 34, 2),
(24, 'main', 'vyivodDenezhnyihSredstv', 0, NULL, 37, 38, 2),
(25, 'main', 'vyivodTsennyihBumag', 0, NULL, 39, 40, 2),
(26, 'main', 'perevodMezhduTorgovyimiPloschadkami', 0, NULL, 41, 42, 2),
(27, 'main', 'perevodMezhduPortfelyamiDogovorami', 0, NULL, 43, 44, 2),
(28, 'main', 'konvertatsiyaDenezhnyihSredstv', 0, NULL, 45, 46, 2),
(29, 'main', 'izmenitSchyot', 0, NULL, 50, 51, 3),
(30, 'main', 'dobavitSchyot', 0, NULL, 52, 53, 3),
(33, 'main', 'avtorizatsiya', 0, '', 64, 65, 1);

-- --------------------------------------------------------

--
-- Table structure for table `dm_page_translation`
--

CREATE TABLE IF NOT EXISTS `dm_page_translation` (
  `id` bigint(20) NOT NULL DEFAULT '0',
  `slug` varchar(255) COLLATE utf8_unicode_ci NOT NULL,
  `name` varchar(255) COLLATE utf8_unicode_ci NOT NULL,
  `title` varchar(255) COLLATE utf8_unicode_ci DEFAULT NULL,
  `h1` varchar(255) COLLATE utf8_unicode_ci DEFAULT NULL,
  `description` varchar(255) COLLATE utf8_unicode_ci DEFAULT NULL,
  `keywords` varchar(255) COLLATE utf8_unicode_ci DEFAULT NULL,
  `auto_mod` varchar(6) COLLATE utf8_unicode_ci NOT NULL DEFAULT 'snthdk',
  `is_active` tinyint(1) NOT NULL DEFAULT '1',
  `is_secure` tinyint(1) NOT NULL DEFAULT '0',
  `is_indexable` tinyint(1) NOT NULL DEFAULT '1',
  `lang` char(7) COLLATE utf8_unicode_ci NOT NULL DEFAULT '',
  PRIMARY KEY (`id`,`lang`)
) ENGINE=InnoDB DEFAULT CHARSET=utf8 COLLATE=utf8_unicode_ci;

--
-- Dumping data for table `dm_page_translation`
--

INSERT INTO `dm_page_translation` (`id`, `slug`, `name`, `title`, `h1`, `description`, `keywords`, `auto_mod`, `is_active`, `is_secure`, `is_indexable`, `lang`) VALUES
(1, '', 'Home', 'Home', '', '', '', 'snthdk', 1, 0, 1, 'ru'),
(2, 'error404', 'Page not found', 'Page not found', NULL, NULL, NULL, 'snthdk', 1, 0, 1, 'ru'),
(3, 'security/signin', 'Signin', 'Signin', NULL, NULL, NULL, 'snthdk', 1, 0, 1, 'ru'),
(4, 'manager', 'Менеджер', 'Manager', '', '', '', 'snthdk', 1, 0, 1, 'ru'),
(5, 'client/profile', 'Ваш профиль', 'Ваши данные', '', '', '', 'snthdk', 1, 0, 1, 'ru'),
(6, 'client/portfolios', 'Счета и портфели', 'Счета и портфели', '', '', '', 'snthdk', 1, 0, 1, 'ru'),
(7, 'client/reports', 'Отчеты', 'Отчеты', '', '', '', 'snthdk', 1, 0, 1, 'ru'),
(8, 'client/data', 'Ваши данные', 'Ваши данные', NULL, NULL, NULL, 'snthdk', 1, 0, 1, 'ru'),
(9, 'client/orders', 'Поручения', 'Поручения', '', '', '', 'snthdk', 1, 0, 1, 'ru'),
(10, 'client/manager', 'Ваш менеджер', 'Ваш менеджер', NULL, NULL, NULL, 'snthdk', 1, 0, 1, 'ru'),
(11, 'client/juridical', 'Ваши данные (юридическое лицо)', 'Ваши данные (юридическое лицо)', '', '', '', 'snthdk', 1, 0, 1, 'ru'),
(12, 'client/password_change', 'Смена пароля', 'Смена пароля', '', '', '', 'snthdk', 1, 0, 1, 'ru'),
(13, 'manager/clients', 'Клиенты', 'Клиенты', NULL, NULL, NULL, 'snthdk', 1, 0, 1, 'ru'),
(14, 'manager/profile', 'Ваш профиль', 'Ваш профиль', NULL, NULL, NULL, 'snthdk', 1, 0, 1, 'ru'),
(15, 'manager/clients/client', 'Просмотр клиента', 'Просмотр клиента', NULL, NULL, NULL, 'snthdk', 1, 0, 1, 'ru'),
(16, 'manager/clients/client-juridical', 'Просмотр клиента (юр. лицо)', 'Просмотр клиента (юр. лицо)', NULL, NULL, NULL, 'snthdk', 1, 0, 1, 'ru'),
(17, 'manager/clients/client-edit', 'Изменение клиента', 'Изменение клиента', NULL, NULL, NULL, 'snthdk', 1, 0, 1, 'ru'),
(18, 'administrator', 'Администратор', 'Администратор', NULL, NULL, NULL, 'snthdk', 1, 0, 1, 'ru'),
(19, 'administrator/clients', 'Клиенты', 'Клиенты', NULL, NULL, NULL, 'snthdk', 1, 0, 1, 'ru'),
(20, 'administrator/managers', 'Менеджеры', 'Менеджеры', NULL, NULL, NULL, 'snthdk', 1, 0, 1, 'ru'),
(21, 'administrator/profile', 'Ваш профиль', 'Ваш профиль', NULL, NULL, NULL, 'snthdk', 1, 0, 1, 'ru'),
(22, 'administrator/directories', 'Справочники', 'Справочники', NULL, NULL, NULL, 'snthdk', 1, 0, 1, 'ru'),
(23, 'client/reports/report', 'Отчёт', 'Отчёт', NULL, NULL, NULL, 'snthdk', 1, 0, 1, 'ru'),
(24, 'client/orders/order-money', 'Вывод денежных средств', 'Вывод денежных средств', NULL, NULL, NULL, 'snthdk', 1, 0, 1, 'ru'),
(25, 'client/orders/order-securities', 'Вывод ценных бумаг', 'Вывод ценных бумаг', NULL, NULL, NULL, 'snthdk', 1, 0, 1, 'ru'),
(26, 'client/orders/order-marketplaces', 'Перевод между торговыми площадками', 'Перевод между торговыми площадками', NULL, NULL, NULL, 'snthdk', 1, 0, 1, 'ru'),
(27, 'client/orders/order-contract', 'Перевод между портфелями/договорами', 'Перевод между портфелями/договорами', NULL, NULL, NULL, 'snthdk', 1, 0, 1, 'ru'),
(28, 'client/orders/order-convertion', 'Конвертация денежных средств', 'Конвертация денежных средств', NULL, NULL, NULL, 'snthdk', 1, 0, 1, 'ru'),
(29, 'administrator/clients/bill', 'Изменить счёт', 'Изменить счёт', NULL, NULL, NULL, 'snthdk', 1, 0, 1, 'ru'),
(30, 'administrator/clients/bill-add', 'Добавить счёт', 'Добавить счёт', NULL, NULL, NULL, 'snthdk', 1, 0, 1, 'ru'),
(33, 'login', 'Авторизация', 'Авторизация', '', '', '', 'snthdk', 1, 0, 1, 'ru');

-- --------------------------------------------------------

--
-- Table structure for table `dm_page_view`
--

CREATE TABLE IF NOT EXISTS `dm_page_view` (
  `id` bigint(20) NOT NULL AUTO_INCREMENT,
  `module` varchar(127) COLLATE utf8_unicode_ci NOT NULL,
  `action` varchar(127) COLLATE utf8_unicode_ci NOT NULL,
  `dm_layout_id` bigint(20) DEFAULT NULL,
  PRIMARY KEY (`id`),
  UNIQUE KEY `dmPageViewModuleAction_idx` (`module`,`action`),
  KEY `dm_layout_id_idx` (`dm_layout_id`)
) ENGINE=InnoDB  DEFAULT CHARSET=utf8 COLLATE=utf8_unicode_ci AUTO_INCREMENT=34 ;

--
-- Dumping data for table `dm_page_view`
--

INSERT INTO `dm_page_view` (`id`, `module`, `action`, `dm_layout_id`) VALUES
(1, 'main', 'root', 6),
(2, 'main', 'error404', 1),
(3, 'main', 'signin', 1),
(4, 'main', 'personal', 2),
(5, 'main', 'client', 3),
(6, 'main', 'schetaIPortfeli', 3),
(7, 'main', 'otchyotyi', 3),
(8, 'main', 'vashiDannyie', 3),
(9, 'main', 'porucheniya', 3),
(10, 'main', 'vashMenedzher', 3),
(11, 'main', 'vashiDannyieYuridicheskoeLitso', 3),
(12, 'main', 'smenaParolya', 3),
(13, 'main', 'klientyi', 2),
(14, 'main', 'vashProfil', 2),
(15, 'main', 'prosmotrKlienta', 2),
(16, 'main', 'prosmotrKlientaYurLitso', 2),
(17, 'main', 'izmenenieKlienta', 2),
(18, 'main', 'administrator', 5),
(19, 'main', 'klientyi2', 5),
(20, 'main', 'menedzheryi', 5),
(21, 'main', 'vashProfil2', 5),
(22, 'main', 'spravochniki', 5),
(23, 'main', 'otchyot', 3),
(24, 'main', 'vyivodDenezhnyihSredstv', 3),
(25, 'main', 'vyivodTsennyihBumag', 3),
(26, 'main', 'perevodMezhduTorgovyimiPloschadkami', 3),
(27, 'main', 'perevodMezhduPortfelyamiDogovorami', 3),
(28, 'main', 'konvertatsiyaDenezhnyihSredstv', 3),
(29, 'main', 'izmenitSchyot', 5),
(30, 'main', 'dobavitSchyot', 5),
(33, 'main', 'avtorizatsiya', 4);

-- --------------------------------------------------------

--
-- Table structure for table `dm_permission`
--

CREATE TABLE IF NOT EXISTS `dm_permission` (
  `id` bigint(20) NOT NULL AUTO_INCREMENT,
  `name` varchar(255) COLLATE utf8_unicode_ci DEFAULT NULL,
  `description` text COLLATE utf8_unicode_ci,
  `created_at` datetime NOT NULL,
  `updated_at` datetime NOT NULL,
  PRIMARY KEY (`id`),
  UNIQUE KEY `name` (`name`)
) ENGINE=InnoDB  DEFAULT CHARSET=utf8 COLLATE=utf8_unicode_ci AUTO_INCREMENT=61 ;

--
-- Dumping data for table `dm_permission`
--

INSERT INTO `dm_permission` (`id`, `name`, `description`, `created_at`, `updated_at`) VALUES
(1, 'system', 'System administrator', '2015-01-26 10:08:48', '2015-01-26 10:08:48'),
(2, 'admin', 'Log into administration', '2015-01-26 10:08:48', '2015-01-26 10:08:48'),
(3, 'clear_cache', 'Clear the cache', '2015-01-26 10:08:48', '2015-01-26 10:08:48'),
(4, 'log', 'Manage logs', '2015-01-26 10:08:48', '2015-01-26 10:08:48'),
(5, 'code_editor', 'Use admin and front code editors', '2015-01-26 10:08:48', '2015-01-26 10:08:48'),
(6, 'security_user', 'Manage security users', '2015-01-26 10:08:48', '2015-01-26 10:08:48'),
(7, 'security_permission', 'Manage security permissions', '2015-01-26 10:08:48', '2015-01-26 10:08:48'),
(8, 'security_group', 'Manage security groups', '2015-01-26 10:08:48', '2015-01-26 10:08:48'),
(9, 'content', 'CRUD dynamic content in admin', '2015-01-26 10:08:48', '2015-01-26 10:08:48'),
(10, 'zone_add', 'Add zones', '2015-01-26 10:08:48', '2015-01-26 10:08:48'),
(11, 'zone_edit', 'Edit zones', '2015-01-26 10:08:48', '2015-01-26 10:08:48'),
(12, 'zone_delete', 'Delete zones', '2015-01-26 10:08:48', '2015-01-26 10:08:48'),
(13, 'widget_add', 'Add widgets', '2015-01-26 10:08:48', '2015-01-26 10:08:48'),
(14, 'widget_edit', 'Edit widgets', '2015-01-26 10:08:48', '2015-01-26 10:08:48'),
(15, 'widget_delete', 'Delete widgets', '2015-01-26 10:08:48', '2015-01-26 10:08:48'),
(16, 'widget_edit_fast', 'Can fast edit widgets', '2015-01-26 10:08:48', '2015-01-26 10:08:48'),
(17, 'widget_edit_fast_record', 'Fast edit widget record', '2015-01-26 10:08:48', '2015-01-26 10:08:48'),
(18, 'widget_edit_fast_content_title', 'Fast edit widget content title', '2015-01-26 10:08:48', '2015-01-26 10:08:48'),
(19, 'widget_edit_fast_content_link', 'Fast edit widget content link', '2015-01-26 10:08:48', '2015-01-26 10:08:48'),
(20, 'widget_edit_fast_content_image', 'Fast edit widget content image', '2015-01-26 10:08:48', '2015-01-26 10:08:48'),
(21, 'widget_edit_fast_content_text', 'Fast edit widget content text', '2015-01-26 10:08:48', '2015-01-26 10:08:48'),
(22, 'widget_edit_fast_navigation_menu', 'Fast edit widget navigation menu', '2015-01-26 10:08:48', '2015-01-26 10:08:48'),
(23, 'page_add', 'Add pages', '2015-01-26 10:08:48', '2015-01-26 10:08:48'),
(24, 'page_edit', 'Edit pages', '2015-01-26 10:08:48', '2015-01-26 10:08:48'),
(25, 'page_delete', 'Delete pages', '2015-01-26 10:08:48', '2015-01-26 10:08:48'),
(26, 'page_bar_admin', 'See page bar in admin', '2015-01-26 10:08:48', '2015-01-26 10:08:48'),
(27, 'media_bar_admin', 'See media bar in admin', '2015-01-26 10:08:48', '2015-01-26 10:08:48'),
(28, 'media_library', 'Use media library in admin', '2015-01-26 10:08:48', '2015-01-26 10:08:48'),
(29, 'media_ignore_whitelist', 'Upload media with any filetype', '2015-01-26 10:08:48', '2015-01-26 10:08:48'),
(30, 'tool_bar_admin', 'See toolbar in admin', '2015-01-26 10:08:48', '2015-01-26 10:08:48'),
(31, 'page_bar_front', 'See page bar in front', '2015-01-26 10:08:48', '2015-01-26 10:08:48'),
(32, 'media_bar_front', 'See media bar in front', '2015-01-26 10:08:48', '2015-01-26 10:08:48'),
(33, 'tool_bar_front', 'See toolbar in front', '2015-01-26 10:08:48', '2015-01-26 10:08:48'),
(34, 'site_view', 'See non-public website and inactive pages', '2015-01-26 10:08:48', '2015-01-26 10:08:48'),
(35, 'loremize', 'Create automatic random content', '2015-01-26 10:08:48', '2015-01-26 10:08:48'),
(36, 'export_table', 'Export table contents', '2015-01-26 10:08:48', '2015-01-26 10:08:48'),
(37, 'sitemap', 'Regenerate sitemap', '2015-01-26 10:08:48', '2015-01-26 10:08:48'),
(38, 'automatic_metas', 'Configure automatic pages metas', '2015-01-26 10:08:48', '2015-01-26 10:08:48'),
(39, 'manual_metas', 'Configure manually pages metas', '2015-01-26 10:08:48', '2015-01-26 10:08:48'),
(40, 'manage_pages', 'Move and sort pages', '2015-01-26 10:08:48', '2015-01-26 10:08:48'),
(41, 'url_redirection', 'Configure url redirections', '2015-01-26 10:08:48', '2015-01-26 10:08:48'),
(42, 'use_google_analytics', 'Use google analytics', '2015-01-26 10:08:48', '2015-01-26 10:08:48'),
(43, 'google_analytics', 'Configure google analytics', '2015-01-26 10:08:48', '2015-01-26 10:08:48'),
(44, 'use_google_webmaster_tools', 'Use google webmaster tools', '2015-01-26 10:08:48', '2015-01-26 10:08:48'),
(45, 'google_webmaster_tools', 'Configure google webmaster tools', '2015-01-26 10:08:48', '2015-01-26 10:08:48'),
(46, 'xiti', 'Configure Xiti', '2015-01-26 10:08:48', '2015-01-26 10:08:48'),
(47, 'search_engine', 'Manage internal search engine', '2015-01-26 10:08:48', '2015-01-26 10:08:48'),
(48, 'see_log', 'See the logs', '2015-01-26 10:08:48', '2015-01-26 10:08:48'),
(49, 'see_chart', 'See the charts', '2015-01-26 10:08:48', '2015-01-26 10:08:48'),
(50, 'see_diagrams', 'See the developer diagrams', '2015-01-26 10:08:48', '2015-01-26 10:08:48'),
(51, 'see_server', 'See the server infos', '2015-01-26 10:08:48', '2015-01-26 10:08:48'),
(52, 'see_request', 'See the requests window', '2015-01-26 10:08:48', '2015-01-26 10:08:48'),
(53, 'see_event', 'See the events window', '2015-01-26 10:08:48', '2015-01-26 10:08:48'),
(54, 'config_panel', 'Use the configuration panel', '2015-01-26 10:08:48', '2015-01-26 10:08:48'),
(55, 'translation', 'Use the translation interface', '2015-01-26 10:08:48', '2015-01-26 10:08:48'),
(56, 'layout', 'Use the layout interface', '2015-01-26 10:08:48', '2015-01-26 10:08:48'),
(57, 'sent_mail', 'See mails sent by server', '2015-01-26 10:08:48', '2015-01-26 10:08:48'),
(58, 'mail_template', 'Configure mail templates', '2015-01-26 10:08:48', '2015-01-26 10:08:48'),
(59, 'error_log', 'See error log', '2015-01-26 10:08:48', '2015-01-26 10:08:48'),
(60, 'interface_settings', 'Manage interface settings like default image resize method', '2015-01-26 10:08:48', '2015-01-26 10:08:48');

-- --------------------------------------------------------

--
-- Table structure for table `dm_record_permission`
--

CREATE TABLE IF NOT EXISTS `dm_record_permission` (
  `id` bigint(20) NOT NULL AUTO_INCREMENT,
  `secure_module` varchar(255) COLLATE utf8_unicode_ci NOT NULL,
  `secure_action` varchar(255) COLLATE utf8_unicode_ci NOT NULL,
  `secure_model` varchar(255) COLLATE utf8_unicode_ci NOT NULL,
  `secure_record` bigint(20) NOT NULL,
  `description` text COLLATE utf8_unicode_ci,
  PRIMARY KEY (`id`)
) ENGINE=InnoDB DEFAULT CHARSET=utf8 COLLATE=utf8_unicode_ci AUTO_INCREMENT=1 ;

-- --------------------------------------------------------

--
-- Table structure for table `dm_record_permission_association`
--

CREATE TABLE IF NOT EXISTS `dm_record_permission_association` (
  `id` bigint(20) NOT NULL AUTO_INCREMENT,
  `dm_secure_action` varchar(255) COLLATE utf8_unicode_ci DEFAULT NULL,
  `dm_secure_module` varchar(255) COLLATE utf8_unicode_ci DEFAULT NULL,
  `dm_secure_model` varchar(255) COLLATE utf8_unicode_ci DEFAULT NULL,
  PRIMARY KEY (`id`)
) ENGINE=InnoDB DEFAULT CHARSET=utf8 COLLATE=utf8_unicode_ci AUTO_INCREMENT=1 ;

-- --------------------------------------------------------

--
-- Table structure for table `dm_record_permission_association_group`
--

CREATE TABLE IF NOT EXISTS `dm_record_permission_association_group` (
  `id` bigint(20) NOT NULL AUTO_INCREMENT,
  `dm_group_id` bigint(20) NOT NULL,
  `dm_record_permission_association_id` bigint(20) NOT NULL,
  PRIMARY KEY (`id`),
  KEY `dm_record_permission_association_id_idx` (`dm_record_permission_association_id`),
  KEY `dm_group_id_idx` (`dm_group_id`)
) ENGINE=InnoDB DEFAULT CHARSET=utf8 COLLATE=utf8_unicode_ci AUTO_INCREMENT=1 ;

-- --------------------------------------------------------

--
-- Table structure for table `dm_record_permission_association_user`
--

CREATE TABLE IF NOT EXISTS `dm_record_permission_association_user` (
  `id` bigint(20) NOT NULL AUTO_INCREMENT,
  `dm_user_id` bigint(20) NOT NULL,
  `dm_record_permission_association_id` bigint(20) NOT NULL,
  PRIMARY KEY (`id`),
  KEY `dm_record_permission_association_id_idx` (`dm_record_permission_association_id`),
  KEY `dm_user_id_idx` (`dm_user_id`)
) ENGINE=InnoDB DEFAULT CHARSET=utf8 COLLATE=utf8_unicode_ci AUTO_INCREMENT=1 ;

-- --------------------------------------------------------

--
-- Table structure for table `dm_record_permission_group`
--

CREATE TABLE IF NOT EXISTS `dm_record_permission_group` (
  `dm_group_id` bigint(20) NOT NULL DEFAULT '0',
  `dm_record_permission_id` bigint(20) NOT NULL DEFAULT '0',
  PRIMARY KEY (`dm_group_id`,`dm_record_permission_id`),
  KEY `dddi_4` (`dm_record_permission_id`)
) ENGINE=InnoDB DEFAULT CHARSET=utf8 COLLATE=utf8_unicode_ci;

-- --------------------------------------------------------

--
-- Table structure for table `dm_record_permission_user`
--

CREATE TABLE IF NOT EXISTS `dm_record_permission_user` (
  `dm_user_id` bigint(20) NOT NULL DEFAULT '0',
  `dm_record_permission_id` bigint(20) NOT NULL DEFAULT '0',
  PRIMARY KEY (`dm_user_id`,`dm_record_permission_id`),
  KEY `dddi_6` (`dm_record_permission_id`)
) ENGINE=InnoDB DEFAULT CHARSET=utf8 COLLATE=utf8_unicode_ci;

-- --------------------------------------------------------

--
-- Table structure for table `dm_redirect`
--

CREATE TABLE IF NOT EXISTS `dm_redirect` (
  `id` bigint(20) NOT NULL AUTO_INCREMENT,
  `source` varchar(255) COLLATE utf8_unicode_ci NOT NULL,
  `dest` varchar(255) COLLATE utf8_unicode_ci NOT NULL,
  `created_at` datetime NOT NULL,
  `updated_at` datetime NOT NULL,
  PRIMARY KEY (`id`),
  UNIQUE KEY `source` (`source`)
) ENGINE=InnoDB DEFAULT CHARSET=utf8 COLLATE=utf8_unicode_ci AUTO_INCREMENT=1 ;

-- --------------------------------------------------------

--
-- Table structure for table `dm_remember_key`
--

CREATE TABLE IF NOT EXISTS `dm_remember_key` (
  `dm_user_id` bigint(20) DEFAULT NULL,
  `remember_key` varchar(32) COLLATE utf8_unicode_ci DEFAULT NULL,
  `ip_address` varchar(50) COLLATE utf8_unicode_ci NOT NULL DEFAULT '',
  `created_at` datetime NOT NULL,
  PRIMARY KEY (`ip_address`),
  KEY `dm_user_id_idx` (`dm_user_id`)
) ENGINE=InnoDB DEFAULT CHARSET=utf8 COLLATE=utf8_unicode_ci;

--
-- Dumping data for table `dm_remember_key`
--

INSERT INTO `dm_remember_key` (`dm_user_id`, `remember_key`, `ip_address`, `created_at`) VALUES
(1, '14a547ff883fa618aaa54257b0a33489', '127.0.0.1', '2015-02-10 13:00:00');

-- --------------------------------------------------------

--
-- Table structure for table `dm_sent_mail`
--

CREATE TABLE IF NOT EXISTS `dm_sent_mail` (
  `id` bigint(20) NOT NULL AUTO_INCREMENT,
  `dm_mail_template_id` bigint(20) DEFAULT NULL,
  `subject` text COLLATE utf8_unicode_ci NOT NULL,
  `body` longtext COLLATE utf8_unicode_ci NOT NULL,
  `from_email` text COLLATE utf8_unicode_ci NOT NULL,
  `to_email` text COLLATE utf8_unicode_ci,
  `cc_email` text COLLATE utf8_unicode_ci,
  `bcc_email` text COLLATE utf8_unicode_ci,
  `reply_to_email` text COLLATE utf8_unicode_ci,
  `sender_email` text COLLATE utf8_unicode_ci,
  `strategy` varchar(255) COLLATE utf8_unicode_ci DEFAULT NULL,
  `transport` varchar(255) COLLATE utf8_unicode_ci DEFAULT NULL,
  `culture` varchar(16) COLLATE utf8_unicode_ci DEFAULT NULL,
  `debug_string` longtext COLLATE utf8_unicode_ci,
  `created_at` datetime NOT NULL,
  PRIMARY KEY (`id`),
  KEY `dm_mail_template_id_idx` (`dm_mail_template_id`)
) ENGINE=InnoDB  DEFAULT CHARSET=utf8 COLLATE=utf8_unicode_ci AUTO_INCREMENT=129 ;

--
-- Dumping data for table `dm_sent_mail`
--

INSERT INTO `dm_sent_mail` (`id`, `dm_mail_template_id`, `subject`, `body`, `from_email`, `to_email`, `cc_email`, `bcc_email`, `reply_to_email`, `sender_email`, `strategy`, `transport`, `culture`, `debug_string`, `created_at`) VALUES
(1, NULL, 'Default subject', 'Surname : Иванов1\nName : Иван\nPatronymic : Иванович\nBirth date : 2009-01-01\nBirth place : ubia nostra, per inceptos himenaeos. Etiam a\nPost address : din. Vestibulum ante ipsum primis in faucibus orci luctus et ul\nPassport series : on ligula. Quisque odio. Nullam nisi nu\nPassport number : ictum consequat, massa. Cras at ante ac sapien vive\nRegistration : lor. Sed id nisl ac erat adipi\nPassport date : 2013-08-08\nInn : na.\nPlace of issue : sddfgsdfg', 'noreply@nomail.com', '', '', '', '', '', 'realtime', 'Swift_MailTransport', NULL, 'Message-ID: <1422867436.54cf3bec89a01@diffco.local>\r\nDate: Mon, 02 Feb 2015 13:57:16 +0500\r\nSubject: Default subject\r\nFrom: noreply@nomail.com\r\nMIME-Version: 1.0\r\nContent-Type: multipart/mixed;\r\n boundary="_=_swift_v4_142286743654cf3bec8e48c_=_"\r\n\r\n\r\n--_=_swift_v4_142286743654cf3bec8e48c_=_\r\nContent-Type: text/plain; charset=utf-8\r\nContent-Transfer-Encoding: quoted-printable\r\n\r\nSurname : =D0=98=D0=B2=D0=B0=D0=BD=D0=BE=D0=B21\r\nName :=\r\n =D0=98=D0=B2=D0=B0=D0=BD\r\nPatronymic : =D0=98=D0=B2=D0=B0=D0=BD=D0=BE=\r\n=D0=B2=D0=B8=D1=87\r\nBirth date : 2009-01-01\r\nBirth place : ubia no=\r\nstra, per inceptos himenaeos. Etiam a\r\nPost address : din. Vestibulum=\r\n ante ipsum primis in faucibus orci luctus et ul\r\nPassport series : o=\r\nn ligula. Quisque odio. Nullam nisi nu\r\nPassport number : ictum conse=\r\nquat, massa. Cras at ante ac sapien vive\r\nRegistration : lor. Sed id =\r\nnisl ac erat adipi\r\nPassport date : 2013-08-08\r\nInn : na.\r\nP=\r\nlace of issue : sddfgsdfg\r\n\r\n--_=_swift_v4_142286743654cf3bec8e48c_=_\r\nContent-Type: image/gif; name=mission_icon_3.gif\r\nContent-Transfer-Encoding: base64\r\nContent-Disposition: ', '2015-02-02 13:57:16'),
(2, NULL, 'Default subject', 'Surname : Иванов1\r\nName : Иван\r\nPatronymic : Иванович\r\nBirth date : 2009-01-01\r\nBirth place : ubia nostra, per inceptos himenaeos. Etiam a\r\nPost address : din. Vestibulum ante ipsum primis in faucibus orci luctus et ul\r\nPassport series : on ligula. Quisque odio. Nullam nisi nu\r\nPassport number : ictum consequat, massa. Cras at ante ac sapien vive\r\nRegistration : lor. Sed id nisl ac erat adipi\r\nPassport date : 2013-08-08\r\nInn : na.\r\nPlace of issue : sddfgsdfg', 'noreply@nomail.com', 'Sergey.Melkov@softline.ru', '', '', '', '', 'realtime', 'Swift_MailTransport', NULL, 'Message-ID: <1422867596.54cf3c8ce75bb@diffco.local>\r\nDate: Mon, 02 Feb 2015 13:59:56 +0500\r\nSubject: Default subject\r\nFrom: noreply@nomail.com\r\nTo: Sergey.Melkov@softline.ru\r\nMIME-Version: 1.0\r\nContent-Type: multipart/mixed;\r\n boundary="_=_swift_v4_142286759654cf3c8cec2ef_=_"\r\n\r\n\r\n--_=_swift_v4_142286759654cf3c8cec2ef_=_\r\nContent-Type: text/plain; charset=utf-8\r\nContent-Transfer-Encoding: quoted-printable\r\n\r\nSurname : =D0=98=D0=B2=D0=B0=D0=BD=D0=BE=D0=B21\r\nName : =D0=98=D0=B2=\r\n=D0=B0=D0=BD\r\nPatronymic : =D0=98=D0=B2=D0=B0=D0=BD=\r\n=D0=BE=D0=B2=D0=B8=D1=87\r\nBirth date : 2009-01-01\r\nBirth place :=\r\n ubia nostra, per inceptos himenaeos. Etiam a\r\nPost address : din. V=\r\nestibulum ante ipsum primis in faucibus orci luctus et ul\r\nPassport =\r\nseries : on ligula. Quisque odio. Nullam nisi nu\r\nPassport number : =\r\nictum consequat, massa. Cras at ante ac sapien vive\r\nRegistration : lo=\r\nr. Sed id nisl ac erat adipi\r\nPassport date : 2013-08-08\r\nInn : =\r\nna.\r\nPlace of issue : sddfgsdfg\r\n\r\n--_=_swift_v4_142286759654cf3c8cec2ef_=_\r\nContent-Type: image/gif; name=mission_icon_3.gif\r\nContent-Transfer-Encoding: base64\r\nContent-Disposition: ', '2015-02-02 13:59:56'),
(3, NULL, 'Default subject', 'Surname : Иванов1\r\nName : Иван\r\nPatronymic : Иванович\r\nBirth date : 2009-01-01\r\nBirth place : ubia nostra, per inceptos himenaeos. Etiam a\r\nPost address : din. Vestibulum ante ipsum primis in faucibus orci luctus et ul\r\nPassport series : on ligula. Quisque odio. Nullam nisi nu\r\nPassport number : ictum consequat, massa. Cras at ante ac sapien vive\r\nRegistration : lor. Sed id nisl ac erat adipi\r\nPassport date : 2013-08-08\r\nInn : na.\r\nPlace of issue : sddfgsdfg', 'noreply@nomail.com', 'Sergey.Melkov@softline.ru', '', '', '', '', 'realtime', 'Swift_MailTransport', NULL, 'Message-ID: <1422867612.54cf3c9c41c4e@diffco.local>\r\nDate: Mon, 02 Feb 2015 14:00:12 +0500\r\nSubject: Default subject\r\nFrom: noreply@nomail.com\r\nTo: Sergey.Melkov@softline.ru\r\nMIME-Version: 1.0\r\nContent-Type: multipart/mixed;\r\n boundary="_=_swift_v4_142286761254cf3c9c465ab_=_"\r\n\r\n\r\n--_=_swift_v4_142286761254cf3c9c465ab_=_\r\nContent-Type: text/plain; charset=utf-8\r\nContent-Transfer-Encoding: quoted-printable\r\n\r\nSurname : =D0=98=D0=B2=D0=B0=D0=BD=D0=BE=D0=B21\r\nName : =D0=98=D0=B2=\r\n=D0=B0=D0=BD\r\nPatronymic : =D0=98=D0=B2=D0=B0=D0=BD=\r\n=D0=BE=D0=B2=D0=B8=D1=87\r\nBirth date : 2009-01-01\r\nBirth place :=\r\n ubia nostra, per inceptos himenaeos. Etiam a\r\nPost address : din. V=\r\nestibulum ante ipsum primis in faucibus orci luctus et ul\r\nPassport =\r\nseries : on ligula. Quisque odio. Nullam nisi nu\r\nPassport number : =\r\nictum consequat, massa. Cras at ante ac sapien vive\r\nRegistration : lo=\r\nr. Sed id nisl ac erat adipi\r\nPassport date : 2013-08-08\r\nInn : =\r\nna.\r\nPlace of issue : sddfgsdfg\r\n\r\n--_=_swift_v4_142286761254cf3c9c465ab_=_\r\nContent-Type: image/gif; name=mission_icon_3.gif\r\nContent-Transfer-Encoding: base64\r\nContent-Disposition: ', '2015-02-02 14:00:12'),
(4, NULL, 'Default subject', 'Surname : Иванов2\r\nName : Иван\r\nPatronymic : Иванович\r\nBirth date : 2009-01-01\r\nBirth place : ubia nostra, per inceptos himenaeos. Etiam a\r\nPost address : din. Vestibulum ante ipsum primis in faucibus orci luctus et ul\r\nPassport series : on ligula. Quisque odio. Nullam nisi nu\r\nPassport number : ictum consequat, massa. Cras at ante ac sapien vive\r\nRegistration : lor. Sed id nisl ac erat adipi\r\nPassport date : 2013-08-08\r\nInn : na.\r\nPlace of issue : sddfgsdfg', 'noreply@nomail.com', 'Sergey.Melkov@softline.ru', '', '', '', '', 'realtime', 'Swift_MailTransport', NULL, 'Message-ID: <1422867621.54cf3ca51512b@diffco.local>\r\nDate: Mon, 02 Feb 2015 14:00:21 +0500\r\nSubject: Default subject\r\nFrom: noreply@nomail.com\r\nTo: Sergey.Melkov@softline.ru\r\nMIME-Version: 1.0\r\nContent-Type: multipart/mixed;\r\n boundary="_=_swift_v4_142286762154cf3ca51993c_=_"\r\n\r\n\r\n--_=_swift_v4_142286762154cf3ca51993c_=_\r\nContent-Type: text/plain; charset=utf-8\r\nContent-Transfer-Encoding: quoted-printable\r\n\r\nSurname : =D0=98=D0=B2=D0=B0=D0=BD=D0=BE=D0=B22\r\nName : =D0=98=D0=B2=\r\n=D0=B0=D0=BD\r\nPatronymic : =D0=98=D0=B2=D0=B0=D0=BD=\r\n=D0=BE=D0=B2=D0=B8=D1=87\r\nBirth date : 2009-01-01\r\nBirth place :=\r\n ubia nostra, per inceptos himenaeos. Etiam a\r\nPost address : din. V=\r\nestibulum ante ipsum primis in faucibus orci luctus et ul\r\nPassport =\r\nseries : on ligula. Quisque odio. Nullam nisi nu\r\nPassport number : =\r\nictum consequat, massa. Cras at ante ac sapien vive\r\nRegistration : lo=\r\nr. Sed id nisl ac erat adipi\r\nPassport date : 2013-08-08\r\nInn : =\r\nna.\r\nPlace of issue : sddfgsdfg\r\n\r\n--_=_swift_v4_142286762154cf3ca51993c_=_\r\nContent-Type: image/gif; name="mission_icon_3@2x.gif"\r\nContent-Transfer-Encoding: base64\r\nContent-Disposition: ', '2015-02-02 14:00:21'),
(5, NULL, 'Запрос на смену паспортных данных', 'Surname : Иванов\r\nName : Иван\r\nPatronymic : Иванович\r\nBirth date : 2009-01-01\r\nBirth place : ubia nostra, per inceptos himenaeos. Etiam a\r\nPost address : din. Vestibulum ante ipsum primis in faucibus orci luctus et ul\r\nPassport series : on ligula. Quisque odio. Nullam nisi nu\r\nPassport number : ictum consequat, massa. Cras at ante ac sapien vive\r\nRegistration : lor. Sed id nisl ac erat adipi\r\nPassport date : 2013-08-08\r\nInn : na.\r\nPlace of issue : sddfgsdfg', 'noreply@nomail.com', 'Sergey.Melkov@softline.ru', '', '', '', '', 'realtime', 'Swift_MailTransport', NULL, 'Message-ID: <1422868426.54cf3fcad6f10@diffco.local>\r\nDate: Mon, 02 Feb 2015 14:13:46 +0500\r\nSubject: =?utf-8?Q?=D0=97=D0=B0=D0=BF=D1=80=D0=BE=D1=81_=D0=BD?=\r\n =?utf-8?Q?=D0=B0_=D1=81=D0=BC=D0=B5=D0=BD=D1=83_=D0=BF=D0=B0=D1=81=D0=BF?=\r\n =?utf-8?Q?=D0=BE=D1=80=D1=82=D0=BD=D1=8B=D1=85_=D0=B4?=\r\n =?utf-8?Q?=D0=B0=D0=BD=D0=BD=D1=8B=D1=85?=\r\nFrom: noreply@nomail.com\r\nTo: Sergey.Melkov@softline.ru\r\nMIME-Version: 1.0\r\nContent-Type: multipart/mixed;\r\n boundary="_=_swift_v4_142286842654cf3fcadb6cb_=_"\r\n\r\n\r\n--_=_swift_v4_142286842654cf3fcadb6cb_=_\r\nContent-Type: text/plain; charset=utf-8\r\nContent-Transfer-Encoding: quoted-printable\r\n\r\nSurname : =D0=98=D0=B2=D0=B0=D0=BD=D0=BE=D0=B2\r\nName :=\r\n =D0=98=D0=B2=D0=B0=D0=BD\r\nPatronymic : =D0=98=D0=B2=D0=B0=D0=BD=\r\n=D0=BE=D0=B2=D0=B8=D1=87\r\nBirth date : 2009-01-01\r\nBirth place :=\r\n ubia nostra, per inceptos himenaeos. Etiam a\r\nPost address : din. V=\r\nestibulum ante ipsum primis in faucibus orci luctus et ul\r\nPassport =\r\nseries : on ligula. Quisque odio. Nullam nisi nu\r\nPassport number : =\r\nictum consequat, massa. Cras at ante ac sapien vive\r\nRegistration : lo=\r\nr. Sed id nisl ac erat adipi\r\nPassport date : 2013-08-08\r\nInn : =\r\nna.\r\nPlace of issue : sddfgsdfg\r\n\r\n--_=_swift_v4_142286842654cf3fcadb6cb_=_\r\nContent-Type: image/gif; name="mission_icon_2@2x.gif"\r\nContent-Transfer-Encoding: base64\r\nContent-Disposition: ', '2015-02-02 14:13:46'),
(6, NULL, 'Запрос на смену паспортных данных', 'Surname : Иванов\r\nName : Иван\r\nPatronymic : Иванович\r\nBirth date : 2009-01-01\r\nBirth place : ubia nostra, per inceptos himenaeos. Etiam a\r\nPost address : din. Vestibulum ante ipsum primis in faucibus orci luctus et ul\r\nPassport series : on ligula. Quisque odio. Nullam nisi nu\r\nPassport number : ictum consequat, massa. Cras at ante ac sapien vive\r\nRegistration : lor. Sed id nisl ac erat adipi\r\nPassport date : 2013-08-08\r\nInn : na.\r\nPlace of issue : sddfgsdfg', 'noreply@nomail.com', 'Sergey.Melkov@softline.ru', '', '', '', '', 'realtime', 'Swift_MailTransport', NULL, 'Message-ID: <1423192893.54d4333d02d11@diffco.local>\r\nDate: Fri, 06 Feb 2015 08:21:33 +0500\r\nSubject: =?utf-8?Q?=D0=97=D0=B0=D0=BF=D1=80=D0=BE=D1=81_=D0=BD?=\r\n =?utf-8?Q?=D0=B0_=D1=81=D0=BC=D0=B5=D0=BD=D1=83_=D0=BF=D0=B0=D1=81=D0=BF?=\r\n =?utf-8?Q?=D0=BE=D1=80=D1=82=D0=BD=D1=8B=D1=85_=D0=B4?=\r\n =?utf-8?Q?=D0=B0=D0=BD=D0=BD=D1=8B=D1=85?=\r\nFrom: noreply@nomail.com\r\nTo: Sergey.Melkov@softline.ru\r\nMIME-Version: 1.0\r\nContent-Type: multipart/mixed;\r\n boundary="_=_swift_v4_142319289354d4333d07dad_=_"\r\n\r\n\r\n--_=_swift_v4_142319289354d4333d07dad_=_\r\nContent-Type: text/plain; charset=utf-8\r\nContent-Transfer-Encoding: quoted-printable\r\n\r\nSurname : =D0=98=D0=B2=D0=B0=D0=BD=D0=BE=D0=B2\r\nName :=\r\n =D0=98=D0=B2=D0=B0=D0=BD\r\nPatronymic : =D0=98=D0=B2=D0=B0=D0=BD=\r\n=D0=BE=D0=B2=D0=B8=D1=87\r\nBirth date : 2009-01-01\r\nBirth place :=\r\n ubia nostra, per inceptos himenaeos. Etiam a\r\nPost address : din. V=\r\nestibulum ante ipsum primis in faucibus orci luctus et ul\r\nPassport =\r\nseries : on ligula. Quisque odio. Nullam nisi nu\r\nPassport number : =\r\nictum consequat, massa. Cras at ante ac sapien vive\r\nRegistration : lo=\r\nr. Sed id nisl ac erat adipi\r\nPassport date : 2013-08-08\r\nInn : =\r\nna.\r\nPlace of issue : sddfgsdfg\r\n\r\n--_=_swift_v4_142319289354d4333d07dad_=_\r\nContent-Type: image/png; name="logout_icon@2x.png"\r\nContent-Transfer-Encoding: base64\r\nContent-Disposition: ', '2015-02-06 08:21:33'),
(7, NULL, 'Запрос на смену паспортных данных', 'Surname : Иванов\r\nName : Иван\r\nPatronymic : Иванович\r\nBirth date : 2009-01-01\r\nBirth place : ubia nostra, per inceptos himenaeos. Etiam a\r\nPost address : din. Vestibulum ante ipsum primis in faucibus orci luctus et ul\r\nPassport series : on ligula. Quisque odio. Nullam nisi nu\r\nPassport number : ictum consequat, massa. Cras at ante ac sapien vive\r\nRegistration : lor. Sed id nisl ac erat adipi\r\nPassport date : 2013-08-08\r\nInn : na.\r\nPlace of issue : sddfgsdfg', 'noreply@nomail.com', 'Sergey.Melkov@softline.ru', 'hedge.smrgl@gmail.com', '', '', '', 'realtime', 'Swift_MailTransport', NULL, 'Message-ID: <1423193268.54d434b49ce41@diffco.local>\r\nDate: Fri, 06 Feb 2015 08:27:48 +0500\r\nSubject: =?utf-8?Q?=D0=97=D0=B0=D0=BF=D1=80=D0=BE=D1=81_=D0=BD?=\r\n =?utf-8?Q?=D0=B0_=D1=81=D0=BC=D0=B5=D0=BD=D1=83_=D0=BF=D0=B0=D1=81=D0=BF?=\r\n =?utf-8?Q?=D0=BE=D1=80=D1=82=D0=BD=D1=8B=D1=85_=D0=B4?=\r\n =?utf-8?Q?=D0=B0=D0=BD=D0=BD=D1=8B=D1=85?=\r\nFrom: noreply@nomail.com\r\nTo: Sergey.Melkov@softline.ru\r\nCc: hedge.smrgl@gmail.com\r\nMIME-Version: 1.0\r\nContent-Type: multipart/mixed;\r\n boundary="_=_swift_v4_142319326854d434b4a189d_=_"\r\n\r\n\r\n--_=_swift_v4_142319326854d434b4a189d_=_\r\nContent-Type: text/plain; charset=utf-8\r\nContent-Transfer-Encoding: quoted-printable\r\n\r\nSurname : =D0=98=D0=B2=D0=B0=D0=BD=D0=BE=D0=B2\r\nName :=\r\n =D0=98=D0=B2=D0=B0=D0=BD\r\nPatronymic : =D0=98=D0=B2=D0=B0=D0=BD=\r\n=D0=BE=D0=B2=D0=B8=D1=87\r\nBirth date : 2009-01-01\r\nBirth place :=\r\n ubia nostra, per inceptos himenaeos. Etiam a\r\nPost address : din. V=\r\nestibulum ante ipsum primis in faucibus orci luctus et ul\r\nPassport =\r\nseries : on ligula. Quisque odio. Nullam nisi nu\r\nPassport number : =\r\nictum consequat, massa. Cras at ante ac sapien vive\r\nRegistration : lo=\r\nr. Sed id nisl ac erat adipi\r\nPassport date : 2013-08-08\r\nInn : =\r\nna.\r\nPlace of issue : sddfgsdfg\r\n\r\n--_=_swift_v4_142319326854d434b4a189d_=_\r\nContent-Type: image/gif; name=mission_icon_2.gif\r\nContent-Transfer-Encoding: base64\r\nContent-Disposition: ', '2015-02-06 08:27:48'),
(8, NULL, 'Запрос на смену паспортных данных', 'Surname : Иванов\r\nName : Иван\r\nPatronymic : Иванович\r\nBirth date : 2009-01-01\r\nBirth place : ubia nostra, per inceptos himenaeos. Etiam a\r\nPost address : din. Vestibulum ante ipsum primis in faucibus orci luctus et ul\r\nPassport series : on ligula. Quisque odio. Nullam nisi nu\r\nPassport number : ictum consequat, massa. Cras at ante ac sapien vive\r\nRegistration : lor. Sed id nisl ac erat adipi\r\nPassport date : 2013-08-08\r\nInn : na.\r\nPlace of issue : sddfgsdfg', 'noreply@nomail.com', 'Sergey.Melkov@softline.ru', 'hedge.smrgl@gmail.com', '', '', '', 'realtime', 'Swift_MailTransport', NULL, 'Message-ID: <1423193804.54d436cc0f5c3@diffco.local>\r\nDate: Fri, 06 Feb 2015 08:36:44 +0500\r\nSubject: =?utf-8?Q?=D0=97=D0=B0=D0=BF=D1=80=D0=BE=D1=81_=D0=BD?=\r\n =?utf-8?Q?=D0=B0_=D1=81=D0=BC=D0=B5=D0=BD=D1=83_=D0=BF=D0=B0=D1=81=D0=BF?=\r\n =?utf-8?Q?=D0=BE=D1=80=D1=82=D0=BD=D1=8B=D1=85_=D0=B4?=\r\n =?utf-8?Q?=D0=B0=D0=BD=D0=BD=D1=8B=D1=85?=\r\nFrom: noreply@nomail.com\r\nTo: Sergey.Melkov@softline.ru\r\nCc: hedge.smrgl@gmail.com\r\nMIME-Version: 1.0\r\nContent-Type: text/plain; charset=utf-8\r\nContent-Transfer-Encoding: quoted-printable\r\n\r\nSurname : =D0=98=D0=B2=D0=B0=D0=BD=D0=BE=D0=B2\r\nName :=\r\n =D0=98=D0=B2=D0=B0=D0=BD\r\nPatronymic : =D0=98=D0=B2=D0=B0=D0=BD=\r\n=D0=BE=D0=B2=D0=B8=D1=87\r\nBirth date : 2009-01-01\r\nBirth place :=\r\n ubia nostra, per inceptos himenaeos. Etiam a\r\nPost address : din. V=\r\nestibulum ante ipsum primis in faucibus orci luctus et ul\r\nPassport =\r\nseries : on ligula. Quisque odio. Nullam nisi nu\r\nPassport number : =\r\nictum consequat, massa. Cras at ante ac sapien vive\r\nRegistration : lo=\r\nr. Sed id nisl ac erat adipi\r\nPassport date : 2013-08-08\r\nInn : =\r\nna.\r\nPlace of issue : sddfgsdfg', '2015-02-06 08:36:44'),
(9, NULL, 'Запрос на смену паспортных данных', 'Surname : Иванов\r\nName : Иван\r\nPatronymic : Иванович\r\nBirth date : 2009-01-01\r\nBirth place : ubia nostra, per inceptos himenaeos. Etiam a\r\nPost address : din. Vestibulum ante ipsum primis in faucibus orci luctus et ul\r\nPassport series : on ligula. Quisque odio. Nullam nisi nu\r\nPassport number : ictum consequat, massa. Cras at ante ac sapien vive\r\nRegistration : lor. Sed id nisl ac erat adipi\r\nPassport date : 2013-08-08\r\nInn : na.\r\nPlace of issue : sddfgsdfg', 'noreply@nomail.com', 'Sergey.Melkov@softline.ru', 'hedge.smrgl@gmail.com', '', '', '', 'realtime', 'Swift_MailTransport', NULL, 'Message-ID: <1423193897.54d43729b49d1@diffco.local>\r\nDate: Fri, 06 Feb 2015 08:38:17 +0500\r\nSubject: =?utf-8?Q?=D0=97=D0=B0=D0=BF=D1=80=D0=BE=D1=81_=D0=BD?=\r\n =?utf-8?Q?=D0=B0_=D1=81=D0=BC=D0=B5=D0=BD=D1=83_=D0=BF=D0=B0=D1=81=D0=BF?=\r\n =?utf-8?Q?=D0=BE=D1=80=D1=82=D0=BD=D1=8B=D1=85_=D0=B4?=\r\n =?utf-8?Q?=D0=B0=D0=BD=D0=BD=D1=8B=D1=85?=\r\nFrom: noreply@nomail.com\r\nTo: Sergey.Melkov@softline.ru\r\nCc: hedge.smrgl@gmail.com\r\nMIME-Version: 1.0\r\nContent-Type: text/plain; charset=utf-8\r\nContent-Transfer-Encoding: quoted-printable\r\n\r\nSurname : =D0=98=D0=B2=D0=B0=D0=BD=D0=BE=D0=B2\r\nName :=\r\n =D0=98=D0=B2=D0=B0=D0=BD\r\nPatronymic : =D0=98=D0=B2=D0=B0=D0=BD=\r\n=D0=BE=D0=B2=D0=B8=D1=87\r\nBirth date : 2009-01-01\r\nBirth place :=\r\n ubia nostra, per inceptos himenaeos. Etiam a\r\nPost address : din. V=\r\nestibulum ante ipsum primis in faucibus orci luctus et ul\r\nPassport =\r\nseries : on ligula. Quisque odio. Nullam nisi nu\r\nPassport number : =\r\nictum consequat, massa. Cras at ante ac sapien vive\r\nRegistration : lo=\r\nr. Sed id nisl ac erat adipi\r\nPassport date : 2013-08-08\r\nInn : =\r\nna.\r\nPlace of issue : sddfgsdfg', '2015-02-06 08:38:17'),
(10, NULL, 'Запрос на смену паспортных данных', 'Surname : Иванов\r\nName : Иван\r\nPatronymic : Иванович\r\nBirth date : 2009-01-01\r\nBirth place : ubia nostra, per inceptos himenaeos. Etiam a\r\nPost address : din. Vestibulum ante ipsum primis in faucibus orci luctus et ul\r\nPassport series : on ligula. Quisque odio. Nullam nisi nu\r\nPassport number : ictum consequat, massa. Cras at ante ac sapien vive\r\nRegistration : lor. Sed id nisl ac erat adipi\r\nPassport date : 2013-08-08\r\nInn : na.\r\nPlace of issue : sddfgsdfg', 'noreply@nomail.com', 'Sergey.Melkov@softline.ru', 'hedge.smrgl@gmail.com', '', '', '', 'realtime', 'Swift_MailTransport', NULL, 'Message-ID: <1423193904.54d4373091d3e@diffco.local>\r\nDate: Fri, 06 Feb 2015 08:38:24 +0500\r\nSubject: =?utf-8?Q?=D0=97=D0=B0=D0=BF=D1=80=D0=BE=D1=81_=D0=BD?=\r\n =?utf-8?Q?=D0=B0_=D1=81=D0=BC=D0=B5=D0=BD=D1=83_=D0=BF=D0=B0=D1=81=D0=BF?=\r\n =?utf-8?Q?=D0=BE=D1=80=D1=82=D0=BD=D1=8B=D1=85_=D0=B4?=\r\n =?utf-8?Q?=D0=B0=D0=BD=D0=BD=D1=8B=D1=85?=\r\nFrom: noreply@nomail.com\r\nTo: Sergey.Melkov@softline.ru\r\nCc: hedge.smrgl@gmail.com\r\nMIME-Version: 1.0\r\nContent-Type: text/plain; charset=utf-8\r\nContent-Transfer-Encoding: quoted-printable\r\n\r\nSurname : =D0=98=D0=B2=D0=B0=D0=BD=D0=BE=D0=B2\r\nName :=\r\n =D0=98=D0=B2=D0=B0=D0=BD\r\nPatronymic : =D0=98=D0=B2=D0=B0=D0=BD=\r\n=D0=BE=D0=B2=D0=B8=D1=87\r\nBirth date : 2009-01-01\r\nBirth place :=\r\n ubia nostra, per inceptos himenaeos. Etiam a\r\nPost address : din. V=\r\nestibulum ante ipsum primis in faucibus orci luctus et ul\r\nPassport =\r\nseries : on ligula. Quisque odio. Nullam nisi nu\r\nPassport number : =\r\nictum consequat, massa. Cras at ante ac sapien vive\r\nRegistration : lo=\r\nr. Sed id nisl ac erat adipi\r\nPassport date : 2013-08-08\r\nInn : =\r\nna.\r\nPlace of issue : sddfgsdfg', '2015-02-06 08:38:24'),
(11, NULL, 'Запрос на смену паспортных данных', 'Surname : Иванов\r\nName : Иван\r\nPatronymic : Иванович\r\nBirth date : 2009-01-01\r\nBirth place : ubia nostra, per inceptos himenaeos. Etiam a\r\nPost address : din. Vestibulum ante ipsum primis in faucibus orci luctus et ul\r\nPassport series : on ligula. Quisque odio. Nullam nisi nu\r\nPassport number : ictum consequat, massa. Cras at ante ac sapien vive\r\nRegistration : lor. Sed id nisl ac erat adipi\r\nPassport date : 2013-08-08\r\nInn : na.\r\nPlace of issue : sddfgsdfg', 'noreply@nomail.com', 'Sergey.Melkov@softline.ru', 'hedge.smrgl@gmail.com', '', '', '', 'realtime', 'Swift_MailTransport', NULL, 'Message-ID: <1423193912.54d4373830d60@diffco.local>\r\nDate: Fri, 06 Feb 2015 08:38:32 +0500\r\nSubject: =?utf-8?Q?=D0=97=D0=B0=D0=BF=D1=80=D0=BE=D1=81_=D0=BD?=\r\n =?utf-8?Q?=D0=B0_=D1=81=D0=BC=D0=B5=D0=BD=D1=83_=D0=BF=D0=B0=D1=81=D0=BF?=\r\n =?utf-8?Q?=D0=BE=D1=80=D1=82=D0=BD=D1=8B=D1=85_=D0=B4?=\r\n =?utf-8?Q?=D0=B0=D0=BD=D0=BD=D1=8B=D1=85?=\r\nFrom: noreply@nomail.com\r\nTo: Sergey.Melkov@softline.ru\r\nCc: hedge.smrgl@gmail.com\r\nMIME-Version: 1.0\r\nContent-Type: text/plain; charset=utf-8\r\nContent-Transfer-Encoding: quoted-printable\r\n\r\nSurname : =D0=98=D0=B2=D0=B0=D0=BD=D0=BE=D0=B2\r\nName :=\r\n =D0=98=D0=B2=D0=B0=D0=BD\r\nPatronymic : =D0=98=D0=B2=D0=B0=D0=BD=\r\n=D0=BE=D0=B2=D0=B8=D1=87\r\nBirth date : 2009-01-01\r\nBirth place :=\r\n ubia nostra, per inceptos himenaeos. Etiam a\r\nPost address : din. V=\r\nestibulum ante ipsum primis in faucibus orci luctus et ul\r\nPassport =\r\nseries : on ligula. Quisque odio. Nullam nisi nu\r\nPassport number : =\r\nictum consequat, massa. Cras at ante ac sapien vive\r\nRegistration : lo=\r\nr. Sed id nisl ac erat adipi\r\nPassport date : 2013-08-08\r\nInn : =\r\nna.\r\nPlace of issue : sddfgsdfg', '2015-02-06 08:38:32'),
(12, NULL, 'Запрос на смену паспортных данных', 'Surname : Иванов\r\nName : Иван\r\nPatronymic : Иванович\r\nBirth date : 2009-01-01\r\nBirth place : ubia nostra, per inceptos himenaeos. Etiam a\r\nPost address : din. Vestibulum ante ipsum primis in faucibus orci luctus et ul\r\nPassport series : on ligula. Quisque odio. Nullam nisi nu\r\nPassport number : ictum consequat, massa. Cras at ante ac sapien vive\r\nRegistration : lor. Sed id nisl ac erat adipi\r\nPassport date : 2013-08-08\r\nInn : na.\r\nPlace of issue : sddfgsdfg', 'noreply@nomail.com', 'Sergey.Melkov@softline.ru', 'hedge.smrgl@gmail.com', '', '', '', 'realtime', 'Swift_MailTransport', NULL, 'Message-ID: <1423195268.54d43c8409897@diffco.local>\r\nDate: Fri, 06 Feb 2015 09:01:08 +0500\r\nSubject: =?utf-8?Q?=D0=97=D0=B0=D0=BF=D1=80=D0=BE=D1=81_=D0=BD?=\r\n =?utf-8?Q?=D0=B0_=D1=81=D0=BC=D0=B5=D0=BD=D1=83_=D0=BF=D0=B0=D1=81=D0=BF?=\r\n =?utf-8?Q?=D0=BE=D1=80=D1=82=D0=BD=D1=8B=D1=85_=D0=B4?=\r\n =?utf-8?Q?=D0=B0=D0=BD=D0=BD=D1=8B=D1=85?=\r\nFrom: noreply@nomail.com\r\nTo: Sergey.Melkov@softline.ru\r\nCc: hedge.smrgl@gmail.com\r\nMIME-Version: 1.0\r\nContent-Type: text/plain; charset=utf-8\r\nContent-Transfer-Encoding: quoted-printable\r\n\r\nSurname : =D0=98=D0=B2=D0=B0=D0=BD=D0=BE=D0=B2\r\nName :=\r\n =D0=98=D0=B2=D0=B0=D0=BD\r\nPatronymic : =D0=98=D0=B2=D0=B0=D0=BD=\r\n=D0=BE=D0=B2=D0=B8=D1=87\r\nBirth date : 2009-01-01\r\nBirth place :=\r\n ubia nostra, per inceptos himenaeos. Etiam a\r\nPost address : din. V=\r\nestibulum ante ipsum primis in faucibus orci luctus et ul\r\nPassport =\r\nseries : on ligula. Quisque odio. Nullam nisi nu\r\nPassport number : =\r\nictum consequat, massa. Cras at ante ac sapien vive\r\nRegistration : lo=\r\nr. Sed id nisl ac erat adipi\r\nPassport date : 2013-08-08\r\nInn : =\r\nna.\r\nPlace of issue : sddfgsdfg', '2015-02-06 09:01:08'),
(13, NULL, 'Запрос на смену паспортных данных', 'Surname : Иванов\r\nName : Иван\r\nPatronymic : Иванович\r\nBirth date : 2009-01-01\r\nBirth place : ubia nostra, per inceptos himenaeos. Etiam a\r\nPost address : din. Vestibulum ante ipsum primis in faucibus orci luctus et ul\r\nPassport series : on ligula. Quisque odio. Nullam nisi nu\r\nPassport number : ictum consequat, massa. Cras at ante ac sapien vive\r\nRegistration : lor. Sed id nisl ac erat adipi\r\nPassport date : 2013-08-08\r\nInn : na.\r\nPlace of issue : sddfgsdfg', 'noreply@nomail.com', 'Sergey.Melkov@softline.ru', 'hedge.smrgl@gmail.com', '', '', '', 'realtime', 'Swift_MailTransport', NULL, 'Message-ID: <1423195275.54d43c8b409a5@diffco.local>\r\nDate: Fri, 06 Feb 2015 09:01:15 +0500\r\nSubject: =?utf-8?Q?=D0=97=D0=B0=D0=BF=D1=80=D0=BE=D1=81_=D0=BD?=\r\n =?utf-8?Q?=D0=B0_=D1=81=D0=BC=D0=B5=D0=BD=D1=83_=D0=BF=D0=B0=D1=81=D0=BF?=\r\n =?utf-8?Q?=D0=BE=D1=80=D1=82=D0=BD=D1=8B=D1=85_=D0=B4?=\r\n =?utf-8?Q?=D0=B0=D0=BD=D0=BD=D1=8B=D1=85?=\r\nFrom: noreply@nomail.com\r\nTo: Sergey.Melkov@softline.ru\r\nCc: hedge.smrgl@gmail.com\r\nMIME-Version: 1.0\r\nContent-Type: text/plain; charset=utf-8\r\nContent-Transfer-Encoding: quoted-printable\r\n\r\nSurname : =D0=98=D0=B2=D0=B0=D0=BD=D0=BE=D0=B2\r\nName :=\r\n =D0=98=D0=B2=D0=B0=D0=BD\r\nPatronymic : =D0=98=D0=B2=D0=B0=D0=BD=\r\n=D0=BE=D0=B2=D0=B8=D1=87\r\nBirth date : 2009-01-01\r\nBirth place :=\r\n ubia nostra, per inceptos himenaeos. Etiam a\r\nPost address : din. V=\r\nestibulum ante ipsum primis in faucibus orci luctus et ul\r\nPassport =\r\nseries : on ligula. Quisque odio. Nullam nisi nu\r\nPassport number : =\r\nictum consequat, massa. Cras at ante ac sapien vive\r\nRegistration : lo=\r\nr. Sed id nisl ac erat adipi\r\nPassport date : 2013-08-08\r\nInn : =\r\nna.\r\nPlace of issue : sddfgsdfg', '2015-02-06 09:01:15'),
(14, NULL, 'Запрос на смену паспортных данных', 'Surname : Иванов\r\nName : Иван\r\nPatronymic : Иванович\r\nBirth date : 2009-01-01\r\nBirth place : ubia nostra, per inceptos himenaeos. Etiam a\r\nPost address : din. Vestibulum ante ipsum primis in faucibus orci luctus et ul\r\nPassport series : on ligula. Quisque odio. Nullam nisi nu\r\nPassport number : ictum consequat, massa. Cras at ante ac sapien vive\r\nRegistration : lor. Sed id nisl ac erat adipi\r\nPassport date : 2013-08-08\r\nInn : na.\r\nPlace of issue : sddfgsdfg', 'noreply@nomail.com', 'Sergey.Melkov@softline.ru', 'hedge.smrgl@gmail.com', '', '', '', 'realtime', 'Swift_MailTransport', NULL, 'Message-ID: <1423195307.54d43cabc24f1@diffco.local>\r\nDate: Fri, 06 Feb 2015 09:01:47 +0500\r\nSubject: =?utf-8?Q?=D0=97=D0=B0=D0=BF=D1=80=D0=BE=D1=81_=D0=BD?=\r\n =?utf-8?Q?=D0=B0_=D1=81=D0=BC=D0=B5=D0=BD=D1=83_=D0=BF=D0=B0=D1=81=D0=BF?=\r\n =?utf-8?Q?=D0=BE=D1=80=D1=82=D0=BD=D1=8B=D1=85_=D0=B4?=\r\n =?utf-8?Q?=D0=B0=D0=BD=D0=BD=D1=8B=D1=85?=\r\nFrom: noreply@nomail.com\r\nTo: Sergey.Melkov@softline.ru\r\nCc: hedge.smrgl@gmail.com\r\nMIME-Version: 1.0\r\nContent-Type: text/plain; charset=utf-8\r\nContent-Transfer-Encoding: quoted-printable\r\n\r\nSurname : =D0=98=D0=B2=D0=B0=D0=BD=D0=BE=D0=B2\r\nName :=\r\n =D0=98=D0=B2=D0=B0=D0=BD\r\nPatronymic : =D0=98=D0=B2=D0=B0=D0=BD=\r\n=D0=BE=D0=B2=D0=B8=D1=87\r\nBirth date : 2009-01-01\r\nBirth place :=\r\n ubia nostra, per inceptos himenaeos. Etiam a\r\nPost address : din. V=\r\nestibulum ante ipsum primis in faucibus orci luctus et ul\r\nPassport =\r\nseries : on ligula. Quisque odio. Nullam nisi nu\r\nPassport number : =\r\nictum consequat, massa. Cras at ante ac sapien vive\r\nRegistration : lo=\r\nr. Sed id nisl ac erat adipi\r\nPassport date : 2013-08-08\r\nInn : =\r\nna.\r\nPlace of issue : sddfgsdfg', '2015-02-06 09:01:47'),
(15, NULL, 'Запрос на смену паспортных данных', 'Surname : Иванов\r\nName : Иван\r\nPatronymic : Иванович\r\nBirth date : 2009-01-01\r\nBirth place : ubia nostra, per inceptos himenaeos. Etiam a\r\nPost address : din. Vestibulum ante ipsum primis in faucibus orci luctus et ul\r\nPassport series : on ligula. Quisque odio. Nullam nisi nu\r\nPassport number : ictum consequat, massa. Cras at ante ac sapien vive\r\nRegistration : lor. Sed id nisl ac erat adipi\r\nPassport date : 2013-08-08\r\nInn : na.\r\nPlace of issue : sddfgsdfg', 'noreply@nomail.com', 'Sergey.Melkov@softline.ru', 'hedge.smrgl@gmail.com', '', '', '', 'realtime', 'Swift_MailTransport', NULL, 'Message-ID: <1423195396.54d43d04d3c08@diffco.local>\r\nDate: Fri, 06 Feb 2015 09:03:16 +0500\r\nSubject: =?utf-8?Q?=D0=97=D0=B0=D0=BF=D1=80=D0=BE=D1=81_=D0=BD?=\r\n =?utf-8?Q?=D0=B0_=D1=81=D0=BC=D0=B5=D0=BD=D1=83_=D0=BF=D0=B0=D1=81=D0=BF?=\r\n =?utf-8?Q?=D0=BE=D1=80=D1=82=D0=BD=D1=8B=D1=85_=D0=B4?=\r\n =?utf-8?Q?=D0=B0=D0=BD=D0=BD=D1=8B=D1=85?=\r\nFrom: noreply@nomail.com\r\nTo: Sergey.Melkov@softline.ru\r\nCc: hedge.smrgl@gmail.com\r\nMIME-Version: 1.0\r\nContent-Type: text/plain; charset=utf-8\r\nContent-Transfer-Encoding: quoted-printable\r\n\r\nSurname : =D0=98=D0=B2=D0=B0=D0=BD=D0=BE=D0=B2\r\nName :=\r\n =D0=98=D0=B2=D0=B0=D0=BD\r\nPatronymic : =D0=98=D0=B2=D0=B0=D0=BD=\r\n=D0=BE=D0=B2=D0=B8=D1=87\r\nBirth date : 2009-01-01\r\nBirth place :=\r\n ubia nostra, per inceptos himenaeos. Etiam a\r\nPost address : din. V=\r\nestibulum ante ipsum primis in faucibus orci luctus et ul\r\nPassport =\r\nseries : on ligula. Quisque odio. Nullam nisi nu\r\nPassport number : =\r\nictum consequat, massa. Cras at ante ac sapien vive\r\nRegistration : lo=\r\nr. Sed id nisl ac erat adipi\r\nPassport date : 2013-08-08\r\nInn : =\r\nna.\r\nPlace of issue : sddfgsdfg', '2015-02-06 09:03:16'),
(16, NULL, 'Запрос на смену паспортных данных', 'Surname : Иванов\r\nName : Иван\r\nPatronymic : Иванович\r\nBirth date : 2009-01-01\r\nBirth place : ubia nostra, per inceptos himenaeos. Etiam a\r\nPost address : din. Vestibulum ante ipsum primis in faucibus orci luctus et ul\r\nPassport series : on ligula. Quisque odio. Nullam nisi nu\r\nPassport number : ictum consequat, massa. Cras at ante ac sapien vive\r\nRegistration : lor. Sed id nisl ac erat adipi\r\nPassport date : 2013-08-08\r\nInn : na.\r\nPlace of issue : sddfgsdfg', 'noreply@nomail.com', 'Sergey.Melkov@softline.ru', 'hedge.smrgl@gmail.com', '', '', '', 'realtime', 'Swift_MailTransport', NULL, 'Message-ID: <1423195630.54d43def01282@diffco.local>\r\nDate: Fri, 06 Feb 2015 09:07:11 +0500\r\nSubject: =?utf-8?Q?=D0=97=D0=B0=D0=BF=D1=80=D0=BE=D1=81_=D0=BD?=\r\n =?utf-8?Q?=D0=B0_=D1=81=D0=BC=D0=B5=D0=BD=D1=83_=D0=BF=D0=B0=D1=81=D0=BF?=\r\n =?utf-8?Q?=D0=BE=D1=80=D1=82=D0=BD=D1=8B=D1=85_=D0=B4?=\r\n =?utf-8?Q?=D0=B0=D0=BD=D0=BD=D1=8B=D1=85?=\r\nFrom: noreply@nomail.com\r\nTo: Sergey.Melkov@softline.ru\r\nCc: hedge.smrgl@gmail.com\r\nMIME-Version: 1.0\r\nContent-Type: text/plain; charset=utf-8\r\nContent-Transfer-Encoding: quoted-printable\r\n\r\nSurname : =D0=98=D0=B2=D0=B0=D0=BD=D0=BE=D0=B2\r\nName :=\r\n =D0=98=D0=B2=D0=B0=D0=BD\r\nPatronymic : =D0=98=D0=B2=D0=B0=D0=BD=\r\n=D0=BE=D0=B2=D0=B8=D1=87\r\nBirth date : 2009-01-01\r\nBirth place :=\r\n ubia nostra, per inceptos himenaeos. Etiam a\r\nPost address : din. V=\r\nestibulum ante ipsum primis in faucibus orci luctus et ul\r\nPassport =\r\nseries : on ligula. Quisque odio. Nullam nisi nu\r\nPassport number : =\r\nictum consequat, massa. Cras at ante ac sapien vive\r\nRegistration : lo=\r\nr. Sed id nisl ac erat adipi\r\nPassport date : 2013-08-08\r\nInn : =\r\nna.\r\nPlace of issue : sddfgsdfg', '2015-02-06 09:07:11'),
(17, NULL, 'Запрос на смену паспортных данных', 'Surname : Иванов\r\nName : Иван\r\nPatronymic : Иванович\r\nBirth date : 2009-01-01\r\nBirth place : ubia nostra, per inceptos himenaeos. Etiam a\r\nPost address : din. Vestibulum ante ipsum primis in faucibus orci luctus et ul\r\nPassport series : on ligula. Quisque odio. Nullam nisi nu\r\nPassport number : ictum consequat, massa. Cras at ante ac sapien vive\r\nRegistration : lor. Sed id nisl ac erat adipi\r\nPassport date : 2013-08-08\r\nInn : na.\r\nPlace of issue : sddfgsdfg', 'noreply@nomail.com', 'Sergey.Melkov@softline.ru', 'hedge.smrgl@gmail.com', '', '', '', 'realtime', 'Swift_MailTransport', NULL, 'Message-ID: <1423197212.54d4441cc9d06@diffco.local>\r\nDate: Fri, 06 Feb 2015 09:33:32 +0500\r\nSubject: =?utf-8?Q?=D0=97=D0=B0=D0=BF=D1=80=D0=BE=D1=81_=D0=BD?=\r\n =?utf-8?Q?=D0=B0_=D1=81=D0=BC=D0=B5=D0=BD=D1=83_=D0=BF=D0=B0=D1=81=D0=BF?=\r\n =?utf-8?Q?=D0=BE=D1=80=D1=82=D0=BD=D1=8B=D1=85_=D0=B4?=\r\n =?utf-8?Q?=D0=B0=D0=BD=D0=BD=D1=8B=D1=85?=\r\nFrom: noreply@nomail.com\r\nTo: Sergey.Melkov@softline.ru\r\nCc: hedge.smrgl@gmail.com\r\nMIME-Version: 1.0\r\nContent-Type: text/plain; charset=utf-8\r\nContent-Transfer-Encoding: quoted-printable\r\n\r\nSurname : =D0=98=D0=B2=D0=B0=D0=BD=D0=BE=D0=B2\r\nName :=\r\n =D0=98=D0=B2=D0=B0=D0=BD\r\nPatronymic : =D0=98=D0=B2=D0=B0=D0=BD=\r\n=D0=BE=D0=B2=D0=B8=D1=87\r\nBirth date : 2009-01-01\r\nBirth place :=\r\n ubia nostra, per inceptos himenaeos. Etiam a\r\nPost address : din. V=\r\nestibulum ante ipsum primis in faucibus orci luctus et ul\r\nPassport =\r\nseries : on ligula. Quisque odio. Nullam nisi nu\r\nPassport number : =\r\nictum consequat, massa. Cras at ante ac sapien vive\r\nRegistration : lo=\r\nr. Sed id nisl ac erat adipi\r\nPassport date : 2013-08-08\r\nInn : =\r\nna.\r\nPlace of issue : sddfgsdfg', '2015-02-06 09:33:32'),
(18, NULL, 'Запрос на смену паспортных данных', 'Surname : Иванов\r\nName : Иван\r\nPatronymic : Иванович\r\nBirth date : 2009-01-01\r\nBirth place : ubia nostra, per inceptos himenaeos. Etiam a\r\nPost address : din. Vestibulum ante ipsum primis in faucibus orci luctus et ul\r\nPassport series : on ligula. Quisque odio. Nullam nisi nu\r\nPassport number : ictum consequat, massa. Cras at ante ac sapien vive\r\nRegistration : lor. Sed id nisl ac erat adipi\r\nPassport date : 2013-08-08\r\nInn : na.\r\nPlace of issue : sddfgsdfg', 'noreply@nomail.com', 'Sergey.Melkov@softline.ru', 'hedge.smrgl@gmail.com', '', '', '', 'realtime', 'Swift_MailTransport', NULL, 'Message-ID: <1423197283.54d444631d447@diffco.local>\r\nDate: Fri, 06 Feb 2015 09:34:43 +0500\r\nSubject: =?utf-8?Q?=D0=97=D0=B0=D0=BF=D1=80=D0=BE=D1=81_=D0=BD?=\r\n =?utf-8?Q?=D0=B0_=D1=81=D0=BC=D0=B5=D0=BD=D1=83_=D0=BF=D0=B0=D1=81=D0=BF?=\r\n =?utf-8?Q?=D0=BE=D1=80=D1=82=D0=BD=D1=8B=D1=85_=D0=B4?=\r\n =?utf-8?Q?=D0=B0=D0=BD=D0=BD=D1=8B=D1=85?=\r\nFrom: noreply@nomail.com\r\nTo: Sergey.Melkov@softline.ru\r\nCc: hedge.smrgl@gmail.com\r\nMIME-Version: 1.0\r\nContent-Type: text/plain; charset=utf-8\r\nContent-Transfer-Encoding: quoted-printable\r\n\r\nSurname : =D0=98=D0=B2=D0=B0=D0=BD=D0=BE=D0=B2\r\nName :=\r\n =D0=98=D0=B2=D0=B0=D0=BD\r\nPatronymic : =D0=98=D0=B2=D0=B0=D0=BD=\r\n=D0=BE=D0=B2=D0=B8=D1=87\r\nBirth date : 2009-01-01\r\nBirth place :=\r\n ubia nostra, per inceptos himenaeos. Etiam a\r\nPost address : din. V=\r\nestibulum ante ipsum primis in faucibus orci luctus et ul\r\nPassport =\r\nseries : on ligula. Quisque odio. Nullam nisi nu\r\nPassport number : =\r\nictum consequat, massa. Cras at ante ac sapien vive\r\nRegistration : lo=\r\nr. Sed id nisl ac erat adipi\r\nPassport date : 2013-08-08\r\nInn : =\r\nna.\r\nPlace of issue : sddfgsdfg', '2015-02-06 09:34:43'),
(19, NULL, 'Запрос на смену паспортных данных', 'Surname : Иванов\r\nName : Иван\r\nPatronymic : Иванович\r\nBirth date : 2009-01-01\r\nBirth place : ubia nostra, per inceptos himenaeos. Etiam a\r\nPost address : din. Vestibulum ante ipsum primis in faucibus orci luctus et ul\r\nPassport series : on ligula. Quisque odio. Nullam nisi nu\r\nPassport number : ictum consequat, massa. Cras at ante ac sapien vive\r\nRegistration : lor. Sed id nisl ac erat adipi\r\nPassport date : 2013-08-08\r\nInn : na.\r\nPlace of issue : sddfgsdfg', 'noreply@nomail.com', 'Sergey.Melkov@softline.ru', 'hedge.smrgl@gmail.com', '', '', '', 'realtime', 'Swift_MailTransport', NULL, 'Message-ID: <1423197296.54d444702eeac@diffco.local>\r\nDate: Fri, 06 Feb 2015 09:34:56 +0500\r\nSubject: =?utf-8?Q?=D0=97=D0=B0=D0=BF=D1=80=D0=BE=D1=81_=D0=BD?=\r\n =?utf-8?Q?=D0=B0_=D1=81=D0=BC=D0=B5=D0=BD=D1=83_=D0=BF=D0=B0=D1=81=D0=BF?=\r\n =?utf-8?Q?=D0=BE=D1=80=D1=82=D0=BD=D1=8B=D1=85_=D0=B4?=\r\n =?utf-8?Q?=D0=B0=D0=BD=D0=BD=D1=8B=D1=85?=\r\nFrom: noreply@nomail.com\r\nTo: Sergey.Melkov@softline.ru\r\nCc: hedge.smrgl@gmail.com\r\nMIME-Version: 1.0\r\nContent-Type: text/plain; charset=utf-8\r\nContent-Transfer-Encoding: quoted-printable\r\n\r\nSurname : =D0=98=D0=B2=D0=B0=D0=BD=D0=BE=D0=B2\r\nName :=\r\n =D0=98=D0=B2=D0=B0=D0=BD\r\nPatronymic : =D0=98=D0=B2=D0=B0=D0=BD=\r\n=D0=BE=D0=B2=D0=B8=D1=87\r\nBirth date : 2009-01-01\r\nBirth place :=\r\n ubia nostra, per inceptos himenaeos. Etiam a\r\nPost address : din. V=\r\nestibulum ante ipsum primis in faucibus orci luctus et ul\r\nPassport =\r\nseries : on ligula. Quisque odio. Nullam nisi nu\r\nPassport number : =\r\nictum consequat, massa. Cras at ante ac sapien vive\r\nRegistration : lo=\r\nr. Sed id nisl ac erat adipi\r\nPassport date : 2013-08-08\r\nInn : =\r\nna.\r\nPlace of issue : sddfgsdfg', '2015-02-06 09:34:56'),
(20, NULL, 'Запрос на смену паспортных данных', 'Surname : Иванов\r\nName : Иван\r\nPatronymic : Иванович\r\nBirth date : 2009-01-01\r\nBirth place : ubia nostra, per inceptos himenaeos. Etiam a\r\nPost address : din. Vestibulum ante ipsum primis in faucibus orci luctus et ul\r\nPassport series : on ligula. Quisque odio. Nullam nisi nu\r\nPassport number : ictum consequat, massa. Cras at ante ac sapien vive\r\nRegistration : lor. Sed id nisl ac erat adipi\r\nPassport date : 2013-08-08\r\nInn : na.\r\nPlace of issue : sddfgsdfg', 'noreply@nomail.com', 'Sergey.Melkov@softline.ru', 'hedge.smrgl@gmail.com', '', '', '', 'realtime', 'Swift_MailTransport', NULL, 'Message-ID: <1423197302.54d444765c547@diffco.local>\r\nDate: Fri, 06 Feb 2015 09:35:02 +0500\r\nSubject: =?utf-8?Q?=D0=97=D0=B0=D0=BF=D1=80=D0=BE=D1=81_=D0=BD?=\r\n =?utf-8?Q?=D0=B0_=D1=81=D0=BC=D0=B5=D0=BD=D1=83_=D0=BF=D0=B0=D1=81=D0=BF?=\r\n =?utf-8?Q?=D0=BE=D1=80=D1=82=D0=BD=D1=8B=D1=85_=D0=B4?=\r\n =?utf-8?Q?=D0=B0=D0=BD=D0=BD=D1=8B=D1=85?=\r\nFrom: noreply@nomail.com\r\nTo: Sergey.Melkov@softline.ru\r\nCc: hedge.smrgl@gmail.com\r\nMIME-Version: 1.0\r\nContent-Type: text/plain; charset=utf-8\r\nContent-Transfer-Encoding: quoted-printable\r\n\r\nSurname : =D0=98=D0=B2=D0=B0=D0=BD=D0=BE=D0=B2\r\nName :=\r\n =D0=98=D0=B2=D0=B0=D0=BD\r\nPatronymic : =D0=98=D0=B2=D0=B0=D0=BD=\r\n=D0=BE=D0=B2=D0=B8=D1=87\r\nBirth date : 2009-01-01\r\nBirth place :=\r\n ubia nostra, per inceptos himenaeos. Etiam a\r\nPost address : din. V=\r\nestibulum ante ipsum primis in faucibus orci luctus et ul\r\nPassport =\r\nseries : on ligula. Quisque odio. Nullam nisi nu\r\nPassport number : =\r\nictum consequat, massa. Cras at ante ac sapien vive\r\nRegistration : lo=\r\nr. Sed id nisl ac erat adipi\r\nPassport date : 2013-08-08\r\nInn : =\r\nna.\r\nPlace of issue : sddfgsdfg', '2015-02-06 09:35:02'),
(21, NULL, 'Запрос на смену паспортных данных', 'Surname : Иванов\r\nName : Иван\r\nPatronymic : Иванович\r\nBirth date : 2009-01-01\r\nBirth place : ubia nostra, per inceptos himenaeos. Etiam a\r\nPost address : din. Vestibulum ante ipsum primis in faucibus orci luctus et ul\r\nPassport series : on ligula. Quisque odio. Nullam nisi nu\r\nPassport number : ictum consequat, massa. Cras at ante ac sapien vive\r\nRegistration : lor. Sed id nisl ac erat adipi\r\nPassport date : 2013-08-08\r\nInn : na.\r\nPlace of issue : sddfgsdfg', 'noreply@nomail.com', 'Sergey.Melkov@softline.ru', 'hedge.smrgl@gmail.com', '', '', '', 'realtime', 'Swift_MailTransport', NULL, 'Message-ID: <1423197624.54d445b8342d6@diffco.local>\r\nDate: Fri, 06 Feb 2015 09:40:24 +0500\r\nSubject: =?utf-8?Q?=D0=97=D0=B0=D0=BF=D1=80=D0=BE=D1=81_=D0=BD?=\r\n =?utf-8?Q?=D0=B0_=D1=81=D0=BC=D0=B5=D0=BD=D1=83_=D0=BF=D0=B0=D1=81=D0=BF?=\r\n =?utf-8?Q?=D0=BE=D1=80=D1=82=D0=BD=D1=8B=D1=85_=D0=B4?=\r\n =?utf-8?Q?=D0=B0=D0=BD=D0=BD=D1=8B=D1=85?=\r\nFrom: noreply@nomail.com\r\nTo: Sergey.Melkov@softline.ru\r\nCc: hedge.smrgl@gmail.com\r\nMIME-Version: 1.0\r\nContent-Type: text/plain; charset=utf-8\r\nContent-Transfer-Encoding: quoted-printable\r\n\r\nSurname : =D0=98=D0=B2=D0=B0=D0=BD=D0=BE=D0=B2\r\nName :=\r\n =D0=98=D0=B2=D0=B0=D0=BD\r\nPatronymic : =D0=98=D0=B2=D0=B0=D0=BD=\r\n=D0=BE=D0=B2=D0=B8=D1=87\r\nBirth date : 2009-01-01\r\nBirth place :=\r\n ubia nostra, per inceptos himenaeos. Etiam a\r\nPost address : din. V=\r\nestibulum ante ipsum primis in faucibus orci luctus et ul\r\nPassport =\r\nseries : on ligula. Quisque odio. Nullam nisi nu\r\nPassport number : =\r\nictum consequat, massa. Cras at ante ac sapien vive\r\nRegistration : lo=\r\nr. Sed id nisl ac erat adipi\r\nPassport date : 2013-08-08\r\nInn : =\r\nna.\r\nPlace of issue : sddfgsdfg', '2015-02-06 09:40:24'),
(22, NULL, 'Запрос на смену паспортных данных', 'Surname : Иванов\r\nName : Иван\r\nPatronymic : Иванович\r\nBirth date : 2009-01-01\r\nBirth place : ubia nostra, per inceptos himenaeos. Etiam a\r\nPost address : din. Vestibulum ante ipsum primis in faucibus orci luctus et ul\r\nPassport series : on ligula. Quisque odio. Nullam nisi nu\r\nPassport number : ictum consequat, massa. Cras at ante ac sapien vive\r\nRegistration : lor. Sed id nisl ac erat adipi\r\nPassport date : 2013-08-08\r\nInn : na.\r\nPlace of issue : sddfgsdfg', 'noreply@nomail.com', 'Sergey.Melkov@softline.ru', 'hedge.smrgl@gmail.com', '', '', '', 'realtime', 'Swift_MailTransport', NULL, 'Message-ID: <1423197661.54d445dd4d254@diffco.local>\r\nDate: Fri, 06 Feb 2015 09:41:01 +0500\r\nSubject: =?utf-8?Q?=D0=97=D0=B0=D0=BF=D1=80=D0=BE=D1=81_=D0=BD?=\r\n =?utf-8?Q?=D0=B0_=D1=81=D0=BC=D0=B5=D0=BD=D1=83_=D0=BF=D0=B0=D1=81=D0=BF?=\r\n =?utf-8?Q?=D0=BE=D1=80=D1=82=D0=BD=D1=8B=D1=85_=D0=B4?=\r\n =?utf-8?Q?=D0=B0=D0=BD=D0=BD=D1=8B=D1=85?=\r\nFrom: noreply@nomail.com\r\nTo: Sergey.Melkov@softline.ru\r\nCc: hedge.smrgl@gmail.com\r\nMIME-Version: 1.0\r\nContent-Type: text/plain; charset=utf-8\r\nContent-Transfer-Encoding: quoted-printable\r\n\r\nSurname : =D0=98=D0=B2=D0=B0=D0=BD=D0=BE=D0=B2\r\nName :=\r\n =D0=98=D0=B2=D0=B0=D0=BD\r\nPatronymic : =D0=98=D0=B2=D0=B0=D0=BD=\r\n=D0=BE=D0=B2=D0=B8=D1=87\r\nBirth date : 2009-01-01\r\nBirth place :=\r\n ubia nostra, per inceptos himenaeos. Etiam a\r\nPost address : din. V=\r\nestibulum ante ipsum primis in faucibus orci luctus et ul\r\nPassport =\r\nseries : on ligula. Quisque odio. Nullam nisi nu\r\nPassport number : =\r\nictum consequat, massa. Cras at ante ac sapien vive\r\nRegistration : lo=\r\nr. Sed id nisl ac erat adipi\r\nPassport date : 2013-08-08\r\nInn : =\r\nna.\r\nPlace of issue : sddfgsdfg', '2015-02-06 09:41:01'),
(23, NULL, 'Запрос на смену паспортных данных', 'Surname : Иванов\r\nName : Иван\r\nPatronymic : Иванович\r\nBirth date : 2009-01-01\r\nBirth place : ubia nostra, per inceptos himenaeos. Etiam a\r\nPost address : din. Vestibulum ante ipsum primis in faucibus orci luctus et ul\r\nPassport series : on ligula. Quisque odio. Nullam nisi nu\r\nPassport number : ictum consequat, massa. Cras at ante ac sapien vive\r\nRegistration : lor. Sed id nisl ac erat adipi\r\nPassport date : 2013-08-08\r\nInn : na.\r\nPlace of issue : sddfgsdfg', 'noreply@nomail.com', 'Sergey.Melkov@softline.ru', 'hedge.smrgl@gmail.com', '', '', '', 'realtime', 'Swift_MailTransport', NULL, 'Message-ID: <1423198522.54d4493a992b6@diffco.local>\r\nDate: Fri, 06 Feb 2015 09:55:22 +0500\r\nSubject: =?utf-8?Q?=D0=97=D0=B0=D0=BF=D1=80=D0=BE=D1=81_=D0=BD?=\r\n =?utf-8?Q?=D0=B0_=D1=81=D0=BC=D0=B5=D0=BD=D1=83_=D0=BF=D0=B0=D1=81=D0=BF?=\r\n =?utf-8?Q?=D0=BE=D1=80=D1=82=D0=BD=D1=8B=D1=85_=D0=B4?=\r\n =?utf-8?Q?=D0=B0=D0=BD=D0=BD=D1=8B=D1=85?=\r\nFrom: noreply@nomail.com\r\nTo: Sergey.Melkov@softline.ru\r\nCc: hedge.smrgl@gmail.com\r\nMIME-Version: 1.0\r\nContent-Type: text/plain; charset=utf-8\r\nContent-Transfer-Encoding: quoted-printable\r\n\r\nSurname : =D0=98=D0=B2=D0=B0=D0=BD=D0=BE=D0=B2\r\nName :=\r\n =D0=98=D0=B2=D0=B0=D0=BD\r\nPatronymic : =D0=98=D0=B2=D0=B0=D0=BD=\r\n=D0=BE=D0=B2=D0=B8=D1=87\r\nBirth date : 2009-01-01\r\nBirth place :=\r\n ubia nostra, per inceptos himenaeos. Etiam a\r\nPost address : din. V=\r\nestibulum ante ipsum primis in faucibus orci luctus et ul\r\nPassport =\r\nseries : on ligula. Quisque odio. Nullam nisi nu\r\nPassport number : =\r\nictum consequat, massa. Cras at ante ac sapien vive\r\nRegistration : lo=\r\nr. Sed id nisl ac erat adipi\r\nPassport date : 2013-08-08\r\nInn : =\r\nna.\r\nPlace of issue : sddfgsdfg', '2015-02-06 09:55:22'),
(24, NULL, 'Запрос на смену паспортных данных', 'Surname : Иванов\r\nName : Иван\r\nPatronymic : Иванович\r\nBirth date : 2008-12-01\r\nBirth place : ubia nostra, per inceptos himenaeos. Etiam a\r\nPost address : din. Vestibulum ante ipsum primis in faucibus orci luctus et ul\r\nPassport series : on ligula. Quisque odio. Nullam nisi nu\r\nPassport number : ictum consequat, massa. Cras at ante ac sapien vive\r\nRegistration : lor. Sed id nisl ac erat adipi\r\nPassport date : 2013-08-08\r\nInn : na.\r\nPlace of issue : sddfgsdfg', 'noreply@nomail.com', 'Sergey.Melkov@softline.ru', 'hedge.smrgl@gmail.com', '', '', '', 'realtime', 'Swift_MailTransport', NULL, 'Message-ID: <1423198533.54d44945b4513@diffco.local>\r\nDate: Fri, 06 Feb 2015 09:55:33 +0500\r\nSubject: =?utf-8?Q?=D0=97=D0=B0=D0=BF=D1=80=D0=BE=D1=81_=D0=BD?=\r\n =?utf-8?Q?=D0=B0_=D1=81=D0=BC=D0=B5=D0=BD=D1=83_=D0=BF=D0=B0=D1=81=D0=BF?=\r\n =?utf-8?Q?=D0=BE=D1=80=D1=82=D0=BD=D1=8B=D1=85_=D0=B4?=\r\n =?utf-8?Q?=D0=B0=D0=BD=D0=BD=D1=8B=D1=85?=\r\nFrom: noreply@nomail.com\r\nTo: Sergey.Melkov@softline.ru\r\nCc: hedge.smrgl@gmail.com\r\nMIME-Version: 1.0\r\nContent-Type: text/plain; charset=utf-8\r\nContent-Transfer-Encoding: quoted-printable\r\n\r\nSurname : =D0=98=D0=B2=D0=B0=D0=BD=D0=BE=D0=B2\r\nName :=\r\n =D0=98=D0=B2=D0=B0=D0=BD\r\nPatronymic : =D0=98=D0=B2=D0=B0=D0=BD=\r\n=D0=BE=D0=B2=D0=B8=D1=87\r\nBirth date : 2008-12-01\r\nBirth place :=\r\n ubia nostra, per inceptos himenaeos. Etiam a\r\nPost address : din. V=\r\nestibulum ante ipsum primis in faucibus orci luctus et ul\r\nPassport =\r\nseries : on ligula. Quisque odio. Nullam nisi nu\r\nPassport number : =\r\nictum consequat, massa. Cras at ante ac sapien vive\r\nRegistration : lo=\r\nr. Sed id nisl ac erat adipi\r\nPassport date : 2013-08-08\r\nInn : =\r\nna.\r\nPlace of issue : sddfgsdfg', '2015-02-06 09:55:33'),
(25, NULL, 'Запрос на смену паспортных данных', 'Surname : Иванов\r\nName : Иван\r\nPatronymic : Иванович\r\nBirth date : 2008-12-01\r\nBirth place : ubia nostra, per inceptos himenaeos. Etiam a\r\nPost address : din. Vestibulum ante ipsum primis in faucibus orci luctus et ul\r\nPassport series : on ligula. Quisque odio. Nullam nisi nu\r\nPassport number : ictum consequat, massa. Cras at ante ac sapien vive\r\nRegistration : lor. Sed id nisl ac erat adipi\r\nPassport date : 2013-08-08\r\nInn : na.\r\nPlace of issue : sddfgsdfg', 'noreply@nomail.com', 'Sergey.Melkov@softline.ru', 'hedge.smrgl@gmail.com', '', '', '', 'realtime', 'Swift_MailTransport', NULL, 'Message-ID: <1423198546.54d44952c4664@diffco.local>\r\nDate: Fri, 06 Feb 2015 09:55:46 +0500\r\nSubject: =?utf-8?Q?=D0=97=D0=B0=D0=BF=D1=80=D0=BE=D1=81_=D0=BD?=\r\n =?utf-8?Q?=D0=B0_=D1=81=D0=BC=D0=B5=D0=BD=D1=83_=D0=BF=D0=B0=D1=81=D0=BF?=\r\n =?utf-8?Q?=D0=BE=D1=80=D1=82=D0=BD=D1=8B=D1=85_=D0=B4?=\r\n =?utf-8?Q?=D0=B0=D0=BD=D0=BD=D1=8B=D1=85?=\r\nFrom: noreply@nomail.com\r\nTo: Sergey.Melkov@softline.ru\r\nCc: hedge.smrgl@gmail.com\r\nMIME-Version: 1.0\r\nContent-Type: text/plain; charset=utf-8\r\nContent-Transfer-Encoding: quoted-printable\r\n\r\nSurname : =D0=98=D0=B2=D0=B0=D0=BD=D0=BE=D0=B2\r\nName :=\r\n =D0=98=D0=B2=D0=B0=D0=BD\r\nPatronymic : =D0=98=D0=B2=D0=B0=D0=BD=\r\n=D0=BE=D0=B2=D0=B8=D1=87\r\nBirth date : 2008-12-01\r\nBirth place :=\r\n ubia nostra, per inceptos himenaeos. Etiam a\r\nPost address : din. V=\r\nestibulum ante ipsum primis in faucibus orci luctus et ul\r\nPassport =\r\nseries : on ligula. Quisque odio. Nullam nisi nu\r\nPassport number : =\r\nictum consequat, massa. Cras at ante ac sapien vive\r\nRegistration : lo=\r\nr. Sed id nisl ac erat adipi\r\nPassport date : 2013-08-08\r\nInn : =\r\nna.\r\nPlace of issue : sddfgsdfg', '2015-02-06 09:55:46');
INSERT INTO `dm_sent_mail` (`id`, `dm_mail_template_id`, `subject`, `body`, `from_email`, `to_email`, `cc_email`, `bcc_email`, `reply_to_email`, `sender_email`, `strategy`, `transport`, `culture`, `debug_string`, `created_at`) VALUES
(26, NULL, 'Запрос на смену паспортных данных', 'Surname : Иванов\r\nName : Иван\r\nPatronymic : Иванович\r\nBirth date : 2008-12-01\r\nBirth place : ubia nostra, per inceptos himenaeos. Etiam a\r\nPost address : din. Vestibulum ante ipsum primis in faucibus orci luctus et ul\r\nPassport series : on ligula. Quisque odio. Nullam nisi nu\r\nPassport number : ictum consequat, massa. Cras at ante ac sapien vive\r\nRegistration : lor. Sed id nisl ac erat adipi\r\nPassport date : 2013-08-08\r\nInn : na.\r\nPlace of issue : sddfgsdfg', 'noreply@nomail.com', 'Sergey.Melkov@softline.ru', 'hedge.smrgl@gmail.com', '', '', '', 'realtime', 'Swift_MailTransport', NULL, 'Message-ID: <1423198613.54d449952cfaf@diffco.local>\r\nDate: Fri, 06 Feb 2015 09:56:53 +0500\r\nSubject: =?utf-8?Q?=D0=97=D0=B0=D0=BF=D1=80=D0=BE=D1=81_=D0=BD?=\r\n =?utf-8?Q?=D0=B0_=D1=81=D0=BC=D0=B5=D0=BD=D1=83_=D0=BF=D0=B0=D1=81=D0=BF?=\r\n =?utf-8?Q?=D0=BE=D1=80=D1=82=D0=BD=D1=8B=D1=85_=D0=B4?=\r\n =?utf-8?Q?=D0=B0=D0=BD=D0=BD=D1=8B=D1=85?=\r\nFrom: noreply@nomail.com\r\nTo: Sergey.Melkov@softline.ru\r\nCc: hedge.smrgl@gmail.com\r\nMIME-Version: 1.0\r\nContent-Type: text/plain; charset=utf-8\r\nContent-Transfer-Encoding: quoted-printable\r\n\r\nSurname : =D0=98=D0=B2=D0=B0=D0=BD=D0=BE=D0=B2\r\nName :=\r\n =D0=98=D0=B2=D0=B0=D0=BD\r\nPatronymic : =D0=98=D0=B2=D0=B0=D0=BD=\r\n=D0=BE=D0=B2=D0=B8=D1=87\r\nBirth date : 2008-12-01\r\nBirth place :=\r\n ubia nostra, per inceptos himenaeos. Etiam a\r\nPost address : din. V=\r\nestibulum ante ipsum primis in faucibus orci luctus et ul\r\nPassport =\r\nseries : on ligula. Quisque odio. Nullam nisi nu\r\nPassport number : =\r\nictum consequat, massa. Cras at ante ac sapien vive\r\nRegistration : lo=\r\nr. Sed id nisl ac erat adipi\r\nPassport date : 2013-08-08\r\nInn : =\r\nna.\r\nPlace of issue : sddfgsdfg', '2015-02-06 09:56:53'),
(27, NULL, 'Запрос на смену паспортных данных', 'Surname : Иванов\r\nName : Иван\r\nPatronymic : Иванович\r\nBirth date : 2009-01-01\r\nBirth place : ubia nostra, per inceptos himenaeos. Etiam a\r\nPost address : din. Vestibulum ante ipsum primis in faucibus orci luctus et ul\r\nPassport series : on ligula. Quisque odio. Nullam nisi nu\r\nPassport number : ictum consequat, massa. Cras at ante ac sapien vive\r\nRegistration : lor. Sed id nisl ac erat adipi\r\nPassport date : 2013-08-08\r\nInn : na.\r\nPlace of issue : sddfgsdfg', 'noreply@nomail.com', 'Sergey.Melkov@softline.ru', 'hedge.smrgl@gmail.com', '', '', '', 'realtime', 'Swift_MailTransport', NULL, 'Message-ID: <1423199861.54d44e753d312@diffco.local>\r\nDate: Fri, 06 Feb 2015 10:17:41 +0500\r\nSubject: =?utf-8?Q?=D0=97=D0=B0=D0=BF=D1=80=D0=BE=D1=81_=D0=BD?=\r\n =?utf-8?Q?=D0=B0_=D1=81=D0=BC=D0=B5=D0=BD=D1=83_=D0=BF=D0=B0=D1=81=D0=BF?=\r\n =?utf-8?Q?=D0=BE=D1=80=D1=82=D0=BD=D1=8B=D1=85_=D0=B4?=\r\n =?utf-8?Q?=D0=B0=D0=BD=D0=BD=D1=8B=D1=85?=\r\nFrom: noreply@nomail.com\r\nTo: Sergey.Melkov@softline.ru\r\nCc: hedge.smrgl@gmail.com\r\nMIME-Version: 1.0\r\nContent-Type: text/plain; charset=utf-8\r\nContent-Transfer-Encoding: quoted-printable\r\n\r\nSurname : =D0=98=D0=B2=D0=B0=D0=BD=D0=BE=D0=B2\r\nName :=\r\n =D0=98=D0=B2=D0=B0=D0=BD\r\nPatronymic : =D0=98=D0=B2=D0=B0=D0=BD=\r\n=D0=BE=D0=B2=D0=B8=D1=87\r\nBirth date : 2009-01-01\r\nBirth place :=\r\n ubia nostra, per inceptos himenaeos. Etiam a\r\nPost address : din. V=\r\nestibulum ante ipsum primis in faucibus orci luctus et ul\r\nPassport =\r\nseries : on ligula. Quisque odio. Nullam nisi nu\r\nPassport number : =\r\nictum consequat, massa. Cras at ante ac sapien vive\r\nRegistration : lo=\r\nr. Sed id nisl ac erat adipi\r\nPassport date : 2013-08-08\r\nInn : =\r\nna.\r\nPlace of issue : sddfgsdfg', '2015-02-06 10:17:41'),
(28, NULL, 'Запрос на смену паспортных данных', 'Surname : Иванов\r\nName : Иван\r\nPatronymic : Иванович\r\nBirth date : 2009-01-01\r\nBirth place : ubia nostra, per inceptos himenaeos. Etiam a\r\nPost address : din. Vestibulum ante ipsum primis in faucibus orci luctus et ul\r\nPassport series : on ligula. Quisque odio. Nullam nisi nu\r\nPassport number : ictum consequat, massa. Cras at ante ac sapien vive\r\nRegistration : lor. Sed id nisl ac erat adipi\r\nPassport date : 2013-08-08\r\nInn : na.\r\nPlace of issue : sddfgsdfg', 'noreply@nomail.com', 'Sergey.Melkov@softline.ru', 'hedge.smrgl@gmail.com', '', '', '', 'realtime', 'Swift_MailTransport', NULL, 'Message-ID: <1423200026.54d44f1acfb18@diffco.local>\r\nDate: Fri, 06 Feb 2015 10:20:26 +0500\r\nSubject: =?utf-8?Q?=D0=97=D0=B0=D0=BF=D1=80=D0=BE=D1=81_=D0=BD?=\r\n =?utf-8?Q?=D0=B0_=D1=81=D0=BC=D0=B5=D0=BD=D1=83_=D0=BF=D0=B0=D1=81=D0=BF?=\r\n =?utf-8?Q?=D0=BE=D1=80=D1=82=D0=BD=D1=8B=D1=85_=D0=B4?=\r\n =?utf-8?Q?=D0=B0=D0=BD=D0=BD=D1=8B=D1=85?=\r\nFrom: noreply@nomail.com\r\nTo: Sergey.Melkov@softline.ru\r\nCc: hedge.smrgl@gmail.com\r\nMIME-Version: 1.0\r\nContent-Type: text/plain; charset=utf-8\r\nContent-Transfer-Encoding: quoted-printable\r\n\r\nSurname : =D0=98=D0=B2=D0=B0=D0=BD=D0=BE=D0=B2\r\nName :=\r\n =D0=98=D0=B2=D0=B0=D0=BD\r\nPatronymic : =D0=98=D0=B2=D0=B0=D0=BD=\r\n=D0=BE=D0=B2=D0=B8=D1=87\r\nBirth date : 2009-01-01\r\nBirth place :=\r\n ubia nostra, per inceptos himenaeos. Etiam a\r\nPost address : din. V=\r\nestibulum ante ipsum primis in faucibus orci luctus et ul\r\nPassport =\r\nseries : on ligula. Quisque odio. Nullam nisi nu\r\nPassport number : =\r\nictum consequat, massa. Cras at ante ac sapien vive\r\nRegistration : lo=\r\nr. Sed id nisl ac erat adipi\r\nPassport date : 2013-08-08\r\nInn : =\r\nna.\r\nPlace of issue : sddfgsdfg', '2015-02-06 10:20:26'),
(29, NULL, 'Запрос на смену паспортных данных', 'Surname : Иванов\r\nName : Иван\r\nPatronymic : Иванович\r\nBirth date : 2009-01-01\r\nBirth place : ubia nostra, per inceptos himenaeos. Etiam a\r\nPost address : din. Vestibulum ante ipsum primis in faucibus orci luctus et ul\r\nPassport series : on ligula. Quisque odio. Nullam nisi nu\r\nPassport number : ictum consequat, massa. Cras at ante ac sapien vive\r\nRegistration : lor. Sed id nisl ac erat adipi\r\nPassport date : 2013-08-08\r\nInn : na.\r\nPlace of issue : sddfgsdfg', 'noreply@nomail.com', 'Sergey.Melkov@softline.ru', 'hedge.smrgl@gmail.com', '', '', '', 'realtime', 'Swift_MailTransport', NULL, 'Message-ID: <1423200030.54d44f1ece8bc@diffco.local>\r\nDate: Fri, 06 Feb 2015 10:20:30 +0500\r\nSubject: =?utf-8?Q?=D0=97=D0=B0=D0=BF=D1=80=D0=BE=D1=81_=D0=BD?=\r\n =?utf-8?Q?=D0=B0_=D1=81=D0=BC=D0=B5=D0=BD=D1=83_=D0=BF=D0=B0=D1=81=D0=BF?=\r\n =?utf-8?Q?=D0=BE=D1=80=D1=82=D0=BD=D1=8B=D1=85_=D0=B4?=\r\n =?utf-8?Q?=D0=B0=D0=BD=D0=BD=D1=8B=D1=85?=\r\nFrom: noreply@nomail.com\r\nTo: Sergey.Melkov@softline.ru\r\nCc: hedge.smrgl@gmail.com\r\nMIME-Version: 1.0\r\nContent-Type: text/plain; charset=utf-8\r\nContent-Transfer-Encoding: quoted-printable\r\n\r\nSurname : =D0=98=D0=B2=D0=B0=D0=BD=D0=BE=D0=B2\r\nName :=\r\n =D0=98=D0=B2=D0=B0=D0=BD\r\nPatronymic : =D0=98=D0=B2=D0=B0=D0=BD=\r\n=D0=BE=D0=B2=D0=B8=D1=87\r\nBirth date : 2009-01-01\r\nBirth place :=\r\n ubia nostra, per inceptos himenaeos. Etiam a\r\nPost address : din. V=\r\nestibulum ante ipsum primis in faucibus orci luctus et ul\r\nPassport =\r\nseries : on ligula. Quisque odio. Nullam nisi nu\r\nPassport number : =\r\nictum consequat, massa. Cras at ante ac sapien vive\r\nRegistration : lo=\r\nr. Sed id nisl ac erat adipi\r\nPassport date : 2013-08-08\r\nInn : =\r\nna.\r\nPlace of issue : sddfgsdfg', '2015-02-06 10:20:30'),
(30, NULL, 'Запрос на смену паспортных данных', 'Surname : Иванов\r\nName : Иван\r\nPatronymic : Иванович\r\nBirth date : 2009-01-01\r\nBirth place : ubia nostra, per inceptos himenaeos. Etiam a\r\nPost address : din. Vestibulum ante ipsum primis in faucibus orci luctus et ul\r\nPassport series : on ligula. Quisque odio. Nullam nisi nu\r\nPassport number : ictum consequat, massa. Cras at ante ac sapien vive\r\nRegistration : lor. Sed id nisl ac erat adipi\r\nPassport date : 2013-08-08\r\nInn : na.\r\nPlace of issue : sddfgsdfg', 'noreply@nomail.com', 'Sergey.Melkov@softline.ru', 'hedge.smrgl@gmail.com', '', '', '', 'realtime', 'Swift_MailTransport', NULL, 'Message-ID: <1423200035.54d44f239d080@diffco.local>\r\nDate: Fri, 06 Feb 2015 10:20:35 +0500\r\nSubject: =?utf-8?Q?=D0=97=D0=B0=D0=BF=D1=80=D0=BE=D1=81_=D0=BD?=\r\n =?utf-8?Q?=D0=B0_=D1=81=D0=BC=D0=B5=D0=BD=D1=83_=D0=BF=D0=B0=D1=81=D0=BF?=\r\n =?utf-8?Q?=D0=BE=D1=80=D1=82=D0=BD=D1=8B=D1=85_=D0=B4?=\r\n =?utf-8?Q?=D0=B0=D0=BD=D0=BD=D1=8B=D1=85?=\r\nFrom: noreply@nomail.com\r\nTo: Sergey.Melkov@softline.ru\r\nCc: hedge.smrgl@gmail.com\r\nMIME-Version: 1.0\r\nContent-Type: text/plain; charset=utf-8\r\nContent-Transfer-Encoding: quoted-printable\r\n\r\nSurname : =D0=98=D0=B2=D0=B0=D0=BD=D0=BE=D0=B2\r\nName :=\r\n =D0=98=D0=B2=D0=B0=D0=BD\r\nPatronymic : =D0=98=D0=B2=D0=B0=D0=BD=\r\n=D0=BE=D0=B2=D0=B8=D1=87\r\nBirth date : 2009-01-01\r\nBirth place :=\r\n ubia nostra, per inceptos himenaeos. Etiam a\r\nPost address : din. V=\r\nestibulum ante ipsum primis in faucibus orci luctus et ul\r\nPassport =\r\nseries : on ligula. Quisque odio. Nullam nisi nu\r\nPassport number : =\r\nictum consequat, massa. Cras at ante ac sapien vive\r\nRegistration : lo=\r\nr. Sed id nisl ac erat adipi\r\nPassport date : 2013-08-08\r\nInn : =\r\nna.\r\nPlace of issue : sddfgsdfg', '2015-02-06 10:20:35'),
(31, NULL, 'Запрос на смену паспортных данных', 'Surname : Иванов\r\nName : Иван\r\nPatronymic : Иванович\r\nBirth date : 2009-01-01\r\nBirth place : ubia nostra, per inceptos himenaeos. Etiam a\r\nPost address : din. Vestibulum ante ipsum primis in faucibus orci luctus et ul\r\nPassport series : on ligula. Quisque odio. Nullam nisi nu\r\nPassport number : ictum consequat, massa. Cras at ante ac sapien vive\r\nRegistration : lor. Sed id nisl ac erat adipi\r\nPassport date : 2013-08-08\r\nInn : na.\r\nPlace of issue : sddfgsdfg', 'noreply@nomail.com', 'Sergey.Melkov@softline.ru', 'hedge.smrgl@gmail.com', '', '', '', 'realtime', 'Swift_MailTransport', NULL, 'Message-ID: <1423200069.54d44f454912c@diffco.local>\r\nDate: Fri, 06 Feb 2015 10:21:09 +0500\r\nSubject: =?utf-8?Q?=D0=97=D0=B0=D0=BF=D1=80=D0=BE=D1=81_=D0=BD?=\r\n =?utf-8?Q?=D0=B0_=D1=81=D0=BC=D0=B5=D0=BD=D1=83_=D0=BF=D0=B0=D1=81=D0=BF?=\r\n =?utf-8?Q?=D0=BE=D1=80=D1=82=D0=BD=D1=8B=D1=85_=D0=B4?=\r\n =?utf-8?Q?=D0=B0=D0=BD=D0=BD=D1=8B=D1=85?=\r\nFrom: noreply@nomail.com\r\nTo: Sergey.Melkov@softline.ru\r\nCc: hedge.smrgl@gmail.com\r\nMIME-Version: 1.0\r\nContent-Type: text/plain; charset=utf-8\r\nContent-Transfer-Encoding: quoted-printable\r\n\r\nSurname : =D0=98=D0=B2=D0=B0=D0=BD=D0=BE=D0=B2\r\nName :=\r\n =D0=98=D0=B2=D0=B0=D0=BD\r\nPatronymic : =D0=98=D0=B2=D0=B0=D0=BD=\r\n=D0=BE=D0=B2=D0=B8=D1=87\r\nBirth date : 2009-01-01\r\nBirth place :=\r\n ubia nostra, per inceptos himenaeos. Etiam a\r\nPost address : din. V=\r\nestibulum ante ipsum primis in faucibus orci luctus et ul\r\nPassport =\r\nseries : on ligula. Quisque odio. Nullam nisi nu\r\nPassport number : =\r\nictum consequat, massa. Cras at ante ac sapien vive\r\nRegistration : lo=\r\nr. Sed id nisl ac erat adipi\r\nPassport date : 2013-08-08\r\nInn : =\r\nna.\r\nPlace of issue : sddfgsdfg', '2015-02-06 10:21:09'),
(32, NULL, 'Запрос на смену паспортных данных', 'Surname : Иванов\r\nName : Иван\r\nPatronymic : Иванович\r\nBirth date : 2009-01-01\r\nBirth place : ubia nostra, per inceptos himenaeos. Etiam a\r\nPost address : din. Vestibulum ante ipsum primis in faucibus orci luctus et ul\r\nPassport series : on ligula. Quisque odio. Nullam nisi nu\r\nPassport number : ictum consequat, massa. Cras at ante ac sapien vive\r\nRegistration : lor. Sed id nisl ac erat adipi\r\nPassport date : 2013-08-08\r\nInn : na.\r\nPlace of issue : sddfgsdfg', 'noreply@nomail.com', 'Sergey.Melkov@softline.ru', 'hedge.smrgl@gmail.com', '', '', '', 'realtime', 'Swift_MailTransport', NULL, 'Message-ID: <1423201381.54d45465b1526@diffco.local>\r\nDate: Fri, 06 Feb 2015 10:43:01 +0500\r\nSubject: =?utf-8?Q?=D0=97=D0=B0=D0=BF=D1=80=D0=BE=D1=81_=D0=BD?=\r\n =?utf-8?Q?=D0=B0_=D1=81=D0=BC=D0=B5=D0=BD=D1=83_=D0=BF=D0=B0=D1=81=D0=BF?=\r\n =?utf-8?Q?=D0=BE=D1=80=D1=82=D0=BD=D1=8B=D1=85_=D0=B4?=\r\n =?utf-8?Q?=D0=B0=D0=BD=D0=BD=D1=8B=D1=85?=\r\nFrom: noreply@nomail.com\r\nTo: Sergey.Melkov@softline.ru\r\nCc: hedge.smrgl@gmail.com\r\nMIME-Version: 1.0\r\nContent-Type: text/plain; charset=utf-8\r\nContent-Transfer-Encoding: quoted-printable\r\n\r\nSurname : =D0=98=D0=B2=D0=B0=D0=BD=D0=BE=D0=B2\r\nName :=\r\n =D0=98=D0=B2=D0=B0=D0=BD\r\nPatronymic : =D0=98=D0=B2=D0=B0=D0=BD=\r\n=D0=BE=D0=B2=D0=B8=D1=87\r\nBirth date : 2009-01-01\r\nBirth place :=\r\n ubia nostra, per inceptos himenaeos. Etiam a\r\nPost address : din. V=\r\nestibulum ante ipsum primis in faucibus orci luctus et ul\r\nPassport =\r\nseries : on ligula. Quisque odio. Nullam nisi nu\r\nPassport number : =\r\nictum consequat, massa. Cras at ante ac sapien vive\r\nRegistration : lo=\r\nr. Sed id nisl ac erat adipi\r\nPassport date : 2013-08-08\r\nInn : =\r\nna.\r\nPlace of issue : sddfgsdfg', '2015-02-06 10:43:01'),
(33, NULL, 'Запрос на смену паспортных данных', 'Surname : Иванов\r\nName : Иван\r\nPatronymic : Иванович\r\nBirth date : 2009-01-01\r\nBirth place : ubia nostra, per inceptos himenaeos. Etiam a\r\nPost address : din. Vestibulum ante ipsum primis in faucibus orci luctus et ul\r\nPassport series : on ligula. Quisque odio. Nullam nisi nu\r\nPassport number : ictum consequat, massa. Cras at ante ac sapien vive\r\nRegistration : lor. Sed id nisl ac erat adipi\r\nPassport date : 2013-08-08\r\nInn : na.\r\nPlace of issue : sddfgsdfg', 'noreply@nomail.com', 'Sergey.Melkov@softline.ru', 'hedge.smrgl@gmail.com', '', '', '', 'realtime', 'Swift_MailTransport', NULL, 'Message-ID: <1423201811.54d4561326621@diffco.local>\r\nDate: Fri, 06 Feb 2015 10:50:11 +0500\r\nSubject: =?utf-8?Q?=D0=97=D0=B0=D0=BF=D1=80=D0=BE=D1=81_=D0=BD?=\r\n =?utf-8?Q?=D0=B0_=D1=81=D0=BC=D0=B5=D0=BD=D1=83_=D0=BF=D0=B0=D1=81=D0=BF?=\r\n =?utf-8?Q?=D0=BE=D1=80=D1=82=D0=BD=D1=8B=D1=85_=D0=B4?=\r\n =?utf-8?Q?=D0=B0=D0=BD=D0=BD=D1=8B=D1=85?=\r\nFrom: noreply@nomail.com\r\nTo: Sergey.Melkov@softline.ru\r\nCc: hedge.smrgl@gmail.com\r\nMIME-Version: 1.0\r\nContent-Type: text/plain; charset=utf-8\r\nContent-Transfer-Encoding: quoted-printable\r\n\r\nSurname : =D0=98=D0=B2=D0=B0=D0=BD=D0=BE=D0=B2\r\nName :=\r\n =D0=98=D0=B2=D0=B0=D0=BD\r\nPatronymic : =D0=98=D0=B2=D0=B0=D0=BD=\r\n=D0=BE=D0=B2=D0=B8=D1=87\r\nBirth date : 2009-01-01\r\nBirth place :=\r\n ubia nostra, per inceptos himenaeos. Etiam a\r\nPost address : din. V=\r\nestibulum ante ipsum primis in faucibus orci luctus et ul\r\nPassport =\r\nseries : on ligula. Quisque odio. Nullam nisi nu\r\nPassport number : =\r\nictum consequat, massa. Cras at ante ac sapien vive\r\nRegistration : lo=\r\nr. Sed id nisl ac erat adipi\r\nPassport date : 2013-08-08\r\nInn : =\r\nna.\r\nPlace of issue : sddfgsdfg', '2015-02-06 10:50:11'),
(34, NULL, 'Запрос на смену паспортных данных', 'Surname : Иванов\r\nName : Иван\r\nPatronymic : Иванович\r\nBirth date : 2009-01-01\r\nBirth place : ubia nostra, per inceptos himenaeos. Etiam a\r\nPost address : din. Vestibulum ante ipsum primis in faucibus orci luctus et ul\r\nPassport series : on ligula. Quisque odio. Nullam nisi nu\r\nPassport number : ictum consequat, massa. Cras at ante ac sapien vive\r\nRegistration : lor. Sed id nisl ac erat adipi\r\nPassport date : 2013-08-08\r\nInn : na.\r\nPlace of issue : sddfgsdfg', 'noreply@nomail.com', 'Sergey.Melkov@softline.ru', 'hedge.smrgl@gmail.com', '', '', '', 'realtime', 'Swift_MailTransport', NULL, 'Message-ID: <1423201834.54d4562a8259c@diffco.local>\r\nDate: Fri, 06 Feb 2015 10:50:34 +0500\r\nSubject: =?utf-8?Q?=D0=97=D0=B0=D0=BF=D1=80=D0=BE=D1=81_=D0=BD?=\r\n =?utf-8?Q?=D0=B0_=D1=81=D0=BC=D0=B5=D0=BD=D1=83_=D0=BF=D0=B0=D1=81=D0=BF?=\r\n =?utf-8?Q?=D0=BE=D1=80=D1=82=D0=BD=D1=8B=D1=85_=D0=B4?=\r\n =?utf-8?Q?=D0=B0=D0=BD=D0=BD=D1=8B=D1=85?=\r\nFrom: noreply@nomail.com\r\nTo: Sergey.Melkov@softline.ru\r\nCc: hedge.smrgl@gmail.com\r\nMIME-Version: 1.0\r\nContent-Type: text/plain; charset=utf-8\r\nContent-Transfer-Encoding: quoted-printable\r\n\r\nSurname : =D0=98=D0=B2=D0=B0=D0=BD=D0=BE=D0=B2\r\nName :=\r\n =D0=98=D0=B2=D0=B0=D0=BD\r\nPatronymic : =D0=98=D0=B2=D0=B0=D0=BD=\r\n=D0=BE=D0=B2=D0=B8=D1=87\r\nBirth date : 2009-01-01\r\nBirth place :=\r\n ubia nostra, per inceptos himenaeos. Etiam a\r\nPost address : din. V=\r\nestibulum ante ipsum primis in faucibus orci luctus et ul\r\nPassport =\r\nseries : on ligula. Quisque odio. Nullam nisi nu\r\nPassport number : =\r\nictum consequat, massa. Cras at ante ac sapien vive\r\nRegistration : lo=\r\nr. Sed id nisl ac erat adipi\r\nPassport date : 2013-08-08\r\nInn : =\r\nna.\r\nPlace of issue : sddfgsdfg', '2015-02-06 10:50:34'),
(35, NULL, 'Запрос на смену паспортных данных', 'Surname : Иванов\r\nName : Иван\r\nPatronymic : Иванович\r\nBirth date : 2009-01-01\r\nBirth place : ubia nostra, per inceptos himenaeos. Etiam a\r\nPost address : din. Vestibulum ante ipsum primis in faucibus orci luctus et ul\r\nPassport series : on ligula. Quisque odio. Nullam nisi nu\r\nPassport number : ictum consequat, massa. Cras at ante ac sapien vive\r\nRegistration : lor. Sed id nisl ac erat adipi\r\nPassport date : 2013-08-08\r\nInn : na.\r\nPlace of issue : sddfgsdfg', 'noreply@nomail.com', 'Sergey.Melkov@softline.ru', 'hedge.smrgl@gmail.com', '', '', '', 'realtime', 'Swift_MailTransport', NULL, 'Message-ID: <1423201847.54d45637f0c1a@diffco.local>\r\nDate: Fri, 06 Feb 2015 10:50:47 +0500\r\nSubject: =?utf-8?Q?=D0=97=D0=B0=D0=BF=D1=80=D0=BE=D1=81_=D0=BD?=\r\n =?utf-8?Q?=D0=B0_=D1=81=D0=BC=D0=B5=D0=BD=D1=83_=D0=BF=D0=B0=D1=81=D0=BF?=\r\n =?utf-8?Q?=D0=BE=D1=80=D1=82=D0=BD=D1=8B=D1=85_=D0=B4?=\r\n =?utf-8?Q?=D0=B0=D0=BD=D0=BD=D1=8B=D1=85?=\r\nFrom: noreply@nomail.com\r\nTo: Sergey.Melkov@softline.ru\r\nCc: hedge.smrgl@gmail.com\r\nMIME-Version: 1.0\r\nContent-Type: text/plain; charset=utf-8\r\nContent-Transfer-Encoding: quoted-printable\r\n\r\nSurname : =D0=98=D0=B2=D0=B0=D0=BD=D0=BE=D0=B2\r\nName :=\r\n =D0=98=D0=B2=D0=B0=D0=BD\r\nPatronymic : =D0=98=D0=B2=D0=B0=D0=BD=\r\n=D0=BE=D0=B2=D0=B8=D1=87\r\nBirth date : 2009-01-01\r\nBirth place :=\r\n ubia nostra, per inceptos himenaeos. Etiam a\r\nPost address : din. V=\r\nestibulum ante ipsum primis in faucibus orci luctus et ul\r\nPassport =\r\nseries : on ligula. Quisque odio. Nullam nisi nu\r\nPassport number : =\r\nictum consequat, massa. Cras at ante ac sapien vive\r\nRegistration : lo=\r\nr. Sed id nisl ac erat adipi\r\nPassport date : 2013-08-08\r\nInn : =\r\nna.\r\nPlace of issue : sddfgsdfg', '2015-02-06 10:50:48'),
(36, NULL, 'Запрос на смену паспортных данных', 'Surname : Иванов\r\nName : Иван\r\nPatronymic : Иванович\r\nBirth date : 2009-01-01\r\nBirth place : ubia nostra, per inceptos himenaeos. Etiam a\r\nPost address : din. Vestibulum ante ipsum primis in faucibus orci luctus et ul\r\nPassport series : on ligula. Quisque odio. Nullam nisi nu\r\nPassport number : ictum consequat, massa. Cras at ante ac sapien vive\r\nRegistration : lor. Sed id nisl ac erat adipi\r\nPassport date : 2013-08-08\r\nInn : na.\r\nPlace of issue : sddfgsdfg', 'noreply@nomail.com', 'Sergey.Melkov@softline.ru', 'hedge.smrgl@gmail.com', '', '', '', 'realtime', 'Swift_MailTransport', NULL, 'Message-ID: <1423201852.54d4563ce6b94@diffco.local>\r\nDate: Fri, 06 Feb 2015 10:50:52 +0500\r\nSubject: =?utf-8?Q?=D0=97=D0=B0=D0=BF=D1=80=D0=BE=D1=81_=D0=BD?=\r\n =?utf-8?Q?=D0=B0_=D1=81=D0=BC=D0=B5=D0=BD=D1=83_=D0=BF=D0=B0=D1=81=D0=BF?=\r\n =?utf-8?Q?=D0=BE=D1=80=D1=82=D0=BD=D1=8B=D1=85_=D0=B4?=\r\n =?utf-8?Q?=D0=B0=D0=BD=D0=BD=D1=8B=D1=85?=\r\nFrom: noreply@nomail.com\r\nTo: Sergey.Melkov@softline.ru\r\nCc: hedge.smrgl@gmail.com\r\nMIME-Version: 1.0\r\nContent-Type: text/plain; charset=utf-8\r\nContent-Transfer-Encoding: quoted-printable\r\n\r\nSurname : =D0=98=D0=B2=D0=B0=D0=BD=D0=BE=D0=B2\r\nName :=\r\n =D0=98=D0=B2=D0=B0=D0=BD\r\nPatronymic : =D0=98=D0=B2=D0=B0=D0=BD=\r\n=D0=BE=D0=B2=D0=B8=D1=87\r\nBirth date : 2009-01-01\r\nBirth place :=\r\n ubia nostra, per inceptos himenaeos. Etiam a\r\nPost address : din. V=\r\nestibulum ante ipsum primis in faucibus orci luctus et ul\r\nPassport =\r\nseries : on ligula. Quisque odio. Nullam nisi nu\r\nPassport number : =\r\nictum consequat, massa. Cras at ante ac sapien vive\r\nRegistration : lo=\r\nr. Sed id nisl ac erat adipi\r\nPassport date : 2013-08-08\r\nInn : =\r\nna.\r\nPlace of issue : sddfgsdfg', '2015-02-06 10:50:52'),
(37, NULL, 'Запрос на смену паспортных данных', 'Surname : Иванов\r\nName : Иван\r\nPatronymic : Иванович\r\nBirth date : 2009-01-01\r\nBirth place : ubia nostra, per inceptos himenaeos. Etiam a\r\nPost address : din. Vestibulum ante ipsum primis in faucibus orci luctus et ul\r\nPassport series : on ligula. Quisque odio. Nullam nisi nu\r\nPassport number : ictum consequat, massa. Cras at ante ac sapien vive\r\nRegistration : lor. Sed id nisl ac erat adipi\r\nPassport date : 2013-08-08\r\nInn : na.\r\nPlace of issue : sddfgsdfg', 'noreply@nomail.com', 'Sergey.Melkov@softline.ru', 'hedge.smrgl@gmail.com', '', '', '', 'realtime', 'Swift_MailTransport', NULL, 'Message-ID: <1423201893.54d45665a6cbb@diffco.local>\r\nDate: Fri, 06 Feb 2015 10:51:33 +0500\r\nSubject: =?utf-8?Q?=D0=97=D0=B0=D0=BF=D1=80=D0=BE=D1=81_=D0=BD?=\r\n =?utf-8?Q?=D0=B0_=D1=81=D0=BC=D0=B5=D0=BD=D1=83_=D0=BF=D0=B0=D1=81=D0=BF?=\r\n =?utf-8?Q?=D0=BE=D1=80=D1=82=D0=BD=D1=8B=D1=85_=D0=B4?=\r\n =?utf-8?Q?=D0=B0=D0=BD=D0=BD=D1=8B=D1=85?=\r\nFrom: noreply@nomail.com\r\nTo: Sergey.Melkov@softline.ru\r\nCc: hedge.smrgl@gmail.com\r\nMIME-Version: 1.0\r\nContent-Type: text/plain; charset=utf-8\r\nContent-Transfer-Encoding: quoted-printable\r\n\r\nSurname : =D0=98=D0=B2=D0=B0=D0=BD=D0=BE=D0=B2\r\nName :=\r\n =D0=98=D0=B2=D0=B0=D0=BD\r\nPatronymic : =D0=98=D0=B2=D0=B0=D0=BD=\r\n=D0=BE=D0=B2=D0=B8=D1=87\r\nBirth date : 2009-01-01\r\nBirth place :=\r\n ubia nostra, per inceptos himenaeos. Etiam a\r\nPost address : din. V=\r\nestibulum ante ipsum primis in faucibus orci luctus et ul\r\nPassport =\r\nseries : on ligula. Quisque odio. Nullam nisi nu\r\nPassport number : =\r\nictum consequat, massa. Cras at ante ac sapien vive\r\nRegistration : lo=\r\nr. Sed id nisl ac erat adipi\r\nPassport date : 2013-08-08\r\nInn : =\r\nna.\r\nPlace of issue : sddfgsdfg', '2015-02-06 10:51:33'),
(38, NULL, 'Запрос на смену паспортных данных', 'Surname : Иванов\r\nName : Иван\r\nPatronymic : Иванович\r\nBirth date : 2009-01-01\r\nBirth place : ubia nostra, per inceptos himenaeos. Etiam a\r\nPost address : din. Vestibulum ante ipsum primis in faucibus orci luctus et ul\r\nPassport series : on ligula. Quisque odio. Nullam nisi nu\r\nPassport number : ictum consequat, massa. Cras at ante ac sapien vive\r\nRegistration : lor. Sed id nisl ac erat adipi\r\nPassport date : 2013-08-08\r\nInn : na.\r\nPlace of issue : sddfgsdfg', 'noreply@nomail.com', 'Sergey.Melkov@softline.ru', 'hedge.smrgl@gmail.com', '', '', '', 'realtime', 'Swift_MailTransport', NULL, 'Message-ID: <1423201904.54d456701623d@diffco.local>\r\nDate: Fri, 06 Feb 2015 10:51:44 +0500\r\nSubject: =?utf-8?Q?=D0=97=D0=B0=D0=BF=D1=80=D0=BE=D1=81_=D0=BD?=\r\n =?utf-8?Q?=D0=B0_=D1=81=D0=BC=D0=B5=D0=BD=D1=83_=D0=BF=D0=B0=D1=81=D0=BF?=\r\n =?utf-8?Q?=D0=BE=D1=80=D1=82=D0=BD=D1=8B=D1=85_=D0=B4?=\r\n =?utf-8?Q?=D0=B0=D0=BD=D0=BD=D1=8B=D1=85?=\r\nFrom: noreply@nomail.com\r\nTo: Sergey.Melkov@softline.ru\r\nCc: hedge.smrgl@gmail.com\r\nMIME-Version: 1.0\r\nContent-Type: text/plain; charset=utf-8\r\nContent-Transfer-Encoding: quoted-printable\r\n\r\nSurname : =D0=98=D0=B2=D0=B0=D0=BD=D0=BE=D0=B2\r\nName :=\r\n =D0=98=D0=B2=D0=B0=D0=BD\r\nPatronymic : =D0=98=D0=B2=D0=B0=D0=BD=\r\n=D0=BE=D0=B2=D0=B8=D1=87\r\nBirth date : 2009-01-01\r\nBirth place :=\r\n ubia nostra, per inceptos himenaeos. Etiam a\r\nPost address : din. V=\r\nestibulum ante ipsum primis in faucibus orci luctus et ul\r\nPassport =\r\nseries : on ligula. Quisque odio. Nullam nisi nu\r\nPassport number : =\r\nictum consequat, massa. Cras at ante ac sapien vive\r\nRegistration : lo=\r\nr. Sed id nisl ac erat adipi\r\nPassport date : 2013-08-08\r\nInn : =\r\nna.\r\nPlace of issue : sddfgsdfg', '2015-02-06 10:51:44'),
(39, NULL, 'Запрос на смену паспортных данных', 'Surname : Иванов\r\nName : Иван\r\nPatronymic : Иванович\r\nBirth date : 2009-01-01\r\nBirth place : ubia nostra, per inceptos himenaeos. Etiam a\r\nPost address : din. Vestibulum ante ipsum primis in faucibus orci luctus et ul\r\nPassport series : on ligula. Quisque odio. Nullam nisi nu\r\nPassport number : ictum consequat, massa. Cras at ante ac sapien vive\r\nRegistration : lor. Sed id nisl ac erat adipi\r\nPassport date : 2013-08-08\r\nInn : na.\r\nPlace of issue : sddfgsdfg', 'noreply@nomail.com', 'Sergey.Melkov@softline.ru', 'hedge.smrgl@gmail.com', '', '', '', 'realtime', 'Swift_MailTransport', NULL, 'Message-ID: <1423201907.54d45673db140@diffco.local>\r\nDate: Fri, 06 Feb 2015 10:51:47 +0500\r\nSubject: =?utf-8?Q?=D0=97=D0=B0=D0=BF=D1=80=D0=BE=D1=81_=D0=BD?=\r\n =?utf-8?Q?=D0=B0_=D1=81=D0=BC=D0=B5=D0=BD=D1=83_=D0=BF=D0=B0=D1=81=D0=BF?=\r\n =?utf-8?Q?=D0=BE=D1=80=D1=82=D0=BD=D1=8B=D1=85_=D0=B4?=\r\n =?utf-8?Q?=D0=B0=D0=BD=D0=BD=D1=8B=D1=85?=\r\nFrom: noreply@nomail.com\r\nTo: Sergey.Melkov@softline.ru\r\nCc: hedge.smrgl@gmail.com\r\nMIME-Version: 1.0\r\nContent-Type: text/plain; charset=utf-8\r\nContent-Transfer-Encoding: quoted-printable\r\n\r\nSurname : =D0=98=D0=B2=D0=B0=D0=BD=D0=BE=D0=B2\r\nName :=\r\n =D0=98=D0=B2=D0=B0=D0=BD\r\nPatronymic : =D0=98=D0=B2=D0=B0=D0=BD=\r\n=D0=BE=D0=B2=D0=B8=D1=87\r\nBirth date : 2009-01-01\r\nBirth place :=\r\n ubia nostra, per inceptos himenaeos. Etiam a\r\nPost address : din. V=\r\nestibulum ante ipsum primis in faucibus orci luctus et ul\r\nPassport =\r\nseries : on ligula. Quisque odio. Nullam nisi nu\r\nPassport number : =\r\nictum consequat, massa. Cras at ante ac sapien vive\r\nRegistration : lo=\r\nr. Sed id nisl ac erat adipi\r\nPassport date : 2013-08-08\r\nInn : =\r\nna.\r\nPlace of issue : sddfgsdfg', '2015-02-06 10:51:47'),
(40, NULL, 'Запрос на смену паспортных данных', 'Surname : Иванов\r\nName : Иван\r\nPatronymic : Иванович\r\nBirth date : 2009-01-01\r\nBirth place : ubia nostra, per inceptos himenaeos. Etiam a\r\nPost address : din. Vestibulum ante ipsum primis in faucibus orci luctus et ul\r\nPassport series : on ligula. Quisque odio. Nullam nisi nu\r\nPassport number : ictum consequat, massa. Cras at ante ac sapien vive\r\nRegistration : lor. Sed id nisl ac erat adipi\r\nPassport date : 2013-08-08\r\nInn : na.\r\nPlace of issue : sddfgsdfg', 'noreply@nomail.com', 'Sergey.Melkov@softline.ru', 'hedge.smrgl@gmail.com', '', '', '', 'realtime', 'Swift_MailTransport', NULL, 'Message-ID: <1423202894.54d45a4e4b764@diffco.local>\r\nDate: Fri, 06 Feb 2015 11:08:14 +0500\r\nSubject: =?utf-8?Q?=D0=97=D0=B0=D0=BF=D1=80=D0=BE=D1=81_=D0=BD?=\r\n =?utf-8?Q?=D0=B0_=D1=81=D0=BC=D0=B5=D0=BD=D1=83_=D0=BF=D0=B0=D1=81=D0=BF?=\r\n =?utf-8?Q?=D0=BE=D1=80=D1=82=D0=BD=D1=8B=D1=85_=D0=B4?=\r\n =?utf-8?Q?=D0=B0=D0=BD=D0=BD=D1=8B=D1=85?=\r\nFrom: noreply@nomail.com\r\nTo: Sergey.Melkov@softline.ru\r\nCc: hedge.smrgl@gmail.com\r\nMIME-Version: 1.0\r\nContent-Type: text/plain; charset=utf-8\r\nContent-Transfer-Encoding: quoted-printable\r\n\r\nSurname : =D0=98=D0=B2=D0=B0=D0=BD=D0=BE=D0=B2\r\nName :=\r\n =D0=98=D0=B2=D0=B0=D0=BD\r\nPatronymic : =D0=98=D0=B2=D0=B0=D0=BD=\r\n=D0=BE=D0=B2=D0=B8=D1=87\r\nBirth date : 2009-01-01\r\nBirth place :=\r\n ubia nostra, per inceptos himenaeos. Etiam a\r\nPost address : din. V=\r\nestibulum ante ipsum primis in faucibus orci luctus et ul\r\nPassport =\r\nseries : on ligula. Quisque odio. Nullam nisi nu\r\nPassport number : =\r\nictum consequat, massa. Cras at ante ac sapien vive\r\nRegistration : lo=\r\nr. Sed id nisl ac erat adipi\r\nPassport date : 2013-08-08\r\nInn : =\r\nna.\r\nPlace of issue : sddfgsdfg', '2015-02-06 11:08:14'),
(41, NULL, 'Запрос на смену паспортных данных', 'Surname : Иванов\r\nName : Иван\r\nPatronymic : Иванович\r\nBirth date : 2009-01-01\r\nBirth place : ubia nostra, per inceptos himenaeos. Etiam a\r\nPost address : din. Vestibulum ante ipsum primis in faucibus orci luctus et ul\r\nPassport series : on ligula. Quisque odio. Nullam nisi nu\r\nPassport number : ictum consequat, massa. Cras at ante ac sapien vive\r\nRegistration : lor. Sed id nisl ac erat adipi\r\nPassport date : 2013-08-08\r\nInn : na.\r\nPlace of issue : sddfgsdfg', 'noreply@nomail.com', 'Sergey.Melkov@softline.ru', 'hedge.smrgl@gmail.com', '', '', '', 'realtime', 'Swift_MailTransport', NULL, 'Message-ID: <1423202896.54d45a505eeb9@diffco.local>\r\nDate: Fri, 06 Feb 2015 11:08:16 +0500\r\nSubject: =?utf-8?Q?=D0=97=D0=B0=D0=BF=D1=80=D0=BE=D1=81_=D0=BD?=\r\n =?utf-8?Q?=D0=B0_=D1=81=D0=BC=D0=B5=D0=BD=D1=83_=D0=BF=D0=B0=D1=81=D0=BF?=\r\n =?utf-8?Q?=D0=BE=D1=80=D1=82=D0=BD=D1=8B=D1=85_=D0=B4?=\r\n =?utf-8?Q?=D0=B0=D0=BD=D0=BD=D1=8B=D1=85?=\r\nFrom: noreply@nomail.com\r\nTo: Sergey.Melkov@softline.ru\r\nCc: hedge.smrgl@gmail.com\r\nMIME-Version: 1.0\r\nContent-Type: text/plain; charset=utf-8\r\nContent-Transfer-Encoding: quoted-printable\r\n\r\nSurname : =D0=98=D0=B2=D0=B0=D0=BD=D0=BE=D0=B2\r\nName :=\r\n =D0=98=D0=B2=D0=B0=D0=BD\r\nPatronymic : =D0=98=D0=B2=D0=B0=D0=BD=\r\n=D0=BE=D0=B2=D0=B8=D1=87\r\nBirth date : 2009-01-01\r\nBirth place :=\r\n ubia nostra, per inceptos himenaeos. Etiam a\r\nPost address : din. V=\r\nestibulum ante ipsum primis in faucibus orci luctus et ul\r\nPassport =\r\nseries : on ligula. Quisque odio. Nullam nisi nu\r\nPassport number : =\r\nictum consequat, massa. Cras at ante ac sapien vive\r\nRegistration : lo=\r\nr. Sed id nisl ac erat adipi\r\nPassport date : 2013-08-08\r\nInn : =\r\nna.\r\nPlace of issue : sddfgsdfg', '2015-02-06 11:08:16'),
(42, NULL, 'Запрос на смену паспортных данных', 'Surname : Иванов\r\nName : Иван\r\nPatronymic : Иванович\r\nBirth date : 2009-01-01\r\nBirth place : ubia nostra, per inceptos himenaeos. Etiam a\r\nPost address : din. Vestibulum ante ipsum primis in faucibus orci luctus et ul\r\nPassport series : on ligula. Quisque odio. Nullam nisi nu\r\nPassport number : ictum consequat, massa. Cras at ante ac sapien vive\r\nRegistration : lor. Sed id nisl ac erat adipi\r\nPassport date : 2013-08-08\r\nInn : na.\r\nPlace of issue : sddfgsdfg', 'noreply@nomail.com', 'Sergey.Melkov@softline.ru', 'hedge.smrgl@gmail.com', '', '', '', 'realtime', 'Swift_MailTransport', NULL, 'Message-ID: <1423202947.54d45a834e14f@diffco.local>\r\nDate: Fri, 06 Feb 2015 11:09:07 +0500\r\nSubject: =?utf-8?Q?=D0=97=D0=B0=D0=BF=D1=80=D0=BE=D1=81_=D0=BD?=\r\n =?utf-8?Q?=D0=B0_=D1=81=D0=BC=D0=B5=D0=BD=D1=83_=D0=BF=D0=B0=D1=81=D0=BF?=\r\n =?utf-8?Q?=D0=BE=D1=80=D1=82=D0=BD=D1=8B=D1=85_=D0=B4?=\r\n =?utf-8?Q?=D0=B0=D0=BD=D0=BD=D1=8B=D1=85?=\r\nFrom: noreply@nomail.com\r\nTo: Sergey.Melkov@softline.ru\r\nCc: hedge.smrgl@gmail.com\r\nMIME-Version: 1.0\r\nContent-Type: text/plain; charset=utf-8\r\nContent-Transfer-Encoding: quoted-printable\r\n\r\nSurname : =D0=98=D0=B2=D0=B0=D0=BD=D0=BE=D0=B2\r\nName :=\r\n =D0=98=D0=B2=D0=B0=D0=BD\r\nPatronymic : =D0=98=D0=B2=D0=B0=D0=BD=\r\n=D0=BE=D0=B2=D0=B8=D1=87\r\nBirth date : 2009-01-01\r\nBirth place :=\r\n ubia nostra, per inceptos himenaeos. Etiam a\r\nPost address : din. V=\r\nestibulum ante ipsum primis in faucibus orci luctus et ul\r\nPassport =\r\nseries : on ligula. Quisque odio. Nullam nisi nu\r\nPassport number : =\r\nictum consequat, massa. Cras at ante ac sapien vive\r\nRegistration : lo=\r\nr. Sed id nisl ac erat adipi\r\nPassport date : 2013-08-08\r\nInn : =\r\nna.\r\nPlace of issue : sddfgsdfg', '2015-02-06 11:09:07'),
(43, NULL, 'Запрос на смену паспортных данных', 'Surname : Иванов\r\nName : Иван\r\nPatronymic : Иванович\r\nBirth date : 2009-01-01\r\nBirth place : ubia nostra, per inceptos himenaeos. Etiam a\r\nPost address : din. Vestibulum ante ipsum primis in faucibus orci luctus et ul\r\nPassport series : on ligula. Quisque odio. Nullam nisi nu\r\nPassport number : ictum consequat, massa. Cras at ante ac sapien vive\r\nRegistration : lor. Sed id nisl ac erat adipi\r\nPassport date : 2013-08-08\r\nInn : na.\r\nPlace of issue : sddfgsdfg', 'noreply@nomail.com', 'Sergey.Melkov@softline.ru', 'hedge.smrgl@gmail.com', '', '', '', 'realtime', 'Swift_MailTransport', NULL, 'Message-ID: <1423203100.54d45b1c02b00@diffco.local>\r\nDate: Fri, 06 Feb 2015 11:11:40 +0500\r\nSubject: =?utf-8?Q?=D0=97=D0=B0=D0=BF=D1=80=D0=BE=D1=81_=D0=BD?=\r\n =?utf-8?Q?=D0=B0_=D1=81=D0=BC=D0=B5=D0=BD=D1=83_=D0=BF=D0=B0=D1=81=D0=BF?=\r\n =?utf-8?Q?=D0=BE=D1=80=D1=82=D0=BD=D1=8B=D1=85_=D0=B4?=\r\n =?utf-8?Q?=D0=B0=D0=BD=D0=BD=D1=8B=D1=85?=\r\nFrom: noreply@nomail.com\r\nTo: Sergey.Melkov@softline.ru\r\nCc: hedge.smrgl@gmail.com\r\nMIME-Version: 1.0\r\nContent-Type: multipart/mixed;\r\n boundary="_=_swift_v4_142320310054d45b1c0821b_=_"\r\n\r\n\r\n--_=_swift_v4_142320310054d45b1c0821b_=_\r\nContent-Type: text/plain; charset=utf-8\r\nContent-Transfer-Encoding: quoted-printable\r\n\r\nSurname : =D0=98=D0=B2=D0=B0=D0=BD=D0=BE=D0=B2\r\nName :=\r\n =D0=98=D0=B2=D0=B0=D0=BD\r\nPatronymic : =D0=98=D0=B2=D0=B0=D0=BD=\r\n=D0=BE=D0=B2=D0=B8=D1=87\r\nBirth date : 2009-01-01\r\nBirth place :=\r\n ubia nostra, per inceptos himenaeos. Etiam a\r\nPost address : din. V=\r\nestibulum ante ipsum primis in faucibus orci luctus et ul\r\nPassport =\r\nseries : on ligula. Quisque odio. Nullam nisi nu\r\nPassport number : =\r\nictum consequat, massa. Cras at ante ac sapien vive\r\nRegistration : lo=\r\nr. Sed id nisl ac erat adipi\r\nPassport date : 2013-08-08\r\nInn : =\r\nna.\r\nPlace of issue : sddfgsdfg\r\n\r\n--_=_swift_v4_142320310054d45b1c0821b_=_\r\nContent-Type: image/gif; name="mission_icon_1@2x.gif"\r\nContent-Transfer-Encoding: base64\r\nContent-Disposition: ', '2015-02-06 11:11:40'),
(44, NULL, 'Запрос на смену паспортных данных', 'Surname : Иванов\r\nName : Иван\r\nPatronymic : Иванович\r\nBirth date : 2009-01-01\r\nBirth place : ubia nostra, per inceptos himenaeos. Etiam a\r\nPost address : din. Vestibulum ante ipsum primis in faucibus orci luctus et ul\r\nPassport series : on ligula. Quisque odio. Nullam nisi nu\r\nPassport number : ictum consequat, massa. Cras at ante ac sapien vive\r\nRegistration : lor. Sed id nisl ac erat adipi\r\nPassport date : 2013-08-08\r\nInn : na.\r\nPlace of issue : sddfgsdfg', 'noreply@nomail.com', 'Sergey.Melkov@softline.ru', 'hedge.smrgl@gmail.com', '', '', '', 'realtime', 'Swift_MailTransport', NULL, 'Message-ID: <1423203154.54d45b52c4aa6@diffco.local>\r\nDate: Fri, 06 Feb 2015 11:12:34 +0500\r\nSubject: =?utf-8?Q?=D0=97=D0=B0=D0=BF=D1=80=D0=BE=D1=81_=D0=BD?=\r\n =?utf-8?Q?=D0=B0_=D1=81=D0=BC=D0=B5=D0=BD=D1=83_=D0=BF=D0=B0=D1=81=D0=BF?=\r\n =?utf-8?Q?=D0=BE=D1=80=D1=82=D0=BD=D1=8B=D1=85_=D0=B4?=\r\n =?utf-8?Q?=D0=B0=D0=BD=D0=BD=D1=8B=D1=85?=\r\nFrom: noreply@nomail.com\r\nTo: Sergey.Melkov@softline.ru\r\nCc: hedge.smrgl@gmail.com\r\nMIME-Version: 1.0\r\nContent-Type: multipart/mixed;\r\n boundary="_=_swift_v4_142320315454d45b52c9c8c_=_"\r\n\r\n\r\n--_=_swift_v4_142320315454d45b52c9c8c_=_\r\nContent-Type: text/plain; charset=utf-8\r\nContent-Transfer-Encoding: quoted-printable\r\n\r\nSurname : =D0=98=D0=B2=D0=B0=D0=BD=D0=BE=D0=B2\r\nName :=\r\n =D0=98=D0=B2=D0=B0=D0=BD\r\nPatronymic : =D0=98=D0=B2=D0=B0=D0=BD=\r\n=D0=BE=D0=B2=D0=B8=D1=87\r\nBirth date : 2009-01-01\r\nBirth place :=\r\n ubia nostra, per inceptos himenaeos. Etiam a\r\nPost address : din. V=\r\nestibulum ante ipsum primis in faucibus orci luctus et ul\r\nPassport =\r\nseries : on ligula. Quisque odio. Nullam nisi nu\r\nPassport number : =\r\nictum consequat, massa. Cras at ante ac sapien vive\r\nRegistration : lo=\r\nr. Sed id nisl ac erat adipi\r\nPassport date : 2013-08-08\r\nInn : =\r\nna.\r\nPlace of issue : sddfgsdfg\r\n\r\n--_=_swift_v4_142320315454d45b52c9c8c_=_\r\nContent-Type: image/gif; name="mission_icon_1@2x.gif"\r\nContent-Transfer-Encoding: base64\r\nContent-Disposition: ', '2015-02-06 11:12:34'),
(45, NULL, 'Запрос на смену паспортных данных', 'Surname : Иванов\r\nName : Иван\r\nPatronymic : Иванович\r\nBirth date : 2009-01-01\r\nBirth place : ubia nostra, per inceptos himenaeos. Etiam a\r\nPost address : din. Vestibulum ante ipsum primis in faucibus orci luctus et ul\r\nPassport series : on ligula. Quisque odio. Nullam nisi nu\r\nPassport number : ictum consequat, massa. Cras at ante ac sapien vive\r\nRegistration : lor. Sed id nisl ac erat adipi\r\nPassport date : 2013-08-08\r\nInn : na.\r\nPlace of issue : sddfgsdfg', 'noreply@nomail.com', 'Sergey.Melkov@softline.ru', 'hedge.smrgl@gmail.com', '', '', '', 'realtime', 'Swift_MailTransport', NULL, 'Message-ID: <1423203158.54d45b560b672@diffco.local>\r\nDate: Fri, 06 Feb 2015 11:12:38 +0500\r\nSubject: =?utf-8?Q?=D0=97=D0=B0=D0=BF=D1=80=D0=BE=D1=81_=D0=BD?=\r\n =?utf-8?Q?=D0=B0_=D1=81=D0=BC=D0=B5=D0=BD=D1=83_=D0=BF=D0=B0=D1=81=D0=BF?=\r\n =?utf-8?Q?=D0=BE=D1=80=D1=82=D0=BD=D1=8B=D1=85_=D0=B4?=\r\n =?utf-8?Q?=D0=B0=D0=BD=D0=BD=D1=8B=D1=85?=\r\nFrom: noreply@nomail.com\r\nTo: Sergey.Melkov@softline.ru\r\nCc: hedge.smrgl@gmail.com\r\nMIME-Version: 1.0\r\nContent-Type: multipart/mixed;\r\n boundary="_=_swift_v4_142320315854d45b5611137_=_"\r\n\r\n\r\n--_=_swift_v4_142320315854d45b5611137_=_\r\nContent-Type: text/plain; charset=utf-8\r\nContent-Transfer-Encoding: quoted-printable\r\n\r\nSurname : =D0=98=D0=B2=D0=B0=D0=BD=D0=BE=D0=B2\r\nName :=\r\n =D0=98=D0=B2=D0=B0=D0=BD\r\nPatronymic : =D0=98=D0=B2=D0=B0=D0=BD=\r\n=D0=BE=D0=B2=D0=B8=D1=87\r\nBirth date : 2009-01-01\r\nBirth place :=\r\n ubia nostra, per inceptos himenaeos. Etiam a\r\nPost address : din. V=\r\nestibulum ante ipsum primis in faucibus orci luctus et ul\r\nPassport =\r\nseries : on ligula. Quisque odio. Nullam nisi nu\r\nPassport number : =\r\nictum consequat, massa. Cras at ante ac sapien vive\r\nRegistration : lo=\r\nr. Sed id nisl ac erat adipi\r\nPassport date : 2013-08-08\r\nInn : =\r\nna.\r\nPlace of issue : sddfgsdfg\r\n\r\n--_=_swift_v4_142320315854d45b5611137_=_\r\nContent-Type: image/gif; name="mission_icon_1@2x.gif"\r\nContent-Transfer-Encoding: base64\r\nContent-Disposition: ', '2015-02-06 11:12:38'),
(46, NULL, 'Запрос на смену паспортных данных', 'Surname : Иванов\r\nName : Иван\r\nPatronymic : Иванович\r\nBirth date : 2009-01-01\r\nBirth place : ubia nostra, per inceptos himenaeos. Etiam a\r\nPost address : din. Vestibulum ante ipsum primis in faucibus orci luctus et ul\r\nPassport series : on ligula. Quisque odio. Nullam nisi nu\r\nPassport number : ictum consequat, massa. Cras at ante ac sapien vive\r\nRegistration : lor. Sed id nisl ac erat adipi\r\nPassport date : 2013-08-08\r\nInn : na.\r\nPlace of issue : sddfgsdfg', 'noreply@nomail.com', 'Sergey.Melkov@softline.ru', 'hedge.smrgl@gmail.com', '', '', '', 'realtime', 'Swift_MailTransport', NULL, 'Message-ID: <1423203245.54d45bad1e9da@diffco.local>\r\nDate: Fri, 06 Feb 2015 11:14:05 +0500\r\nSubject: =?utf-8?Q?=D0=97=D0=B0=D0=BF=D1=80=D0=BE=D1=81_=D0=BD?=\r\n =?utf-8?Q?=D0=B0_=D1=81=D0=BC=D0=B5=D0=BD=D1=83_=D0=BF=D0=B0=D1=81=D0=BF?=\r\n =?utf-8?Q?=D0=BE=D1=80=D1=82=D0=BD=D1=8B=D1=85_=D0=B4?=\r\n =?utf-8?Q?=D0=B0=D0=BD=D0=BD=D1=8B=D1=85?=\r\nFrom: noreply@nomail.com\r\nTo: Sergey.Melkov@softline.ru\r\nCc: hedge.smrgl@gmail.com\r\nMIME-Version: 1.0\r\nContent-Type: multipart/mixed;\r\n boundary="_=_swift_v4_142320324554d45bad253df_=_"\r\n\r\n\r\n--_=_swift_v4_142320324554d45bad253df_=_\r\nContent-Type: text/plain; charset=utf-8\r\nContent-Transfer-Encoding: quoted-printable\r\n\r\nSurname : =D0=98=D0=B2=D0=B0=D0=BD=D0=BE=D0=B2\r\nName :=\r\n =D0=98=D0=B2=D0=B0=D0=BD\r\nPatronymic : =D0=98=D0=B2=D0=B0=D0=BD=\r\n=D0=BE=D0=B2=D0=B8=D1=87\r\nBirth date : 2009-01-01\r\nBirth place :=\r\n ubia nostra, per inceptos himenaeos. Etiam a\r\nPost address : din. V=\r\nestibulum ante ipsum primis in faucibus orci luctus et ul\r\nPassport =\r\nseries : on ligula. Quisque odio. Nullam nisi nu\r\nPassport number : =\r\nictum consequat, massa. Cras at ante ac sapien vive\r\nRegistration : lo=\r\nr. Sed id nisl ac erat adipi\r\nPassport date : 2013-08-08\r\nInn : =\r\nna.\r\nPlace of issue : sddfgsdfg\r\n\r\n--_=_swift_v4_142320324554d45bad253df_=_\r\nContent-Type: image/gif; name="mission_icon_4@2x.gif"\r\nContent-Transfer-Encoding: base64\r\nContent-Disposition: ', '2015-02-06 11:14:05'),
(47, NULL, 'Запрос на смену паспортных данных', 'Surname : Иванов\r\nName : Иван\r\nPatronymic : Иванович\r\nBirth date : 2009-01-01\r\nBirth place : ubia nostra, per inceptos himenaeos. Etiam a\r\nPost address : din. Vestibulum ante ipsum primis in faucibus orci luctus et ul\r\nPassport series : on ligula. Quisque odio. Nullam nisi nu\r\nPassport number : ictum consequat, massa. Cras at ante ac sapien vive\r\nRegistration : lor. Sed id nisl ac erat adipi\r\nPassport date : 2013-08-08\r\nInn : na.\r\nPlace of issue : sddfgsdfg', 'noreply@nomail.com', 'Sergey.Melkov@softline.ru', 'hedge.smrgl@gmail.com', '', '', '', 'realtime', 'Swift_MailTransport', NULL, 'Message-ID: <1423203316.54d45bf473d77@diffco.local>\r\nDate: Fri, 06 Feb 2015 11:15:16 +0500\r\nSubject: =?utf-8?Q?=D0=97=D0=B0=D0=BF=D1=80=D0=BE=D1=81_=D0=BD?=\r\n =?utf-8?Q?=D0=B0_=D1=81=D0=BC=D0=B5=D0=BD=D1=83_=D0=BF=D0=B0=D1=81=D0=BF?=\r\n =?utf-8?Q?=D0=BE=D1=80=D1=82=D0=BD=D1=8B=D1=85_=D0=B4?=\r\n =?utf-8?Q?=D0=B0=D0=BD=D0=BD=D1=8B=D1=85?=\r\nFrom: noreply@nomail.com\r\nTo: Sergey.Melkov@softline.ru\r\nCc: hedge.smrgl@gmail.com\r\nMIME-Version: 1.0\r\nContent-Type: multipart/mixed;\r\n boundary="_=_swift_v4_142320331654d45bf47906f_=_"\r\n\r\n\r\n--_=_swift_v4_142320331654d45bf47906f_=_\r\nContent-Type: text/plain; charset=utf-8\r\nContent-Transfer-Encoding: quoted-printable\r\n\r\nSurname : =D0=98=D0=B2=D0=B0=D0=BD=D0=BE=D0=B2\r\nName :=\r\n =D0=98=D0=B2=D0=B0=D0=BD\r\nPatronymic : =D0=98=D0=B2=D0=B0=D0=BD=\r\n=D0=BE=D0=B2=D0=B8=D1=87\r\nBirth date : 2009-01-01\r\nBirth place :=\r\n ubia nostra, per inceptos himenaeos. Etiam a\r\nPost address : din. V=\r\nestibulum ante ipsum primis in faucibus orci luctus et ul\r\nPassport =\r\nseries : on ligula. Quisque odio. Nullam nisi nu\r\nPassport number : =\r\nictum consequat, massa. Cras at ante ac sapien vive\r\nRegistration : lo=\r\nr. Sed id nisl ac erat adipi\r\nPassport date : 2013-08-08\r\nInn : =\r\nna.\r\nPlace of issue : sddfgsdfg\r\n\r\n--_=_swift_v4_142320331654d45bf47906f_=_\r\nContent-Type: image/gif; name=mission_icon_3.gif\r\nContent-Transfer-Encoding: base64\r\nContent-Disposition: ', '2015-02-06 11:15:16'),
(48, NULL, 'Запрос на смену паспортных данных', 'Surname : Иванов\r\nName : Иван\r\nPatronymic : Иванович\r\nBirth date : 2009-01-01\r\nBirth place : ubia nostra, per inceptos himenaeos. Etiam a\r\nPost address : din. Vestibulum ante ipsum primis in faucibus orci luctus et ul\r\nPassport series : on ligula. Quisque odio. Nullam nisi nu\r\nPassport number : ictum consequat, massa. Cras at ante ac sapien vive\r\nRegistration : lor. Sed id nisl ac erat adipi\r\nPassport date : 2013-08-08\r\nInn : na.\r\nPlace of issue : sddfgsdfg', 'noreply@nomail.com', 'Sergey.Melkov@softline.ru', 'hedge.smrgl@gmail.com', '', '', '', 'realtime', 'Swift_MailTransport', NULL, 'Message-ID: <1423203731.54d45d93a3556@diffco.local>\r\nDate: Fri, 06 Feb 2015 11:22:11 +0500\r\nSubject: =?utf-8?Q?=D0=97=D0=B0=D0=BF=D1=80=D0=BE=D1=81_=D0=BD?=\r\n =?utf-8?Q?=D0=B0_=D1=81=D0=BC=D0=B5=D0=BD=D1=83_=D0=BF=D0=B0=D1=81=D0=BF?=\r\n =?utf-8?Q?=D0=BE=D1=80=D1=82=D0=BD=D1=8B=D1=85_=D0=B4?=\r\n =?utf-8?Q?=D0=B0=D0=BD=D0=BD=D1=8B=D1=85?=\r\nFrom: noreply@nomail.com\r\nTo: Sergey.Melkov@softline.ru\r\nCc: hedge.smrgl@gmail.com\r\nMIME-Version: 1.0\r\nContent-Type: text/plain; charset=utf-8\r\nContent-Transfer-Encoding: quoted-printable\r\n\r\nSurname : =D0=98=D0=B2=D0=B0=D0=BD=D0=BE=D0=B2\r\nName :=\r\n =D0=98=D0=B2=D0=B0=D0=BD\r\nPatronymic : =D0=98=D0=B2=D0=B0=D0=BD=\r\n=D0=BE=D0=B2=D0=B8=D1=87\r\nBirth date : 2009-01-01\r\nBirth place :=\r\n ubia nostra, per inceptos himenaeos. Etiam a\r\nPost address : din. V=\r\nestibulum ante ipsum primis in faucibus orci luctus et ul\r\nPassport =\r\nseries : on ligula. Quisque odio. Nullam nisi nu\r\nPassport number : =\r\nictum consequat, massa. Cras at ante ac sapien vive\r\nRegistration : lo=\r\nr. Sed id nisl ac erat adipi\r\nPassport date : 2013-08-08\r\nInn : =\r\nna.\r\nPlace of issue : sddfgsdfg', '2015-02-06 11:22:11'),
(49, NULL, 'Запрос на смену паспортных данных', 'Surname : Иванов\r\nName : Иван\r\nPatronymic : Иванович\r\nBirth date : 2009-01-01\r\nBirth place : ubia nostra, per inceptos himenaeos. Etiam a\r\nPost address : din. Vestibulum ante ipsum primis in faucibus orci luctus et ul\r\nPassport series : on ligula. Quisque odio. Nullam nisi nu\r\nPassport number : ictum consequat, massa. Cras at ante ac sapien vive\r\nRegistration : lor. Sed id nisl ac erat adipi\r\nPassport date : 2013-08-08\r\nInn : na.\r\nPlace of issue : sddfgsdfg', 'noreply@nomail.com', 'Sergey.Melkov@softline.ru', 'hedge.smrgl@gmail.com', '', '', '', 'realtime', 'Swift_MailTransport', NULL, 'Message-ID: <1423203756.54d45dacca416@diffco.local>\r\nDate: Fri, 06 Feb 2015 11:22:36 +0500\r\nSubject: =?utf-8?Q?=D0=97=D0=B0=D0=BF=D1=80=D0=BE=D1=81_=D0=BD?=\r\n =?utf-8?Q?=D0=B0_=D1=81=D0=BC=D0=B5=D0=BD=D1=83_=D0=BF=D0=B0=D1=81=D0=BF?=\r\n =?utf-8?Q?=D0=BE=D1=80=D1=82=D0=BD=D1=8B=D1=85_=D0=B4?=\r\n =?utf-8?Q?=D0=B0=D0=BD=D0=BD=D1=8B=D1=85?=\r\nFrom: noreply@nomail.com\r\nTo: Sergey.Melkov@softline.ru\r\nCc: hedge.smrgl@gmail.com\r\nMIME-Version: 1.0\r\nContent-Type: text/plain; charset=utf-8\r\nContent-Transfer-Encoding: quoted-printable\r\n\r\nSurname : =D0=98=D0=B2=D0=B0=D0=BD=D0=BE=D0=B2\r\nName :=\r\n =D0=98=D0=B2=D0=B0=D0=BD\r\nPatronymic : =D0=98=D0=B2=D0=B0=D0=BD=\r\n=D0=BE=D0=B2=D0=B8=D1=87\r\nBirth date : 2009-01-01\r\nBirth place :=\r\n ubia nostra, per inceptos himenaeos. Etiam a\r\nPost address : din. V=\r\nestibulum ante ipsum primis in faucibus orci luctus et ul\r\nPassport =\r\nseries : on ligula. Quisque odio. Nullam nisi nu\r\nPassport number : =\r\nictum consequat, massa. Cras at ante ac sapien vive\r\nRegistration : lo=\r\nr. Sed id nisl ac erat adipi\r\nPassport date : 2013-08-08\r\nInn : =\r\nna.\r\nPlace of issue : sddfgsdfg', '2015-02-06 11:22:36'),
(50, NULL, 'Запрос на смену паспортных данных', 'Surname : Иванов\r\nName : Иван\r\nPatronymic : Иванович\r\nBirth date : 2009-01-01\r\nBirth place : ubia nostra, per inceptos himenaeos. Etiam a\r\nPost address : din. Vestibulum ante ipsum primis in faucibus orci luctus et ul\r\nPassport series : on ligula. Quisque odio. Nullam nisi nu\r\nPassport number : ictum consequat, massa. Cras at ante ac sapien vive\r\nRegistration : lor. Sed id nisl ac erat adipi\r\nPassport date : 2013-08-08\r\nInn : na.\r\nPlace of issue : sddfgsdfg', 'noreply@nomail.com', 'Sergey.Melkov@softline.ru', 'hedge.smrgl@gmail.com', '', '', '', 'realtime', 'Swift_MailTransport', NULL, 'Message-ID: <1423203834.54d45dfaea9ec@diffco.local>\r\nDate: Fri, 06 Feb 2015 11:23:54 +0500\r\nSubject: =?utf-8?Q?=D0=97=D0=B0=D0=BF=D1=80=D0=BE=D1=81_=D0=BD?=\r\n =?utf-8?Q?=D0=B0_=D1=81=D0=BC=D0=B5=D0=BD=D1=83_=D0=BF=D0=B0=D1=81=D0=BF?=\r\n =?utf-8?Q?=D0=BE=D1=80=D1=82=D0=BD=D1=8B=D1=85_=D0=B4?=\r\n =?utf-8?Q?=D0=B0=D0=BD=D0=BD=D1=8B=D1=85?=\r\nFrom: noreply@nomail.com\r\nTo: Sergey.Melkov@softline.ru\r\nCc: hedge.smrgl@gmail.com\r\nMIME-Version: 1.0\r\nContent-Type: text/plain; charset=utf-8\r\nContent-Transfer-Encoding: quoted-printable\r\n\r\nSurname : =D0=98=D0=B2=D0=B0=D0=BD=D0=BE=D0=B2\r\nName :=\r\n =D0=98=D0=B2=D0=B0=D0=BD\r\nPatronymic : =D0=98=D0=B2=D0=B0=D0=BD=\r\n=D0=BE=D0=B2=D0=B8=D1=87\r\nBirth date : 2009-01-01\r\nBirth place :=\r\n ubia nostra, per inceptos himenaeos. Etiam a\r\nPost address : din. V=\r\nestibulum ante ipsum primis in faucibus orci luctus et ul\r\nPassport =\r\nseries : on ligula. Quisque odio. Nullam nisi nu\r\nPassport number : =\r\nictum consequat, massa. Cras at ante ac sapien vive\r\nRegistration : lo=\r\nr. Sed id nisl ac erat adipi\r\nPassport date : 2013-08-08\r\nInn : =\r\nna.\r\nPlace of issue : sddfgsdfg', '2015-02-06 11:23:54');
INSERT INTO `dm_sent_mail` (`id`, `dm_mail_template_id`, `subject`, `body`, `from_email`, `to_email`, `cc_email`, `bcc_email`, `reply_to_email`, `sender_email`, `strategy`, `transport`, `culture`, `debug_string`, `created_at`) VALUES
(51, NULL, 'Запрос на смену паспортных данных', 'Surname : Иванов\r\nName : Иван\r\nPatronymic : Иванович\r\nBirth date : 2009-01-01\r\nBirth place : ubia nostra, per inceptos himenaeos. Etiam a\r\nPost address : din. Vestibulum ante ipsum primis in faucibus orci luctus et ul\r\nPassport series : on ligula. Quisque odio. Nullam nisi nu\r\nPassport number : ictum consequat, massa. Cras at ante ac sapien vive\r\nRegistration : lor. Sed id nisl ac erat adipi\r\nPassport date : 2013-08-08\r\nInn : na.\r\nPlace of issue : sddfgsdfg', 'noreply@nomail.com', 'Sergey.Melkov@softline.ru', 'hedge.smrgl@gmail.com', '', '', '', 'realtime', 'Swift_MailTransport', NULL, 'Message-ID: <1423203886.54d45e2e8adbe@diffco.local>\r\nDate: Fri, 06 Feb 2015 11:24:46 +0500\r\nSubject: =?utf-8?Q?=D0=97=D0=B0=D0=BF=D1=80=D0=BE=D1=81_=D0=BD?=\r\n =?utf-8?Q?=D0=B0_=D1=81=D0=BC=D0=B5=D0=BD=D1=83_=D0=BF=D0=B0=D1=81=D0=BF?=\r\n =?utf-8?Q?=D0=BE=D1=80=D1=82=D0=BD=D1=8B=D1=85_=D0=B4?=\r\n =?utf-8?Q?=D0=B0=D0=BD=D0=BD=D1=8B=D1=85?=\r\nFrom: noreply@nomail.com\r\nTo: Sergey.Melkov@softline.ru\r\nCc: hedge.smrgl@gmail.com\r\nMIME-Version: 1.0\r\nContent-Type: multipart/mixed;\r\n boundary="_=_swift_v4_142320388654d45e2e90992_=_"\r\n\r\n\r\n--_=_swift_v4_142320388654d45e2e90992_=_\r\nContent-Type: text/plain; charset=utf-8\r\nContent-Transfer-Encoding: quoted-printable\r\n\r\nSurname : =D0=98=D0=B2=D0=B0=D0=BD=D0=BE=D0=B2\r\nName :=\r\n =D0=98=D0=B2=D0=B0=D0=BD\r\nPatronymic : =D0=98=D0=B2=D0=B0=D0=BD=\r\n=D0=BE=D0=B2=D0=B8=D1=87\r\nBirth date : 2009-01-01\r\nBirth place :=\r\n ubia nostra, per inceptos himenaeos. Etiam a\r\nPost address : din. V=\r\nestibulum ante ipsum primis in faucibus orci luctus et ul\r\nPassport =\r\nseries : on ligula. Quisque odio. Nullam nisi nu\r\nPassport number : =\r\nictum consequat, massa. Cras at ante ac sapien vive\r\nRegistration : lo=\r\nr. Sed id nisl ac erat adipi\r\nPassport date : 2013-08-08\r\nInn : =\r\nna.\r\nPlace of issue : sddfgsdfg\r\n\r\n--_=_swift_v4_142320388654d45e2e90992_=_\r\nContent-Type: image/gif; name=mission_icon_1.gif\r\nContent-Transfer-Encoding: base64\r\nContent-Disposition: ', '2015-02-06 11:24:46'),
(52, NULL, 'Запрос на смену паспортных данных', 'Surname : Иванов\r\nName : Иван\r\nPatronymic : Иванович\r\nBirth date : 2009-01-01\r\nBirth place : ubia nostra, per inceptos himenaeos. Etiam a\r\nPost address : din. Vestibulum ante ipsum primis in faucibus orci luctus et ul\r\nPassport series : on ligula. Quisque odio. Nullam nisi nu\r\nPassport number : ictum consequat, massa. Cras at ante ac sapien vive\r\nRegistration : lor. Sed id nisl ac erat adipi\r\nPassport date : 2013-08-08\r\nInn : na.\r\nPlace of issue : sddfgsdfg', 'noreply@nomail.com', 'Sergey.Melkov@softline.ru', 'hedge.smrgl@gmail.com', '', '', '', 'realtime', 'Swift_MailTransport', NULL, 'Message-ID: <1423203906.54d45e42587fb@diffco.local>\r\nDate: Fri, 06 Feb 2015 11:25:06 +0500\r\nSubject: =?utf-8?Q?=D0=97=D0=B0=D0=BF=D1=80=D0=BE=D1=81_=D0=BD?=\r\n =?utf-8?Q?=D0=B0_=D1=81=D0=BC=D0=B5=D0=BD=D1=83_=D0=BF=D0=B0=D1=81=D0=BF?=\r\n =?utf-8?Q?=D0=BE=D1=80=D1=82=D0=BD=D1=8B=D1=85_=D0=B4?=\r\n =?utf-8?Q?=D0=B0=D0=BD=D0=BD=D1=8B=D1=85?=\r\nFrom: noreply@nomail.com\r\nTo: Sergey.Melkov@softline.ru\r\nCc: hedge.smrgl@gmail.com\r\nMIME-Version: 1.0\r\nContent-Type: multipart/mixed;\r\n boundary="_=_swift_v4_142320390654d45e425db39_=_"\r\n\r\n\r\n--_=_swift_v4_142320390654d45e425db39_=_\r\nContent-Type: text/plain; charset=utf-8\r\nContent-Transfer-Encoding: quoted-printable\r\n\r\nSurname : =D0=98=D0=B2=D0=B0=D0=BD=D0=BE=D0=B2\r\nName :=\r\n =D0=98=D0=B2=D0=B0=D0=BD\r\nPatronymic : =D0=98=D0=B2=D0=B0=D0=BD=\r\n=D0=BE=D0=B2=D0=B8=D1=87\r\nBirth date : 2009-01-01\r\nBirth place :=\r\n ubia nostra, per inceptos himenaeos. Etiam a\r\nPost address : din. V=\r\nestibulum ante ipsum primis in faucibus orci luctus et ul\r\nPassport =\r\nseries : on ligula. Quisque odio. Nullam nisi nu\r\nPassport number : =\r\nictum consequat, massa. Cras at ante ac sapien vive\r\nRegistration : lo=\r\nr. Sed id nisl ac erat adipi\r\nPassport date : 2013-08-08\r\nInn : =\r\nna.\r\nPlace of issue : sddfgsdfg\r\n\r\n--_=_swift_v4_142320390654d45e425db39_=_\r\nContent-Type: image/gif; name=mission_icon_1.gif\r\nContent-Transfer-Encoding: base64\r\nContent-Disposition: ', '2015-02-06 11:25:06'),
(53, NULL, 'Запрос на смену паспортных данных', 'Surname : Иванов\r\nName : Иван\r\nPatronymic : Иванович\r\nBirth date : 2009-01-01\r\nBirth place : ubia nostra, per inceptos himenaeos. Etiam a\r\nPost address : din. Vestibulum ante ipsum primis in faucibus orci luctus et ul\r\nPassport series : on ligula. Quisque odio. Nullam nisi nu\r\nPassport number : ictum consequat, massa. Cras at ante ac sapien vive\r\nRegistration : lor. Sed id nisl ac erat adipi\r\nPassport date : 2013-08-08\r\nInn : na.\r\nPlace of issue : sddfgsdfg', 'noreply@nomail.com', 'Sergey.Melkov@softline.ru', 'hedge.smrgl@gmail.com', '', '', '', 'realtime', 'Swift_MailTransport', NULL, 'Message-ID: <1423203913.54d45e4983ce6@diffco.local>\r\nDate: Fri, 06 Feb 2015 11:25:13 +0500\r\nSubject: =?utf-8?Q?=D0=97=D0=B0=D0=BF=D1=80=D0=BE=D1=81_=D0=BD?=\r\n =?utf-8?Q?=D0=B0_=D1=81=D0=BC=D0=B5=D0=BD=D1=83_=D0=BF=D0=B0=D1=81=D0=BF?=\r\n =?utf-8?Q?=D0=BE=D1=80=D1=82=D0=BD=D1=8B=D1=85_=D0=B4?=\r\n =?utf-8?Q?=D0=B0=D0=BD=D0=BD=D1=8B=D1=85?=\r\nFrom: noreply@nomail.com\r\nTo: Sergey.Melkov@softline.ru\r\nCc: hedge.smrgl@gmail.com\r\nMIME-Version: 1.0\r\nContent-Type: multipart/mixed;\r\n boundary="_=_swift_v4_142320391354d45e4989535_=_"\r\n\r\n\r\n--_=_swift_v4_142320391354d45e4989535_=_\r\nContent-Type: text/plain; charset=utf-8\r\nContent-Transfer-Encoding: quoted-printable\r\n\r\nSurname : =D0=98=D0=B2=D0=B0=D0=BD=D0=BE=D0=B2\r\nName :=\r\n =D0=98=D0=B2=D0=B0=D0=BD\r\nPatronymic : =D0=98=D0=B2=D0=B0=D0=BD=\r\n=D0=BE=D0=B2=D0=B8=D1=87\r\nBirth date : 2009-01-01\r\nBirth place :=\r\n ubia nostra, per inceptos himenaeos. Etiam a\r\nPost address : din. V=\r\nestibulum ante ipsum primis in faucibus orci luctus et ul\r\nPassport =\r\nseries : on ligula. Quisque odio. Nullam nisi nu\r\nPassport number : =\r\nictum consequat, massa. Cras at ante ac sapien vive\r\nRegistration : lo=\r\nr. Sed id nisl ac erat adipi\r\nPassport date : 2013-08-08\r\nInn : =\r\nna.\r\nPlace of issue : sddfgsdfg\r\n\r\n--_=_swift_v4_142320391354d45e4989535_=_\r\nContent-Type: image/gif; name=mission_icon_1.gif\r\nContent-Transfer-Encoding: base64\r\nContent-Disposition: ', '2015-02-06 11:25:13'),
(54, NULL, 'Запрос на смену паспортных данных', 'Surname : Иванов\r\nName : Иван\r\nPatronymic : Иванович\r\nBirth date : 2009-01-01\r\nBirth place : ubia nostra, per inceptos himenaeos. Etiam a\r\nPost address : din. Vestibulum ante ipsum primis in faucibus orci luctus et ul\r\nPassport series : on ligula. Quisque odio. Nullam nisi nu\r\nPassport number : ictum consequat, massa. Cras at ante ac sapien vive\r\nRegistration : lor. Sed id nisl ac erat adipi\r\nPassport date : 2013-08-08\r\nInn : na.\r\nPlace of issue : sddfgsdfg', 'noreply@nomail.com', 'Sergey.Melkov@softline.ru', 'hedge.smrgl@gmail.com', '', '', '', 'realtime', 'Swift_MailTransport', NULL, 'Message-ID: <1423203923.54d45e53f2bd8@diffco.local>\r\nDate: Fri, 06 Feb 2015 11:25:23 +0500\r\nSubject: =?utf-8?Q?=D0=97=D0=B0=D0=BF=D1=80=D0=BE=D1=81_=D0=BD?=\r\n =?utf-8?Q?=D0=B0_=D1=81=D0=BC=D0=B5=D0=BD=D1=83_=D0=BF=D0=B0=D1=81=D0=BF?=\r\n =?utf-8?Q?=D0=BE=D1=80=D1=82=D0=BD=D1=8B=D1=85_=D0=B4?=\r\n =?utf-8?Q?=D0=B0=D0=BD=D0=BD=D1=8B=D1=85?=\r\nFrom: noreply@nomail.com\r\nTo: Sergey.Melkov@softline.ru\r\nCc: hedge.smrgl@gmail.com\r\nMIME-Version: 1.0\r\nContent-Type: text/plain; charset=utf-8\r\nContent-Transfer-Encoding: quoted-printable\r\n\r\nSurname : =D0=98=D0=B2=D0=B0=D0=BD=D0=BE=D0=B2\r\nName :=\r\n =D0=98=D0=B2=D0=B0=D0=BD\r\nPatronymic : =D0=98=D0=B2=D0=B0=D0=BD=\r\n=D0=BE=D0=B2=D0=B8=D1=87\r\nBirth date : 2009-01-01\r\nBirth place :=\r\n ubia nostra, per inceptos himenaeos. Etiam a\r\nPost address : din. V=\r\nestibulum ante ipsum primis in faucibus orci luctus et ul\r\nPassport =\r\nseries : on ligula. Quisque odio. Nullam nisi nu\r\nPassport number : =\r\nictum consequat, massa. Cras at ante ac sapien vive\r\nRegistration : lo=\r\nr. Sed id nisl ac erat adipi\r\nPassport date : 2013-08-08\r\nInn : =\r\nna.\r\nPlace of issue : sddfgsdfg', '2015-02-06 11:25:24'),
(55, NULL, 'Запрос на смену паспортных данных', 'Surname : Иванов\r\nName : Иван\r\nPatronymic : Иванович\r\nBirth date : 2009-01-01\r\nBirth place : ubia nostra, per inceptos himenaeos. Etiam a\r\nPost address : din. Vestibulum ante ipsum primis in faucibus orci luctus et ul\r\nPassport series : on ligula. Quisque odio. Nullam nisi nu\r\nPassport number : ictum consequat, massa. Cras at ante ac sapien vive\r\nRegistration : lor. Sed id nisl ac erat adipi\r\nPassport date : 2013-08-08\r\nInn : na.\r\nPlace of issue : sddfgsdfg', 'noreply@nomail.com', 'Sergey.Melkov@softline.ru', 'hedge.smrgl@gmail.com', '', '', '', 'realtime', 'Swift_MailTransport', NULL, 'Message-ID: <1423203945.54d45e69b15a2@diffco.local>\r\nDate: Fri, 06 Feb 2015 11:25:45 +0500\r\nSubject: =?utf-8?Q?=D0=97=D0=B0=D0=BF=D1=80=D0=BE=D1=81_=D0=BD?=\r\n =?utf-8?Q?=D0=B0_=D1=81=D0=BC=D0=B5=D0=BD=D1=83_=D0=BF=D0=B0=D1=81=D0=BF?=\r\n =?utf-8?Q?=D0=BE=D1=80=D1=82=D0=BD=D1=8B=D1=85_=D0=B4?=\r\n =?utf-8?Q?=D0=B0=D0=BD=D0=BD=D1=8B=D1=85?=\r\nFrom: noreply@nomail.com\r\nTo: Sergey.Melkov@softline.ru\r\nCc: hedge.smrgl@gmail.com\r\nMIME-Version: 1.0\r\nContent-Type: text/plain; charset=utf-8\r\nContent-Transfer-Encoding: quoted-printable\r\n\r\nSurname : =D0=98=D0=B2=D0=B0=D0=BD=D0=BE=D0=B2\r\nName :=\r\n =D0=98=D0=B2=D0=B0=D0=BD\r\nPatronymic : =D0=98=D0=B2=D0=B0=D0=BD=\r\n=D0=BE=D0=B2=D0=B8=D1=87\r\nBirth date : 2009-01-01\r\nBirth place :=\r\n ubia nostra, per inceptos himenaeos. Etiam a\r\nPost address : din. V=\r\nestibulum ante ipsum primis in faucibus orci luctus et ul\r\nPassport =\r\nseries : on ligula. Quisque odio. Nullam nisi nu\r\nPassport number : =\r\nictum consequat, massa. Cras at ante ac sapien vive\r\nRegistration : lo=\r\nr. Sed id nisl ac erat adipi\r\nPassport date : 2013-08-08\r\nInn : =\r\nna.\r\nPlace of issue : sddfgsdfg', '2015-02-06 11:25:45'),
(56, NULL, 'Запрос на смену паспортных данных', 'Surname : Иванов\r\nName : Иван\r\nPatronymic : Иванович\r\nBirth date : 2009-01-01\r\nBirth place : ubia nostra, per inceptos himenaeos. Etiam a\r\nPost address : din. Vestibulum ante ipsum primis in faucibus orci luctus et ul\r\nPassport series : on ligula. Quisque odio. Nullam nisi nu\r\nPassport number : ictum consequat, massa. Cras at ante ac sapien vive\r\nRegistration : lor. Sed id nisl ac erat adipi\r\nPassport date : 2013-08-08\r\nInn : na.\r\nPlace of issue : sddfgsdfg', 'noreply@nomail.com', 'Sergey.Melkov@softline.ru', 'hedge.smrgl@gmail.com', '', '', '', 'realtime', 'Swift_MailTransport', NULL, 'Message-ID: <1423203952.54d45e70532c0@diffco.local>\r\nDate: Fri, 06 Feb 2015 11:25:52 +0500\r\nSubject: =?utf-8?Q?=D0=97=D0=B0=D0=BF=D1=80=D0=BE=D1=81_=D0=BD?=\r\n =?utf-8?Q?=D0=B0_=D1=81=D0=BC=D0=B5=D0=BD=D1=83_=D0=BF=D0=B0=D1=81=D0=BF?=\r\n =?utf-8?Q?=D0=BE=D1=80=D1=82=D0=BD=D1=8B=D1=85_=D0=B4?=\r\n =?utf-8?Q?=D0=B0=D0=BD=D0=BD=D1=8B=D1=85?=\r\nFrom: noreply@nomail.com\r\nTo: Sergey.Melkov@softline.ru\r\nCc: hedge.smrgl@gmail.com\r\nMIME-Version: 1.0\r\nContent-Type: text/plain; charset=utf-8\r\nContent-Transfer-Encoding: quoted-printable\r\n\r\nSurname : =D0=98=D0=B2=D0=B0=D0=BD=D0=BE=D0=B2\r\nName :=\r\n =D0=98=D0=B2=D0=B0=D0=BD\r\nPatronymic : =D0=98=D0=B2=D0=B0=D0=BD=\r\n=D0=BE=D0=B2=D0=B8=D1=87\r\nBirth date : 2009-01-01\r\nBirth place :=\r\n ubia nostra, per inceptos himenaeos. Etiam a\r\nPost address : din. V=\r\nestibulum ante ipsum primis in faucibus orci luctus et ul\r\nPassport =\r\nseries : on ligula. Quisque odio. Nullam nisi nu\r\nPassport number : =\r\nictum consequat, massa. Cras at ante ac sapien vive\r\nRegistration : lo=\r\nr. Sed id nisl ac erat adipi\r\nPassport date : 2013-08-08\r\nInn : =\r\nna.\r\nPlace of issue : sddfgsdfg', '2015-02-06 11:25:52'),
(57, NULL, 'Запрос на смену паспортных данных', 'Surname : Иванов\r\nName : Иван\r\nPatronymic : Иванович\r\nBirth date : 2009-01-01\r\nBirth place : ubia nostra, per inceptos himenaeos. Etiam a\r\nPost address : din. Vestibulum ante ipsum primis in faucibus orci luctus et ul\r\nPassport series : on ligula. Quisque odio. Nullam nisi nu\r\nPassport number : ictum consequat, massa. Cras at ante ac sapien vive\r\nRegistration : lor. Sed id nisl ac erat adipi\r\nPassport date : 2013-08-08\r\nInn : na.\r\nPlace of issue : sddfgsdfg', 'noreply@nomail.com', 'Sergey.Melkov@softline.ru', 'hedge.smrgl@gmail.com', '', '', '', 'realtime', 'Swift_MailTransport', NULL, 'Message-ID: <1423204015.54d45eaff194d@diffco.local>\r\nDate: Fri, 06 Feb 2015 11:26:55 +0500\r\nSubject: =?utf-8?Q?=D0=97=D0=B0=D0=BF=D1=80=D0=BE=D1=81_=D0=BD?=\r\n =?utf-8?Q?=D0=B0_=D1=81=D0=BC=D0=B5=D0=BD=D1=83_=D0=BF=D0=B0=D1=81=D0=BF?=\r\n =?utf-8?Q?=D0=BE=D1=80=D1=82=D0=BD=D1=8B=D1=85_=D0=B4?=\r\n =?utf-8?Q?=D0=B0=D0=BD=D0=BD=D1=8B=D1=85?=\r\nFrom: noreply@nomail.com\r\nTo: Sergey.Melkov@softline.ru\r\nCc: hedge.smrgl@gmail.com\r\nMIME-Version: 1.0\r\nContent-Type: text/plain; charset=utf-8\r\nContent-Transfer-Encoding: quoted-printable\r\n\r\nSurname : =D0=98=D0=B2=D0=B0=D0=BD=D0=BE=D0=B2\r\nName :=\r\n =D0=98=D0=B2=D0=B0=D0=BD\r\nPatronymic : =D0=98=D0=B2=D0=B0=D0=BD=\r\n=D0=BE=D0=B2=D0=B8=D1=87\r\nBirth date : 2009-01-01\r\nBirth place :=\r\n ubia nostra, per inceptos himenaeos. Etiam a\r\nPost address : din. V=\r\nestibulum ante ipsum primis in faucibus orci luctus et ul\r\nPassport =\r\nseries : on ligula. Quisque odio. Nullam nisi nu\r\nPassport number : =\r\nictum consequat, massa. Cras at ante ac sapien vive\r\nRegistration : lo=\r\nr. Sed id nisl ac erat adipi\r\nPassport date : 2013-08-08\r\nInn : =\r\nna.\r\nPlace of issue : sddfgsdfg', '2015-02-06 11:26:56'),
(58, NULL, 'Запрос на смену паспортных данных', 'Surname : Иванов\r\nName : Иван\r\nPatronymic : Иванович\r\nBirth date : 2009-01-01\r\nBirth place : ubia nostra, per inceptos himenaeos. Etiam a\r\nPost address : din. Vestibulum ante ipsum primis in faucibus orci luctus et ul\r\nPassport series : on ligula. Quisque odio. Nullam nisi nu\r\nPassport number : ictum consequat, massa. Cras at ante ac sapien vive\r\nRegistration : lor. Sed id nisl ac erat adipi\r\nPassport date : 2013-08-08\r\nInn : na.\r\nPlace of issue : sddfgsdfg', 'noreply@nomail.com', 'Sergey.Melkov@softline.ru', 'hedge.smrgl@gmail.com', '', '', '', 'realtime', 'Swift_MailTransport', NULL, 'Message-ID: <1423204045.54d45ecd8f5cb@diffco.local>\r\nDate: Fri, 06 Feb 2015 11:27:25 +0500\r\nSubject: =?utf-8?Q?=D0=97=D0=B0=D0=BF=D1=80=D0=BE=D1=81_=D0=BD?=\r\n =?utf-8?Q?=D0=B0_=D1=81=D0=BC=D0=B5=D0=BD=D1=83_=D0=BF=D0=B0=D1=81=D0=BF?=\r\n =?utf-8?Q?=D0=BE=D1=80=D1=82=D0=BD=D1=8B=D1=85_=D0=B4?=\r\n =?utf-8?Q?=D0=B0=D0=BD=D0=BD=D1=8B=D1=85?=\r\nFrom: noreply@nomail.com\r\nTo: Sergey.Melkov@softline.ru\r\nCc: hedge.smrgl@gmail.com\r\nMIME-Version: 1.0\r\nContent-Type: text/plain; charset=utf-8\r\nContent-Transfer-Encoding: quoted-printable\r\n\r\nSurname : =D0=98=D0=B2=D0=B0=D0=BD=D0=BE=D0=B2\r\nName :=\r\n =D0=98=D0=B2=D0=B0=D0=BD\r\nPatronymic : =D0=98=D0=B2=D0=B0=D0=BD=\r\n=D0=BE=D0=B2=D0=B8=D1=87\r\nBirth date : 2009-01-01\r\nBirth place :=\r\n ubia nostra, per inceptos himenaeos. Etiam a\r\nPost address : din. V=\r\nestibulum ante ipsum primis in faucibus orci luctus et ul\r\nPassport =\r\nseries : on ligula. Quisque odio. Nullam nisi nu\r\nPassport number : =\r\nictum consequat, massa. Cras at ante ac sapien vive\r\nRegistration : lo=\r\nr. Sed id nisl ac erat adipi\r\nPassport date : 2013-08-08\r\nInn : =\r\nna.\r\nPlace of issue : sddfgsdfg', '2015-02-06 11:27:25'),
(59, NULL, 'Запрос на смену паспортных данных', 'Surname : Иванов\r\nName : Иван\r\nPatronymic : Иванович\r\nBirth date : 2009-01-01\r\nBirth place : ubia nostra, per inceptos himenaeos. Etiam a\r\nPost address : din. Vestibulum ante ipsum primis in faucibus orci luctus et ul\r\nPassport series : on ligula. Quisque odio. Nullam nisi nu\r\nPassport number : ictum consequat, massa. Cras at ante ac sapien vive\r\nRegistration : lor. Sed id nisl ac erat adipi\r\nPassport date : 2013-08-08\r\nInn : na.\r\nPlace of issue : sddfgsdfg', 'noreply@nomail.com', 'Sergey.Melkov@softline.ru', 'hedge.smrgl@gmail.com', '', '', '', 'realtime', 'Swift_MailTransport', NULL, 'Message-ID: <1423204133.54d45f25b6436@diffco.local>\r\nDate: Fri, 06 Feb 2015 11:28:53 +0500\r\nSubject: =?utf-8?Q?=D0=97=D0=B0=D0=BF=D1=80=D0=BE=D1=81_=D0=BD?=\r\n =?utf-8?Q?=D0=B0_=D1=81=D0=BC=D0=B5=D0=BD=D1=83_=D0=BF=D0=B0=D1=81=D0=BF?=\r\n =?utf-8?Q?=D0=BE=D1=80=D1=82=D0=BD=D1=8B=D1=85_=D0=B4?=\r\n =?utf-8?Q?=D0=B0=D0=BD=D0=BD=D1=8B=D1=85?=\r\nFrom: noreply@nomail.com\r\nTo: Sergey.Melkov@softline.ru\r\nCc: hedge.smrgl@gmail.com\r\nMIME-Version: 1.0\r\nContent-Type: text/plain; charset=utf-8\r\nContent-Transfer-Encoding: quoted-printable\r\n\r\nSurname : =D0=98=D0=B2=D0=B0=D0=BD=D0=BE=D0=B2\r\nName :=\r\n =D0=98=D0=B2=D0=B0=D0=BD\r\nPatronymic : =D0=98=D0=B2=D0=B0=D0=BD=\r\n=D0=BE=D0=B2=D0=B8=D1=87\r\nBirth date : 2009-01-01\r\nBirth place :=\r\n ubia nostra, per inceptos himenaeos. Etiam a\r\nPost address : din. V=\r\nestibulum ante ipsum primis in faucibus orci luctus et ul\r\nPassport =\r\nseries : on ligula. Quisque odio. Nullam nisi nu\r\nPassport number : =\r\nictum consequat, massa. Cras at ante ac sapien vive\r\nRegistration : lo=\r\nr. Sed id nisl ac erat adipi\r\nPassport date : 2013-08-08\r\nInn : =\r\nna.\r\nPlace of issue : sddfgsdfg', '2015-02-06 11:28:53'),
(60, NULL, 'Запрос на смену паспортных данных', 'Surname : Иванов\r\nName : Иван\r\nPatronymic : Иванович\r\nBirth date : 2009-01-01\r\nBirth place : ubia nostra, per inceptos himenaeos. Etiam a\r\nPost address : din. Vestibulum ante ipsum primis in faucibus orci luctus et ul\r\nPassport series : on ligula. Quisque odio. Nullam nisi nu\r\nPassport number : ictum consequat, massa. Cras at ante ac sapien vive\r\nRegistration : lor. Sed id nisl ac erat adipi\r\nPassport date : 2013-08-08\r\nInn : na.\r\nPlace of issue : sddfgsdfg', 'noreply@nomail.com', 'Sergey.Melkov@softline.ru', 'hedge.smrgl@gmail.com', '', '', '', 'realtime', 'Swift_MailTransport', NULL, 'Message-ID: <1423204171.54d45f4b0b7c0@diffco.local>\r\nDate: Fri, 06 Feb 2015 11:29:31 +0500\r\nSubject: =?utf-8?Q?=D0=97=D0=B0=D0=BF=D1=80=D0=BE=D1=81_=D0=BD?=\r\n =?utf-8?Q?=D0=B0_=D1=81=D0=BC=D0=B5=D0=BD=D1=83_=D0=BF=D0=B0=D1=81=D0=BF?=\r\n =?utf-8?Q?=D0=BE=D1=80=D1=82=D0=BD=D1=8B=D1=85_=D0=B4?=\r\n =?utf-8?Q?=D0=B0=D0=BD=D0=BD=D1=8B=D1=85?=\r\nFrom: noreply@nomail.com\r\nTo: Sergey.Melkov@softline.ru\r\nCc: hedge.smrgl@gmail.com\r\nMIME-Version: 1.0\r\nContent-Type: text/plain; charset=utf-8\r\nContent-Transfer-Encoding: quoted-printable\r\n\r\nSurname : =D0=98=D0=B2=D0=B0=D0=BD=D0=BE=D0=B2\r\nName :=\r\n =D0=98=D0=B2=D0=B0=D0=BD\r\nPatronymic : =D0=98=D0=B2=D0=B0=D0=BD=\r\n=D0=BE=D0=B2=D0=B8=D1=87\r\nBirth date : 2009-01-01\r\nBirth place :=\r\n ubia nostra, per inceptos himenaeos. Etiam a\r\nPost address : din. V=\r\nestibulum ante ipsum primis in faucibus orci luctus et ul\r\nPassport =\r\nseries : on ligula. Quisque odio. Nullam nisi nu\r\nPassport number : =\r\nictum consequat, massa. Cras at ante ac sapien vive\r\nRegistration : lo=\r\nr. Sed id nisl ac erat adipi\r\nPassport date : 2013-08-08\r\nInn : =\r\nna.\r\nPlace of issue : sddfgsdfg', '2015-02-06 11:29:31'),
(61, NULL, 'Запрос на смену паспортных данных', 'Surname : Иванов\r\nName : Иван\r\nPatronymic : Иванович\r\nBirth date : 2009-01-01\r\nBirth place : ubia nostra, per inceptos himenaeos. Etiam a\r\nPost address : din. Vestibulum ante ipsum primis in faucibus orci luctus et ul\r\nPassport series : on ligula. Quisque odio. Nullam nisi nu\r\nPassport number : ictum consequat, massa. Cras at ante ac sapien vive\r\nRegistration : lor. Sed id nisl ac erat adipi\r\nPassport date : 2013-08-08\r\nInn : na.\r\nPlace of issue : sddfgsdfg', 'noreply@nomail.com', 'Sergey.Melkov@softline.ru', 'hedge.smrgl@gmail.com', '', '', '', 'realtime', 'Swift_MailTransport', NULL, 'Message-ID: <1423204205.54d45f6d9a2ec@diffco.local>\r\nDate: Fri, 06 Feb 2015 11:30:05 +0500\r\nSubject: =?utf-8?Q?=D0=97=D0=B0=D0=BF=D1=80=D0=BE=D1=81_=D0=BD?=\r\n =?utf-8?Q?=D0=B0_=D1=81=D0=BC=D0=B5=D0=BD=D1=83_=D0=BF=D0=B0=D1=81=D0=BF?=\r\n =?utf-8?Q?=D0=BE=D1=80=D1=82=D0=BD=D1=8B=D1=85_=D0=B4?=\r\n =?utf-8?Q?=D0=B0=D0=BD=D0=BD=D1=8B=D1=85?=\r\nFrom: noreply@nomail.com\r\nTo: Sergey.Melkov@softline.ru\r\nCc: hedge.smrgl@gmail.com\r\nMIME-Version: 1.0\r\nContent-Type: text/plain; charset=utf-8\r\nContent-Transfer-Encoding: quoted-printable\r\n\r\nSurname : =D0=98=D0=B2=D0=B0=D0=BD=D0=BE=D0=B2\r\nName :=\r\n =D0=98=D0=B2=D0=B0=D0=BD\r\nPatronymic : =D0=98=D0=B2=D0=B0=D0=BD=\r\n=D0=BE=D0=B2=D0=B8=D1=87\r\nBirth date : 2009-01-01\r\nBirth place :=\r\n ubia nostra, per inceptos himenaeos. Etiam a\r\nPost address : din. V=\r\nestibulum ante ipsum primis in faucibus orci luctus et ul\r\nPassport =\r\nseries : on ligula. Quisque odio. Nullam nisi nu\r\nPassport number : =\r\nictum consequat, massa. Cras at ante ac sapien vive\r\nRegistration : lo=\r\nr. Sed id nisl ac erat adipi\r\nPassport date : 2013-08-08\r\nInn : =\r\nna.\r\nPlace of issue : sddfgsdfg', '2015-02-06 11:30:05'),
(62, NULL, 'Запрос на смену паспортных данных', 'Surname : Иванов\r\nName : Иван\r\nPatronymic : Иванович\r\nBirth date : 2009-01-01\r\nBirth place : ubia nostra, per inceptos himenaeos. Etiam a\r\nPost address : din. Vestibulum ante ipsum primis in faucibus orci luctus et ul\r\nPassport series : on ligula. Quisque odio. Nullam nisi nu\r\nPassport number : ictum consequat, massa. Cras at ante ac sapien vive\r\nRegistration : lor. Sed id nisl ac erat adipi\r\nPassport date : 2013-08-08\r\nInn : na.\r\nPlace of issue : sddfgsdfg', 'noreply@nomail.com', 'Sergey.Melkov@softline.ru', 'hedge.smrgl@gmail.com', '', '', '', 'realtime', 'Swift_MailTransport', NULL, 'Message-ID: <1423204295.54d45fc7a15b6@diffco.local>\r\nDate: Fri, 06 Feb 2015 11:31:35 +0500\r\nSubject: =?utf-8?Q?=D0=97=D0=B0=D0=BF=D1=80=D0=BE=D1=81_=D0=BD?=\r\n =?utf-8?Q?=D0=B0_=D1=81=D0=BC=D0=B5=D0=BD=D1=83_=D0=BF=D0=B0=D1=81=D0=BF?=\r\n =?utf-8?Q?=D0=BE=D1=80=D1=82=D0=BD=D1=8B=D1=85_=D0=B4?=\r\n =?utf-8?Q?=D0=B0=D0=BD=D0=BD=D1=8B=D1=85?=\r\nFrom: noreply@nomail.com\r\nTo: Sergey.Melkov@softline.ru\r\nCc: hedge.smrgl@gmail.com\r\nMIME-Version: 1.0\r\nContent-Type: text/plain; charset=utf-8\r\nContent-Transfer-Encoding: quoted-printable\r\n\r\nSurname : =D0=98=D0=B2=D0=B0=D0=BD=D0=BE=D0=B2\r\nName :=\r\n =D0=98=D0=B2=D0=B0=D0=BD\r\nPatronymic : =D0=98=D0=B2=D0=B0=D0=BD=\r\n=D0=BE=D0=B2=D0=B8=D1=87\r\nBirth date : 2009-01-01\r\nBirth place :=\r\n ubia nostra, per inceptos himenaeos. Etiam a\r\nPost address : din. V=\r\nestibulum ante ipsum primis in faucibus orci luctus et ul\r\nPassport =\r\nseries : on ligula. Quisque odio. Nullam nisi nu\r\nPassport number : =\r\nictum consequat, massa. Cras at ante ac sapien vive\r\nRegistration : lo=\r\nr. Sed id nisl ac erat adipi\r\nPassport date : 2013-08-08\r\nInn : =\r\nna.\r\nPlace of issue : sddfgsdfg', '2015-02-06 11:31:35'),
(63, NULL, 'Запрос на смену паспортных данных', 'Surname : Иванов\r\nName : Иван\r\nPatronymic : Иванович\r\nBirth date : 2009-01-01\r\nBirth place : ubia nostra, per inceptos himenaeos. Etiam a\r\nPost address : din. Vestibulum ante ipsum primis in faucibus orci luctus et ul\r\nPassport series : on ligula. Quisque odio. Nullam nisi nu\r\nPassport number : ictum consequat, massa. Cras at ante ac sapien vive\r\nRegistration : lor. Sed id nisl ac erat adipi\r\nPassport date : 2013-08-08\r\nInn : na.\r\nPlace of issue : sddfgsdfg', 'noreply@nomail.com', 'Sergey.Melkov@softline.ru', 'hedge.smrgl@gmail.com', '', '', '', 'realtime', 'Swift_MailTransport', NULL, 'Message-ID: <1423204358.54d46006b45ae@diffco.local>\r\nDate: Fri, 06 Feb 2015 11:32:38 +0500\r\nSubject: =?utf-8?Q?=D0=97=D0=B0=D0=BF=D1=80=D0=BE=D1=81_=D0=BD?=\r\n =?utf-8?Q?=D0=B0_=D1=81=D0=BC=D0=B5=D0=BD=D1=83_=D0=BF=D0=B0=D1=81=D0=BF?=\r\n =?utf-8?Q?=D0=BE=D1=80=D1=82=D0=BD=D1=8B=D1=85_=D0=B4?=\r\n =?utf-8?Q?=D0=B0=D0=BD=D0=BD=D1=8B=D1=85?=\r\nFrom: noreply@nomail.com\r\nTo: Sergey.Melkov@softline.ru\r\nCc: hedge.smrgl@gmail.com\r\nMIME-Version: 1.0\r\nContent-Type: text/plain; charset=utf-8\r\nContent-Transfer-Encoding: quoted-printable\r\n\r\nSurname : =D0=98=D0=B2=D0=B0=D0=BD=D0=BE=D0=B2\r\nName :=\r\n =D0=98=D0=B2=D0=B0=D0=BD\r\nPatronymic : =D0=98=D0=B2=D0=B0=D0=BD=\r\n=D0=BE=D0=B2=D0=B8=D1=87\r\nBirth date : 2009-01-01\r\nBirth place :=\r\n ubia nostra, per inceptos himenaeos. Etiam a\r\nPost address : din. V=\r\nestibulum ante ipsum primis in faucibus orci luctus et ul\r\nPassport =\r\nseries : on ligula. Quisque odio. Nullam nisi nu\r\nPassport number : =\r\nictum consequat, massa. Cras at ante ac sapien vive\r\nRegistration : lo=\r\nr. Sed id nisl ac erat adipi\r\nPassport date : 2013-08-08\r\nInn : =\r\nna.\r\nPlace of issue : sddfgsdfg', '2015-02-06 11:32:38'),
(64, NULL, 'Запрос на смену паспортных данных', 'Surname : Иванов\r\nName : Иван\r\nPatronymic : Иванович\r\nBirth date : 2009-01-01\r\nBirth place : ubia nostra, per inceptos himenaeos. Etiam a\r\nPost address : din. Vestibulum ante ipsum primis in faucibus orci luctus et ul\r\nPassport series : on ligula. Quisque odio. Nullam nisi nu\r\nPassport number : ictum consequat, massa. Cras at ante ac sapien vive\r\nRegistration : lor. Sed id nisl ac erat adipi\r\nPassport date : 2013-08-08\r\nInn : na.\r\nPlace of issue : sddfgsdfg', 'noreply@nomail.com', 'Sergey.Melkov@softline.ru', 'hedge.smrgl@gmail.com', '', '', '', 'realtime', 'Swift_MailTransport', NULL, 'Message-ID: <1423204362.54d4600ab4b40@diffco.local>\r\nDate: Fri, 06 Feb 2015 11:32:42 +0500\r\nSubject: =?utf-8?Q?=D0=97=D0=B0=D0=BF=D1=80=D0=BE=D1=81_=D0=BD?=\r\n =?utf-8?Q?=D0=B0_=D1=81=D0=BC=D0=B5=D0=BD=D1=83_=D0=BF=D0=B0=D1=81=D0=BF?=\r\n =?utf-8?Q?=D0=BE=D1=80=D1=82=D0=BD=D1=8B=D1=85_=D0=B4?=\r\n =?utf-8?Q?=D0=B0=D0=BD=D0=BD=D1=8B=D1=85?=\r\nFrom: noreply@nomail.com\r\nTo: Sergey.Melkov@softline.ru\r\nCc: hedge.smrgl@gmail.com\r\nMIME-Version: 1.0\r\nContent-Type: multipart/mixed;\r\n boundary="_=_swift_v4_142320436254d4600aba1b9_=_"\r\n\r\n\r\n--_=_swift_v4_142320436254d4600aba1b9_=_\r\nContent-Type: text/plain; charset=utf-8\r\nContent-Transfer-Encoding: quoted-printable\r\n\r\nSurname : =D0=98=D0=B2=D0=B0=D0=BD=D0=BE=D0=B2\r\nName :=\r\n =D0=98=D0=B2=D0=B0=D0=BD\r\nPatronymic : =D0=98=D0=B2=D0=B0=D0=BD=\r\n=D0=BE=D0=B2=D0=B8=D1=87\r\nBirth date : 2009-01-01\r\nBirth place :=\r\n ubia nostra, per inceptos himenaeos. Etiam a\r\nPost address : din. V=\r\nestibulum ante ipsum primis in faucibus orci luctus et ul\r\nPassport =\r\nseries : on ligula. Quisque odio. Nullam nisi nu\r\nPassport number : =\r\nictum consequat, massa. Cras at ante ac sapien vive\r\nRegistration : lo=\r\nr. Sed id nisl ac erat adipi\r\nPassport date : 2013-08-08\r\nInn : =\r\nna.\r\nPlace of issue : sddfgsdfg\r\n\r\n--_=_swift_v4_142320436254d4600aba1b9_=_\r\nContent-Type: image/gif; name=mission_icon_3.gif\r\nContent-Transfer-Encoding: base64\r\nContent-Disposition: ', '2015-02-06 11:32:42'),
(65, NULL, 'Запрос на смену паспортных данных', 'Surname : Иванов\r\nName : Иван\r\nPatronymic : Иванович\r\nBirth date : 2009-01-01\r\nBirth place : ubia nostra, per inceptos himenaeos. Etiam a\r\nPost address : din. Vestibulum ante ipsum primis in faucibus orci luctus et ul\r\nPassport series : on ligula. Quisque odio. Nullam nisi nu\r\nPassport number : ictum consequat, massa. Cras at ante ac sapien vive\r\nRegistration : lor. Sed id nisl ac erat adipi\r\nPassport date : 2013-08-08\r\nInn : na.\r\nPlace of issue : sddfgsdfg', 'noreply@nomail.com', 'Sergey.Melkov@softline.ru', 'hedge.smrgl@gmail.com', '', '', '', 'realtime', 'Swift_MailTransport', NULL, 'Message-ID: <1423204364.54d4600cd1a4a@diffco.local>\r\nDate: Fri, 06 Feb 2015 11:32:44 +0500\r\nSubject: =?utf-8?Q?=D0=97=D0=B0=D0=BF=D1=80=D0=BE=D1=81_=D0=BD?=\r\n =?utf-8?Q?=D0=B0_=D1=81=D0=BC=D0=B5=D0=BD=D1=83_=D0=BF=D0=B0=D1=81=D0=BF?=\r\n =?utf-8?Q?=D0=BE=D1=80=D1=82=D0=BD=D1=8B=D1=85_=D0=B4?=\r\n =?utf-8?Q?=D0=B0=D0=BD=D0=BD=D1=8B=D1=85?=\r\nFrom: noreply@nomail.com\r\nTo: Sergey.Melkov@softline.ru\r\nCc: hedge.smrgl@gmail.com\r\nMIME-Version: 1.0\r\nContent-Type: multipart/mixed;\r\n boundary="_=_swift_v4_142320436454d4600cd7298_=_"\r\n\r\n\r\n--_=_swift_v4_142320436454d4600cd7298_=_\r\nContent-Type: text/plain; charset=utf-8\r\nContent-Transfer-Encoding: quoted-printable\r\n\r\nSurname : =D0=98=D0=B2=D0=B0=D0=BD=D0=BE=D0=B2\r\nName :=\r\n =D0=98=D0=B2=D0=B0=D0=BD\r\nPatronymic : =D0=98=D0=B2=D0=B0=D0=BD=\r\n=D0=BE=D0=B2=D0=B8=D1=87\r\nBirth date : 2009-01-01\r\nBirth place :=\r\n ubia nostra, per inceptos himenaeos. Etiam a\r\nPost address : din. V=\r\nestibulum ante ipsum primis in faucibus orci luctus et ul\r\nPassport =\r\nseries : on ligula. Quisque odio. Nullam nisi nu\r\nPassport number : =\r\nictum consequat, massa. Cras at ante ac sapien vive\r\nRegistration : lo=\r\nr. Sed id nisl ac erat adipi\r\nPassport date : 2013-08-08\r\nInn : =\r\nna.\r\nPlace of issue : sddfgsdfg\r\n\r\n--_=_swift_v4_142320436454d4600cd7298_=_\r\nContent-Type: image/gif; name=mission_icon_3.gif\r\nContent-Transfer-Encoding: base64\r\nContent-Disposition: ', '2015-02-06 11:32:44'),
(66, NULL, 'Запрос на смену паспортных данных', 'Surname : Иванов\r\nName : Иван\r\nPatronymic : Иванович\r\nBirth date : 2009-01-01\r\nBirth place : ubia nostra, per inceptos himenaeos. Etiam a\r\nPost address : din. Vestibulum ante ipsum primis in faucibus orci luctus et ul\r\nPassport series : on ligula. Quisque odio. Nullam nisi nu\r\nPassport number : ictum consequat, massa. Cras at ante ac sapien vive\r\nRegistration : lor. Sed id nisl ac erat adipi\r\nPassport date : 2013-08-08\r\nInn : na.\r\nPlace of issue : sddfgsdfg', 'noreply@nomail.com', 'Sergey.Melkov@softline.ru', 'hedge.smrgl@gmail.com', '', '', '', 'realtime', 'Swift_MailTransport', NULL, 'Message-ID: <1423204403.54d460333885c@diffco.local>\r\nDate: Fri, 06 Feb 2015 11:33:23 +0500\r\nSubject: =?utf-8?Q?=D0=97=D0=B0=D0=BF=D1=80=D0=BE=D1=81_=D0=BD?=\r\n =?utf-8?Q?=D0=B0_=D1=81=D0=BC=D0=B5=D0=BD=D1=83_=D0=BF=D0=B0=D1=81=D0=BF?=\r\n =?utf-8?Q?=D0=BE=D1=80=D1=82=D0=BD=D1=8B=D1=85_=D0=B4?=\r\n =?utf-8?Q?=D0=B0=D0=BD=D0=BD=D1=8B=D1=85?=\r\nFrom: noreply@nomail.com\r\nTo: Sergey.Melkov@softline.ru\r\nCc: hedge.smrgl@gmail.com\r\nMIME-Version: 1.0\r\nContent-Type: multipart/mixed;\r\n boundary="_=_swift_v4_142320440354d460333db57_=_"\r\n\r\n\r\n--_=_swift_v4_142320440354d460333db57_=_\r\nContent-Type: text/plain; charset=utf-8\r\nContent-Transfer-Encoding: quoted-printable\r\n\r\nSurname : =D0=98=D0=B2=D0=B0=D0=BD=D0=BE=D0=B2\r\nName :=\r\n =D0=98=D0=B2=D0=B0=D0=BD\r\nPatronymic : =D0=98=D0=B2=D0=B0=D0=BD=\r\n=D0=BE=D0=B2=D0=B8=D1=87\r\nBirth date : 2009-01-01\r\nBirth place :=\r\n ubia nostra, per inceptos himenaeos. Etiam a\r\nPost address : din. V=\r\nestibulum ante ipsum primis in faucibus orci luctus et ul\r\nPassport =\r\nseries : on ligula. Quisque odio. Nullam nisi nu\r\nPassport number : =\r\nictum consequat, massa. Cras at ante ac sapien vive\r\nRegistration : lo=\r\nr. Sed id nisl ac erat adipi\r\nPassport date : 2013-08-08\r\nInn : =\r\nna.\r\nPlace of issue : sddfgsdfg\r\n\r\n--_=_swift_v4_142320440354d460333db57_=_\r\nContent-Type: image/gif; name="mission_icon_2@2x.gif"\r\nContent-Transfer-Encoding: base64\r\nContent-Disposition: ', '2015-02-06 11:33:23'),
(67, NULL, 'Запрос на смену паспортных данных', 'Surname : Иванов\r\nName : Иван\r\nPatronymic : Иванович\r\nBirth date : 2009-01-01\r\nBirth place : ubia nostra, per inceptos himenaeos. Etiam a\r\nPost address : din. Vestibulum ante ipsum primis in faucibus orci luctus et ul\r\nPassport series : on ligula. Quisque odio. Nullam nisi nu\r\nPassport number : ictum consequat, massa. Cras at ante ac sapien vive\r\nRegistration : lor. Sed id nisl ac erat adipi\r\nPassport date : 2013-08-08\r\nInn : na.\r\nPlace of issue : sddfgsdfg', 'noreply@nomail.com', 'Sergey.Melkov@softline.ru', 'hedge.smrgl@gmail.com', '', '', '', 'realtime', 'Swift_MailTransport', NULL, 'Message-ID: <1423204407.54d460375c198@diffco.local>\r\nDate: Fri, 06 Feb 2015 11:33:27 +0500\r\nSubject: =?utf-8?Q?=D0=97=D0=B0=D0=BF=D1=80=D0=BE=D1=81_=D0=BD?=\r\n =?utf-8?Q?=D0=B0_=D1=81=D0=BC=D0=B5=D0=BD=D1=83_=D0=BF=D0=B0=D1=81=D0=BF?=\r\n =?utf-8?Q?=D0=BE=D1=80=D1=82=D0=BD=D1=8B=D1=85_=D0=B4?=\r\n =?utf-8?Q?=D0=B0=D0=BD=D0=BD=D1=8B=D1=85?=\r\nFrom: noreply@nomail.com\r\nTo: Sergey.Melkov@softline.ru\r\nCc: hedge.smrgl@gmail.com\r\nMIME-Version: 1.0\r\nContent-Type: multipart/mixed;\r\n boundary="_=_swift_v4_142320440754d46037612cc_=_"\r\n\r\n\r\n--_=_swift_v4_142320440754d46037612cc_=_\r\nContent-Type: text/plain; charset=utf-8\r\nContent-Transfer-Encoding: quoted-printable\r\n\r\nSurname : =D0=98=D0=B2=D0=B0=D0=BD=D0=BE=D0=B2\r\nName :=\r\n =D0=98=D0=B2=D0=B0=D0=BD\r\nPatronymic : =D0=98=D0=B2=D0=B0=D0=BD=\r\n=D0=BE=D0=B2=D0=B8=D1=87\r\nBirth date : 2009-01-01\r\nBirth place :=\r\n ubia nostra, per inceptos himenaeos. Etiam a\r\nPost address : din. V=\r\nestibulum ante ipsum primis in faucibus orci luctus et ul\r\nPassport =\r\nseries : on ligula. Quisque odio. Nullam nisi nu\r\nPassport number : =\r\nictum consequat, massa. Cras at ante ac sapien vive\r\nRegistration : lo=\r\nr. Sed id nisl ac erat adipi\r\nPassport date : 2013-08-08\r\nInn : =\r\nna.\r\nPlace of issue : sddfgsdfg\r\n\r\n--_=_swift_v4_142320440754d46037612cc_=_\r\nContent-Type: image/gif; name="mission_icon_2@2x.gif"\r\nContent-Transfer-Encoding: base64\r\nContent-Disposition: ', '2015-02-06 11:33:27'),
(68, NULL, 'Запрос на смену паспортных данных', 'Surname : Иванов\r\nName : Иван\r\nPatronymic : Иванович\r\nBirth date : 2009-01-01\r\nBirth place : ubia nostra, per inceptos himenaeos. Etiam a\r\nPost address : din. Vestibulum ante ipsum primis in faucibus orci luctus et ul\r\nPassport series : on ligula. Quisque odio. Nullam nisi nu\r\nPassport number : ictum consequat, massa. Cras at ante ac sapien vive\r\nRegistration : lor. Sed id nisl ac erat adipi\r\nPassport date : 2015-02-06\r\nInn : na.\r\nPlace of issue : sddfgsdfg', 'noreply@nomail.com', 'Sergey.Melkov@softline.ru', 'hedge.smrgl@gmail.com', '', '', '', 'realtime', 'Swift_MailTransport', NULL, 'Message-ID: <1423204426.54d4604a2448f@diffco.local>\r\nDate: Fri, 06 Feb 2015 11:33:46 +0500\r\nSubject: =?utf-8?Q?=D0=97=D0=B0=D0=BF=D1=80=D0=BE=D1=81_=D0=BD?=\r\n =?utf-8?Q?=D0=B0_=D1=81=D0=BC=D0=B5=D0=BD=D1=83_=D0=BF=D0=B0=D1=81=D0=BF?=\r\n =?utf-8?Q?=D0=BE=D1=80=D1=82=D0=BD=D1=8B=D1=85_=D0=B4?=\r\n =?utf-8?Q?=D0=B0=D0=BD=D0=BD=D1=8B=D1=85?=\r\nFrom: noreply@nomail.com\r\nTo: Sergey.Melkov@softline.ru\r\nCc: hedge.smrgl@gmail.com\r\nMIME-Version: 1.0\r\nContent-Type: multipart/mixed;\r\n boundary="_=_swift_v4_142320442654d4604a29dd5_=_"\r\n\r\n\r\n--_=_swift_v4_142320442654d4604a29dd5_=_\r\nContent-Type: text/plain; charset=utf-8\r\nContent-Transfer-Encoding: quoted-printable\r\n\r\nSurname : =D0=98=D0=B2=D0=B0=D0=BD=D0=BE=D0=B2\r\nName :=\r\n =D0=98=D0=B2=D0=B0=D0=BD\r\nPatronymic : =D0=98=D0=B2=D0=B0=D0=BD=\r\n=D0=BE=D0=B2=D0=B8=D1=87\r\nBirth date : 2009-01-01\r\nBirth place :=\r\n ubia nostra, per inceptos himenaeos. Etiam a\r\nPost address : din. V=\r\nestibulum ante ipsum primis in faucibus orci luctus et ul\r\nPassport =\r\nseries : on ligula. Quisque odio. Nullam nisi nu\r\nPassport number : =\r\nictum consequat, massa. Cras at ante ac sapien vive\r\nRegistration : lo=\r\nr. Sed id nisl ac erat adipi\r\nPassport date : 2015-02-06\r\nInn : =\r\nna.\r\nPlace of issue : sddfgsdfg\r\n\r\n--_=_swift_v4_142320442654d4604a29dd5_=_\r\nContent-Type: image/gif; name="mission_icon_2@2x.gif"\r\nContent-Transfer-Encoding: base64\r\nContent-Disposition: ', '2015-02-06 11:33:46'),
(69, NULL, 'Запрос на смену паспортных данных', 'Surname : Иванов\r\nName : Иван\r\nPatronymic : Иванович\r\nBirth date : 2009-01-14\r\nBirth place : ubia nostra, per inceptos himenaeos. Etiam a\r\nPost address : din. Vestibulum ante ipsum primis in faucibus orci luctus et ul\r\nPassport series : on ligula. Quisque odio. Nullam nisi nu\r\nPassport number : ictum consequat, massa. Cras at ante ac sapien vive\r\nRegistration : lor. Sed id nisl ac erat adipi\r\nPassport date : 2013-08-06\r\nInn : na.\r\nPlace of issue : sddfgsdfg', 'noreply@nomail.com', 'Sergey.Melkov@softline.ru', 'hedge.smrgl@gmail.com', '', '', '', 'realtime', 'Swift_MailTransport', NULL, 'Message-ID: <1423204490.54d4608a68cf3@diffco.local>\r\nDate: Fri, 06 Feb 2015 11:34:50 +0500\r\nSubject: =?utf-8?Q?=D0=97=D0=B0=D0=BF=D1=80=D0=BE=D1=81_=D0=BD?=\r\n =?utf-8?Q?=D0=B0_=D1=81=D0=BC=D0=B5=D0=BD=D1=83_=D0=BF=D0=B0=D1=81=D0=BF?=\r\n =?utf-8?Q?=D0=BE=D1=80=D1=82=D0=BD=D1=8B=D1=85_=D0=B4?=\r\n =?utf-8?Q?=D0=B0=D0=BD=D0=BD=D1=8B=D1=85?=\r\nFrom: noreply@nomail.com\r\nTo: Sergey.Melkov@softline.ru\r\nCc: hedge.smrgl@gmail.com\r\nMIME-Version: 1.0\r\nContent-Type: text/plain; charset=utf-8\r\nContent-Transfer-Encoding: quoted-printable\r\n\r\nSurname : =D0=98=D0=B2=D0=B0=D0=BD=D0=BE=D0=B2\r\nName :=\r\n =D0=98=D0=B2=D0=B0=D0=BD\r\nPatronymic : =D0=98=D0=B2=D0=B0=D0=BD=\r\n=D0=BE=D0=B2=D0=B8=D1=87\r\nBirth date : 2009-01-14\r\nBirth place :=\r\n ubia nostra, per inceptos himenaeos. Etiam a\r\nPost address : din. V=\r\nestibulum ante ipsum primis in faucibus orci luctus et ul\r\nPassport =\r\nseries : on ligula. Quisque odio. Nullam nisi nu\r\nPassport number : =\r\nictum consequat, massa. Cras at ante ac sapien vive\r\nRegistration : lo=\r\nr. Sed id nisl ac erat adipi\r\nPassport date : 2013-08-06\r\nInn : =\r\nna.\r\nPlace of issue : sddfgsdfg', '2015-02-06 11:34:50'),
(70, NULL, 'Запрос на смену паспортных данных', 'Surname : Иванов\r\nName : Иван\r\nPatronymic : Иванович\r\nBirth date : 2009-01-14\r\nBirth place : ubia nostra, per inceptos himenaeos. Etiam a\r\nPost address : din. Vestibulum ante ipsum primis in faucibus orci luctus et ul\r\nPassport series : on ligula. Quisque odio. Nullam nisi nu\r\nPassport number : ictum consequat, massa. Cras at ante ac sapien vive\r\nRegistration : lor. Sed id nisl ac erat adipi\r\nPassport date : 2013-08-28\r\nInn : na.\r\nPlace of issue : sddfgsdfg', 'noreply@nomail.com', 'Sergey.Melkov@softline.ru', 'hedge.smrgl@gmail.com', '', '', '', 'realtime', 'Swift_MailTransport', NULL, 'Message-ID: <1423204511.54d4609fb1640@diffco.local>\r\nDate: Fri, 06 Feb 2015 11:35:11 +0500\r\nSubject: =?utf-8?Q?=D0=97=D0=B0=D0=BF=D1=80=D0=BE=D1=81_=D0=BD?=\r\n =?utf-8?Q?=D0=B0_=D1=81=D0=BC=D0=B5=D0=BD=D1=83_=D0=BF=D0=B0=D1=81=D0=BF?=\r\n =?utf-8?Q?=D0=BE=D1=80=D1=82=D0=BD=D1=8B=D1=85_=D0=B4?=\r\n =?utf-8?Q?=D0=B0=D0=BD=D0=BD=D1=8B=D1=85?=\r\nFrom: noreply@nomail.com\r\nTo: Sergey.Melkov@softline.ru\r\nCc: hedge.smrgl@gmail.com\r\nMIME-Version: 1.0\r\nContent-Type: text/plain; charset=utf-8\r\nContent-Transfer-Encoding: quoted-printable\r\n\r\nSurname : =D0=98=D0=B2=D0=B0=D0=BD=D0=BE=D0=B2\r\nName :=\r\n =D0=98=D0=B2=D0=B0=D0=BD\r\nPatronymic : =D0=98=D0=B2=D0=B0=D0=BD=\r\n=D0=BE=D0=B2=D0=B8=D1=87\r\nBirth date : 2009-01-14\r\nBirth place :=\r\n ubia nostra, per inceptos himenaeos. Etiam a\r\nPost address : din. V=\r\nestibulum ante ipsum primis in faucibus orci luctus et ul\r\nPassport =\r\nseries : on ligula. Quisque odio. Nullam nisi nu\r\nPassport number : =\r\nictum consequat, massa. Cras at ante ac sapien vive\r\nRegistration : lo=\r\nr. Sed id nisl ac erat adipi\r\nPassport date : 2013-08-28\r\nInn : =\r\nna.\r\nPlace of issue : sddfgsdfg', '2015-02-06 11:35:11'),
(71, NULL, 'Запрос на смену паспортных данных', 'Surname : Иванов\r\nName : Иван\r\nPatronymic : Иванович\r\nBirth date : 1993-01-01\r\nBirth place : ubia nostra, per inceptos himenaeos. Etiam a\r\nPost address : din. Vestibulum ante ipsum primis in faucibus orci luctus et ul\r\nPassport series : on ligula. Quisque odio. Nullam nisi nu\r\nPassport number : ictum consequat, massa. Cras at ante ac sapien vive\r\nRegistration : lor. Sed id nisl ac erat adipi\r\nPassport date : 2013-08-08\r\nInn : na.\r\nPlace of issue : sddfgsdfg', 'noreply@nomail.com', 'Sergey.Melkov@softline.ru', 'hedge.smrgl@gmail.com', '', '', '', 'realtime', 'Swift_MailTransport', NULL, 'Message-ID: <1423445305.54d80d39eaec7@diffco.local>\r\nDate: Mon, 09 Feb 2015 06:28:25 +0500\r\nSubject: =?utf-8?Q?=D0=97=D0=B0=D0=BF=D1=80=D0=BE=D1=81_=D0=BD?=\r\n =?utf-8?Q?=D0=B0_=D1=81=D0=BC=D0=B5=D0=BD=D1=83_=D0=BF=D0=B0=D1=81=D0=BF?=\r\n =?utf-8?Q?=D0=BE=D1=80=D1=82=D0=BD=D1=8B=D1=85_=D0=B4?=\r\n =?utf-8?Q?=D0=B0=D0=BD=D0=BD=D1=8B=D1=85?=\r\nFrom: noreply@nomail.com\r\nTo: Sergey.Melkov@softline.ru\r\nCc: hedge.smrgl@gmail.com\r\nMIME-Version: 1.0\r\nContent-Type: text/plain; charset=utf-8\r\nContent-Transfer-Encoding: quoted-printable\r\n\r\nSurname : =D0=98=D0=B2=D0=B0=D0=BD=D0=BE=D0=B2\r\nName :=\r\n =D0=98=D0=B2=D0=B0=D0=BD\r\nPatronymic : =D0=98=D0=B2=D0=B0=D0=BD=\r\n=D0=BE=D0=B2=D0=B8=D1=87\r\nBirth date : 1993-01-01\r\nBirth place :=\r\n ubia nostra, per inceptos himenaeos. Etiam a\r\nPost address : din. V=\r\nestibulum ante ipsum primis in faucibus orci luctus et ul\r\nPassport =\r\nseries : on ligula. Quisque odio. Nullam nisi nu\r\nPassport number : =\r\nictum consequat, massa. Cras at ante ac sapien vive\r\nRegistration : lo=\r\nr. Sed id nisl ac erat adipi\r\nPassport date : 2013-08-08\r\nInn : =\r\nna.\r\nPlace of issue : sddfgsdfg', '2015-02-09 06:28:25'),
(72, NULL, 'Default subject', 'Name account : ongue massa.\nRecipient : dui. M\nPurpose payment : Pellentesque adipisc\nBank name : , nunc. Maecenas at ligula. Sed porttitor, dolor n\nBank address : porttitor, dolor nec porta elementum, nisl purus\nBik : In\nBank kpp : idi\nBank inn : ntum. Duis egestas molestie a\nCorrespondent account : et od\nReceiver settlement account : t mauris. Duis ultrices, to\nReceiver inn : \nReceiver kpp : o, porta sit\nBeneficiary bank name : \nBeneficiary bank swift code : sellus bibend\nBeneficiary bank address : nsectetur ante. Sed auctor, ligula nec faucibus egestas,\nBeneficiary bank account : nean feugiat dui id tortor. Maecenas e\nCorrespondent bank name : iaculis metus euismod faucibus\nCorrespondent bank swift code : isque et, sapien. Vestibu\nCorrespondent bank address : is nunc, venenatis id, suscipit ut, mattis eget, felis. Do\nCorrespondent bank account : \nClient : 20', 'noreply@nomail.com', '', '', '', '', '', 'realtime', 'Swift_MailTransport', NULL, 'Message-ID: <1423448207.54d8188f887d7@diffco.local>\r\nDate: Mon, 09 Feb 2015 07:16:47 +0500\r\nSubject: Default subject\r\nFrom: noreply@nomail.com\r\nMIME-Version: 1.0\r\nContent-Type: text/plain; charset=utf-8\r\nContent-Transfer-Encoding: quoted-printable\r\n\r\nName account : ongue massa.\r\nRecipient : dui. M\r\nPurpose payment : =\r\nPellentesque adipisc\r\nBank name : , nunc. Maecenas at ligula. Sed por=\r\nttitor, dolor n\r\nBank address : porttitor, dolor nec porta elementum, =\r\nnisl purus\r\nBik : In\r\nBank kpp : idi\r\nBank inn : ntum. Duis =\r\negestas molestie a\r\nCorrespondent account : et od\r\nReceiver settle=\r\nment account : t mauris. Duis ultrices, to\r\nReceiver inn :=20\r\nRecei=\r\nver kpp : o, porta sit\r\nBeneficiary bank name :=20\r\nBeneficiary bank =\r\nswift code : sellus bibend\r\nBeneficiary bank address : nsectetur ante=\r\n. Sed auctor, ligula nec faucibus egestas,\r\nBeneficiary bank account =\r\n: nean feugiat dui id tortor. Maecenas e\r\nCorrespondent bank name : i=\r\naculis metus euismod faucibus\r\nCorrespondent bank swift code : isque =\r\net, sapien. Vestibu\r\nCorrespondent bank address : is nunc, venenatis i=\r\nd, suscipit ut, mattis eget, felis. Do\r\nCorrespondent bank account : =\r\n\r\nClient : 20', '2015-02-09 07:16:47'),
(73, NULL, 'Default subject', 'Name account : ongue massa.\nRecipient : dui. M\nPurpose payment : Pellentesque adipisc\nBank name : , nunc. Maecenas at ligula. Sed porttitor, dolor n\nBank address : porttitor, dolor nec porta elementum, nisl purus\nBik : In\nBank kpp : idi\nBank inn : ntum. Duis egestas molestie a\nCorrespondent account : et od\nReceiver settlement account : t mauris. Duis ultrices, to\nReceiver inn : \nReceiver kpp : o, porta sit\nBeneficiary bank name : \nBeneficiary bank swift code : sellus bibend\nBeneficiary bank address : nsectetur ante. Sed auctor, ligula nec faucibus egestas,\nBeneficiary bank account : nean feugiat dui id tortor. Maecenas e\nCorrespondent bank name : iaculis metus euismod faucibus\nCorrespondent bank swift code : isque et, sapien. Vestibu\nCorrespondent bank address : is nunc, venenatis id, suscipit ut, mattis eget, felis. Do\nCorrespondent bank account : \nClient : 20', 'noreply@nomail.com', '', '', '', '', '', 'realtime', 'Swift_MailTransport', NULL, 'Message-ID: <1423449502.54d81d9ecfd95@diffco.local>\r\nDate: Mon, 09 Feb 2015 07:38:22 +0500\r\nSubject: Default subject\r\nFrom: noreply@nomail.com\r\nMIME-Version: 1.0\r\nContent-Type: text/plain; charset=utf-8\r\nContent-Transfer-Encoding: quoted-printable\r\n\r\nName account : ongue massa.\r\nRecipient : dui. M\r\nPurpose payment : =\r\nPellentesque adipisc\r\nBank name : , nunc. Maecenas at ligula. Sed por=\r\nttitor, dolor n\r\nBank address : porttitor, dolor nec porta elementum, =\r\nnisl purus\r\nBik : In\r\nBank kpp : idi\r\nBank inn : ntum. Duis =\r\negestas molestie a\r\nCorrespondent account : et od\r\nReceiver settle=\r\nment account : t mauris. Duis ultrices, to\r\nReceiver inn :=20\r\nRecei=\r\nver kpp : o, porta sit\r\nBeneficiary bank name :=20\r\nBeneficiary bank =\r\nswift code : sellus bibend\r\nBeneficiary bank address : nsectetur ante=\r\n. Sed auctor, ligula nec faucibus egestas,\r\nBeneficiary bank account =\r\n: nean feugiat dui id tortor. Maecenas e\r\nCorrespondent bank name : i=\r\naculis metus euismod faucibus\r\nCorrespondent bank swift code : isque =\r\net, sapien. Vestibu\r\nCorrespondent bank address : is nunc, venenatis i=\r\nd, suscipit ut, mattis eget, felis. Do\r\nCorrespondent bank account : =\r\n\r\nClient : 20', '2015-02-09 07:38:22'),
(74, 5, 'Default subject', 'Name account : et, accumsan pretium, consequat eu,\nRecipient : get enim ut diam tempu\nPurpose payment : s, tempor sed, dictum ut, auctor nec, pu\nBank name : amus eleifend gravida elit. Etiam dolor. Duis rutrum. Donec var\nBank address : Suspendisse nec massa. Morbi scelerisque porttitor est.\nBik : rd\nBank kpp : urpis non erat dapib\nBank inn : r nec risus. Vi\nCorrespondent account : gue nibh et justo. Pelle\nReceiver settlement account : sagittis. Praesent preti\nReceiver inn : \nReceiver kpp : \nBeneficiary bank name : \nBeneficiary bank swift code : orci. Pellentesque co\nBeneficiary bank address : s adipiscing consectetur. Nulla tempor ligula porttitor sapie\nBeneficiary bank account : porttitor. Cras eu neque\nCorrespondent bank name : \nCorrespondent bank swift code : \nCorrespondent bank address : , sapien metus dictum felis, a porta magna purus quis pede. Vest\nCorrespondent bank account : \nClient : 20\nBank details : 14', 'noreply@nomail.com', '', '', '', '', '', 'realtime', 'Swift_MailTransport', NULL, 'Message-ID: <1423449586.54d81df2612e6@diffco.local>\r\nDate: Mon, 09 Feb 2015 07:39:46 +0500\r\nSubject: Default subject\r\nFrom: noreply@nomail.com\r\nMIME-Version: 1.0\r\nContent-Type: text/plain; charset=utf-8\r\nContent-Transfer-Encoding: quoted-printable\r\n\r\nName account : et, accumsan pretium, consequat eu,\r\nRecipient : get e=\r\nnim ut diam tempu\r\nPurpose payment : s, tempor sed, dictum ut, auctor=\r\n nec, pu\r\nBank name : amus eleifend gravida elit. Etiam dolor. Duis r=\r\nutrum. Donec var\r\nBank address : Suspendisse nec massa. Morbi sceleri=\r\nsque porttitor est.\r\nBik : rd\r\nBank kpp : urpis non erat dap=\r\nib\r\nBank inn : r nec risus. Vi\r\nCorrespondent account : gue nibh e=\r\nt justo. Pelle\r\nReceiver settlement account : sagittis. Praesent pret=\r\ni\r\nReceiver inn :=20\r\nReceiver kpp :=20\r\nBeneficiary bank name =\r\n:=20\r\nBeneficiary bank swift code : orci. Pellentesque co\r\nBeneficia=\r\nry bank address : s adipiscing consectetur. Nulla tempor ligula porttito=\r\nr sapie\r\nBeneficiary bank account : porttitor. Cras eu neque\r\nCorre=\r\nspondent bank name :=20\r\nCorrespondent bank swift code :=20\r\nCorrespon=\r\ndent bank address : , sapien metus dictum felis, a porta magna purus qui=\r\ns pede. Vest\r\nCorrespondent bank account :=20\r\nClient : 20\r\nBank =\r\ndetails : 14', '2015-02-09 07:39:46');
INSERT INTO `dm_sent_mail` (`id`, `dm_mail_template_id`, `subject`, `body`, `from_email`, `to_email`, `cc_email`, `bcc_email`, `reply_to_email`, `sender_email`, `strategy`, `transport`, `culture`, `debug_string`, `created_at`) VALUES
(75, 6, 'Default subject', 'Surname : Иванов\nName : Иван\nPatronymic : Иванович\nBirth date : 1993-01-01\nBirth place : ubia nostra, per inceptos himenaeos. Etiam a\nPost address : din. Vestibulum ante ipsum primis in faucibus orci luctus et ul\nPassport series : on ligula. Quisque odio. Nullam nisi nu\nPassport number : ictum consequat, massa. Cras at ante ac sapien vive\nRegistration : lor. Sed id nisl ac erat adipi\nPassport date : 2013-08-08\nInn : na.\nPlace of issue : sddfgsdfg\nClient : 20', 'noreply@nomail.com', '', '', '', '', '', 'realtime', 'Swift_MailTransport', NULL, 'Message-ID: <1423449603.54d81e03f101a@diffco.local>\r\nDate: Mon, 09 Feb 2015 07:40:03 +0500\r\nSubject: Default subject\r\nFrom: noreply@nomail.com\r\nMIME-Version: 1.0\r\nContent-Type: text/plain; charset=utf-8\r\nContent-Transfer-Encoding: quoted-printable\r\n\r\nSurname : =D0=98=D0=B2=D0=B0=D0=BD=D0=BE=D0=B2\r\nName : =\r\n=D0=98=D0=B2=D0=B0=D0=BD\r\nPatronymic : =D0=98=D0=B2=\r\n=D0=B0=D0=BD=D0=BE=D0=B2=D0=B8=D1=87\r\nBirth date : 1993-01-01\r\nB=\r\nirth place : ubia nostra, per inceptos himenaeos. Etiam a\r\nPost addre=\r\nss : din. Vestibulum ante ipsum primis in faucibus orci luctus et ul=\r\n\r\nPassport series : on ligula. Quisque odio. Nullam nisi nu\r\nPassp=\r\nort number : ictum consequat, massa. Cras at ante ac sapien vive\r\nReg=\r\nistration : lor. Sed id nisl ac erat adipi\r\nPassport date : 2013-08-0=\r\n8\r\nInn : na.\r\nPlace of issue : sddfgsdfg\r\nClient : 20', '2015-02-09 07:40:04'),
(76, 5, 'Default subject', 'Name account : ; Vivamus tincidunt ligula sit am\nRecipient : nisl s\nPurpose payment : is nec, lacinia in, elementum non, nisl. Proin ultrices interdum risus. Dui\nBank name : a vestibulum. Mauris volutpat ipsum sit amet qua\nBank address : gittis justo nec nulla\nBik : s. Cur\nBank kpp : rbi in lorem non purus elemen\nBank inn : \nCorrespondent account : dit faucibu\nReceiver settlement account : ies nec, imperdiet ac, j\nReceiver inn : is nunc, venenatis id,\nReceiver kpp : dignissim metus felis at justo\nBeneficiary bank name : cus. Morbi\nBeneficiary bank swift code : est. In\nBeneficiary bank address : stibulum nibh justo, euismod a\nBeneficiary bank account : s pellentesque laoreet eros. Aliquam non augue\nCorrespondent bank name : smod a, eleifend ac, viverra\nCorrespondent bank swift code : acilisi\nCorrespondent bank address : bi fringilla commodo ipsum. Suspen\nCorrespondent bank account : \nClient : 20\nBank details : 13', 'noreply@nomail.com', '', '', '', '', '', 'realtime', 'Swift_MailTransport', NULL, 'Message-ID: <1423450213.54d8206587c2e@diffco.local>\r\nDate: Mon, 09 Feb 2015 07:50:13 +0500\r\nSubject: Default subject\r\nFrom: noreply@nomail.com\r\nMIME-Version: 1.0\r\nContent-Type: text/plain; charset=utf-8\r\nContent-Transfer-Encoding: quoted-printable\r\n\r\nName account : ; Vivamus tincidunt ligula sit am\r\nRecipient : nis=\r\nl s\r\nPurpose payment : is nec, lacinia in, elementum non, nisl. Proin =\r\nultrices interdum risus. Dui\r\nBank name : a vestibulum. Mauris volutp=\r\nat ipsum sit amet qua\r\nBank address : gittis justo nec nulla\r\nBik :=\r\n s. Cur\r\nBank kpp : rbi in lorem non purus elemen\r\nBank inn =\r\n:=20\r\nCorrespondent account : dit faucibu\r\nReceiver settlement accou=\r\nnt : ies nec, imperdiet ac, j\r\nReceiver inn : is nunc, venenatis =\r\nid,\r\nReceiver kpp : dignissim metus felis at justo\r\nBeneficiary ban=\r\nk name : cus. Morbi\r\nBeneficiary bank swift code : est. In\r\nBenefic=\r\niary bank address : stibulum nibh justo, euismod a\r\nBeneficiary bank =\r\naccount : s pellentesque laoreet eros. Aliquam non augue\r\nCorresponde=\r\nnt bank name : smod a, eleifend ac, viverra\r\nCorrespondent bank swift =\r\ncode : acilisi\r\nCorrespondent bank address : bi fringilla commodo ips=\r\num. Suspen\r\nCorrespondent bank account :=20\r\nClient : 20\r\nBank de=\r\ntails : 13', '2015-02-09 07:50:13'),
(77, 5, 'Default subject', 'Name account : ; Vivamus tincidunt ligula sit am\nRecipient : nisl s\nPurpose payment : is nec, lacinia in, elementum non, nisl. Proin ultrices interdum risus. Dui\nBank name : a vestibulum. Mauris volutpat ipsum sit amet qua\nBank address : gittis justo nec nulla\nBik : s. Cur\nBank kpp : rbi in lorem non purus elemen\nBank inn : \nCorrespondent account : dit faucibu\nReceiver settlement account : ies nec, imperdiet ac, j\nReceiver inn : is nunc, venenatis id,\nReceiver kpp : dignissim metus felis at justo\nBeneficiary bank name : cus. Morbi\nBeneficiary bank swift code : est. In\nBeneficiary bank address : stibulum nibh justo, euismod a\nBeneficiary bank account : s pellentesque laoreet eros. Aliquam non augue\nCorrespondent bank name : smod a, eleifend ac, viverra\nCorrespondent bank swift code : acilisi\nCorrespondent bank address : bi fringilla commodo ipsum. Suspen\nCorrespondent bank account : 123123123\nClient : 20\nBank details : 13', 'noreply@nomail.com', '', '', '', '', '', 'realtime', 'Swift_MailTransport', NULL, 'Message-ID: <1423450219.54d8206b023f8@diffco.local>\r\nDate: Mon, 09 Feb 2015 07:50:19 +0500\r\nSubject: Default subject\r\nFrom: noreply@nomail.com\r\nMIME-Version: 1.0\r\nContent-Type: text/plain; charset=utf-8\r\nContent-Transfer-Encoding: quoted-printable\r\n\r\nName account : ; Vivamus tincidunt ligula sit am\r\nRecipient : nis=\r\nl s\r\nPurpose payment : is nec, lacinia in, elementum non, nisl. Proin =\r\nultrices interdum risus. Dui\r\nBank name : a vestibulum. Mauris volutp=\r\nat ipsum sit amet qua\r\nBank address : gittis justo nec nulla\r\nBik :=\r\n s. Cur\r\nBank kpp : rbi in lorem non purus elemen\r\nBank inn =\r\n:=20\r\nCorrespondent account : dit faucibu\r\nReceiver settlement accou=\r\nnt : ies nec, imperdiet ac, j\r\nReceiver inn : is nunc, venenatis =\r\nid,\r\nReceiver kpp : dignissim metus felis at justo\r\nBeneficiary ban=\r\nk name : cus. Morbi\r\nBeneficiary bank swift code : est. In\r\nBenefic=\r\niary bank address : stibulum nibh justo, euismod a\r\nBeneficiary bank =\r\naccount : s pellentesque laoreet eros. Aliquam non augue\r\nCorresponde=\r\nnt bank name : smod a, eleifend ac, viverra\r\nCorrespondent bank swift =\r\ncode : acilisi\r\nCorrespondent bank address : bi fringilla commodo ips=\r\num. Suspen\r\nCorrespondent bank account : 123123123\r\nClient : 2=\r\n0\r\nBank details : 13', '2015-02-09 07:50:19'),
(78, 5, 'Default subject', 'Name account : ; Vivamus tincidunt ligula sit am\nRecipient : nisl s\nPurpose payment : is nec, lacinia in, elementum non, nisl. Proin ultrices interdum risus. Dui\nBank name : a vestibulum. Mauris volutpat ipsum sit amet qua\nBank address : gittis justo nec nulla\nBik : s. Cur\nBank kpp : \nBank inn : \nCorrespondent account : dit faucibu\nReceiver settlement account : ies nec, imperdiet ac, j\nReceiver inn : is nunc, venenatis id,\nReceiver kpp : dignissim metus felis at justo\nBeneficiary bank name : cus. Morbi\nBeneficiary bank swift code : est. In\nBeneficiary bank address : stibulum nibh justo, euismod a\nBeneficiary bank account : s pellentesque laoreet eros. Aliquam non augue\nCorrespondent bank name : smod a, eleifend ac, viverra\nCorrespondent bank swift code : acilisi\nCorrespondent bank address : bi fringilla commodo ipsum. Suspen\nCorrespondent bank account : 123123123\nClient : 20\nBank details : 13', 'noreply@nomail.com', '', '', '', '', '', 'realtime', 'Swift_MailTransport', NULL, 'Message-ID: <1423450248.54d8208890f25@diffco.local>\r\nDate: Mon, 09 Feb 2015 07:50:48 +0500\r\nSubject: Default subject\r\nFrom: noreply@nomail.com\r\nMIME-Version: 1.0\r\nContent-Type: text/plain; charset=utf-8\r\nContent-Transfer-Encoding: quoted-printable\r\n\r\nName account : ; Vivamus tincidunt ligula sit am\r\nRecipient : nis=\r\nl s\r\nPurpose payment : is nec, lacinia in, elementum non, nisl. Proin =\r\nultrices interdum risus. Dui\r\nBank name : a vestibulum. Mauris volutp=\r\nat ipsum sit amet qua\r\nBank address : gittis justo nec nulla\r\nBik :=\r\n s. Cur\r\nBank kpp :=20\r\nBank inn :=20\r\nCorrespondent account : d=\r\nit faucibu\r\nReceiver settlement account : ies nec, imperdiet ac, =\r\nj\r\nReceiver inn : is nunc, venenatis id,\r\nReceiver kpp : dignissim =\r\nmetus felis at justo\r\nBeneficiary bank name : cus. Morbi\r\nBeneficia=\r\nry bank swift code : est. In\r\nBeneficiary bank address : stibulum nib=\r\nh justo, euismod a\r\nBeneficiary bank account : s pellentesque laoreet=\r\n eros. Aliquam non augue\r\nCorrespondent bank name : smod a, eleifend =\r\nac, viverra\r\nCorrespondent bank swift code : acilisi\r\nCorrespondent=\r\n bank address : bi fringilla commodo ipsum. Suspen\r\nCorrespondent ban=\r\nk account : 123123123\r\nClient : 20\r\nBank details : 13', '2015-02-09 07:50:48'),
(79, 5, 'Default subject', 'Name account : ongue massa.\nRecipient : dui. M\nPurpose payment : Pellentesque adipisc\nBank name : , nunc. Maecenas at ligula. Sed porttitor, dolor n\nBank address : porttitor, dolor nec porta elementum, nisl purus\nBik : In\nBank kpp : idi\nBank inn : ntum. Duis egestas molestie a\nCorrespondent account : et od\nReceiver settlement account : t mauris. Duis ultrices, to\nReceiver inn : \nReceiver kpp : o, porta sit\nBeneficiary bank name : \nBeneficiary bank swift code : \nBeneficiary bank address : nsectetur ante. Sed auctor, ligula nec faucibus egestas,\nBeneficiary bank account : nean feugiat dui id tortor. Maecenas e\nCorrespondent bank name : iaculis metus euismod faucibus\nCorrespondent bank swift code : isque et, sapien. Vestibu\nCorrespondent bank address : is nunc, venenatis id, suscipit ut, mattis eget, felis. Do\nCorrespondent bank account : \nClient : 20\nBank details : 11', 'noreply@nomail.com', '', '', '', '', '', 'realtime', 'Swift_MailTransport', NULL, 'Message-ID: <1423450981.54d823658cb51@diffco.local>\r\nDate: Mon, 09 Feb 2015 08:03:01 +0500\r\nSubject: Default subject\r\nFrom: noreply@nomail.com\r\nMIME-Version: 1.0\r\nContent-Type: text/plain; charset=utf-8\r\nContent-Transfer-Encoding: quoted-printable\r\n\r\nName account : ongue massa.\r\nRecipient : dui. M\r\nPurpose payment : =\r\nPellentesque adipisc\r\nBank name : , nunc. Maecenas at ligula. Sed por=\r\nttitor, dolor n\r\nBank address : porttitor, dolor nec porta elementum, =\r\nnisl purus\r\nBik : In\r\nBank kpp : idi\r\nBank inn : ntum. Duis =\r\negestas molestie a\r\nCorrespondent account : et od\r\nReceiver settle=\r\nment account : t mauris. Duis ultrices, to\r\nReceiver inn :=20\r\nRecei=\r\nver kpp : o, porta sit\r\nBeneficiary bank name :=20\r\nBeneficiary bank =\r\nswift code :=20\r\nBeneficiary bank address : nsectetur ante. Sed auctor,=\r\n ligula nec faucibus egestas,\r\nBeneficiary bank account : nean feugia=\r\nt dui id tortor. Maecenas e\r\nCorrespondent bank name : iaculis metus e=\r\nuismod faucibus\r\nCorrespondent bank swift code : isque et, sapien. Ves=\r\ntibu\r\nCorrespondent bank address : is nunc, venenatis id, suscipit ut=\r\n, mattis eget, felis. Do\r\nCorrespondent bank account :=20\r\nClient : =\r\n20\r\nBank details : 11', '2015-02-09 08:03:01'),
(80, 5, 'Default subject', 'Name account : ongue massa.\nRecipient : dui. M\nPurpose payment : Pellentesque adipisc\nBank name : , nunc. Maecenas at ligula. Sed porttitor, dolor n\nBank address : porttitor, dolor nec porta elementum, nisl purus\nBik : In\nBank kpp : idi\nBank inn : ntum. Duis egestas molestie a\nCorrespondent account : et od\nReceiver settlement account : t mauris. Duis ultrices, to\nReceiver inn : \nReceiver kpp : o, porta sit\nBeneficiary bank name : \nBeneficiary bank swift code : \nBeneficiary bank address : nsectetur ante. Sed auctor, ligula nec faucibus egestas,\nBeneficiary bank account : nean feugiat dui id tortor. Maecenas e\nCorrespondent bank name : iaculis metus euismod faucibus\nCorrespondent bank swift code : isque et, sapien. Vestibu\nCorrespondent bank address : is nunc, venenatis id, suscipit ut, mattis eget, felis. Do\nCorrespondent bank account : 123123123\nClient : 20\nBank details : 11', 'noreply@nomail.com', '', '', '', '', '', 'realtime', 'Swift_MailTransport', NULL, 'Message-ID: <1423450986.54d8236a62b44@diffco.local>\r\nDate: Mon, 09 Feb 2015 08:03:06 +0500\r\nSubject: Default subject\r\nFrom: noreply@nomail.com\r\nMIME-Version: 1.0\r\nContent-Type: text/plain; charset=utf-8\r\nContent-Transfer-Encoding: quoted-printable\r\n\r\nName account : ongue massa.\r\nRecipient : dui. M\r\nPurpose payment : =\r\nPellentesque adipisc\r\nBank name : , nunc. Maecenas at ligula. Sed por=\r\nttitor, dolor n\r\nBank address : porttitor, dolor nec porta elementum, =\r\nnisl purus\r\nBik : In\r\nBank kpp : idi\r\nBank inn : ntum. Duis =\r\negestas molestie a\r\nCorrespondent account : et od\r\nReceiver settle=\r\nment account : t mauris. Duis ultrices, to\r\nReceiver inn :=20\r\nRecei=\r\nver kpp : o, porta sit\r\nBeneficiary bank name :=20\r\nBeneficiary bank =\r\nswift code :=20\r\nBeneficiary bank address : nsectetur ante. Sed auctor,=\r\n ligula nec faucibus egestas,\r\nBeneficiary bank account : nean feugia=\r\nt dui id tortor. Maecenas e\r\nCorrespondent bank name : iaculis metus e=\r\nuismod faucibus\r\nCorrespondent bank swift code : isque et, sapien. Ves=\r\ntibu\r\nCorrespondent bank address : is nunc, venenatis id, suscipit ut=\r\n, mattis eget, felis. Do\r\nCorrespondent bank account : 123123123\r\nC=\r\nlient : 20\r\nBank details : 11', '2015-02-09 08:03:06'),
(81, 5, 'Default subject', 'Name account : ongue massa.\nRecipient : dui. M\nPurpose payment : Pellentesque adipisc\nBank name : , nunc. Maecenas at ligula. Sed porttitor, dolor n\nBank address : porttitor, dolor nec porta elementum, nisl purus\nBik : In\nBank kpp : idi\nBank inn : ntum. Duis egestas molestie a\nCorrespondent account : et od\nReceiver settlement account : t mauris. Duis ultrices, to\nReceiver inn : \nReceiver kpp : o, porta sit\nBeneficiary bank name : \nBeneficiary bank swift code : \nBeneficiary bank address : nsectetur ante. Sed auctor, ligula nec faucibus egestas,\nBeneficiary bank account : nean feugiat dui id tortor. Maecenas e\nCorrespondent bank name : iaculis metus euismod faucibus\nCorrespondent bank swift code : \nCorrespondent bank address : is nunc, venenatis id, suscipit ut, mattis eget, felis. Do\nCorrespondent bank account : 123123123\nClient : 20\nBank details : 11', 'noreply@nomail.com', '', '', '', '', '', 'realtime', 'Swift_MailTransport', NULL, 'Message-ID: <1423451003.54d8237b8c53e@diffco.local>\r\nDate: Mon, 09 Feb 2015 08:03:23 +0500\r\nSubject: Default subject\r\nFrom: noreply@nomail.com\r\nMIME-Version: 1.0\r\nContent-Type: text/plain; charset=utf-8\r\nContent-Transfer-Encoding: quoted-printable\r\n\r\nName account : ongue massa.\r\nRecipient : dui. M\r\nPurpose payment : =\r\nPellentesque adipisc\r\nBank name : , nunc. Maecenas at ligula. Sed por=\r\nttitor, dolor n\r\nBank address : porttitor, dolor nec porta elementum, =\r\nnisl purus\r\nBik : In\r\nBank kpp : idi\r\nBank inn : ntum. Duis =\r\negestas molestie a\r\nCorrespondent account : et od\r\nReceiver settle=\r\nment account : t mauris. Duis ultrices, to\r\nReceiver inn :=20\r\nRecei=\r\nver kpp : o, porta sit\r\nBeneficiary bank name :=20\r\nBeneficiary bank =\r\nswift code :=20\r\nBeneficiary bank address : nsectetur ante. Sed auctor,=\r\n ligula nec faucibus egestas,\r\nBeneficiary bank account : nean feugia=\r\nt dui id tortor. Maecenas e\r\nCorrespondent bank name : iaculis metus e=\r\nuismod faucibus\r\nCorrespondent bank swift code :=20\r\nCorrespondent=\r\n bank address : is nunc, venenatis id, suscipit ut, mattis eget, felis. =\r\nDo\r\nCorrespondent bank account : 123123123\r\nClient : 20\r\nBank d=\r\netails : 11', '2015-02-09 08:03:23'),
(82, 6, 'Default subject', 'Surname : Иванов\nName : Иван\nPatronymic : Иванович\nBirth date : 1993-01-01\nBirth place : ubia nostra, per inceptos himenaeos. Etiam a\nPost address : din. Vestibulum ante ipsum primis in faucibus orci luctus et ul\nPassport series : on ligula. Quisque odio. Nullam nisi nu\nPassport number : ictum consequat, massa. Cras at ante ac sapien vive\nRegistration : lor. Sed id nisl ac erat adipi\nPassport date : 2013-08-08\nInn : na.\nPlace of issue : sddfgsdfg\nClient : 20', 'noreply@nomail.com', '', '', '', '', '', 'realtime', 'Swift_MailTransport', NULL, 'Message-ID: <1423451019.54d8238b55ffe@diffco.local>\r\nDate: Mon, 09 Feb 2015 08:03:39 +0500\r\nSubject: Default subject\r\nFrom: noreply@nomail.com\r\nMIME-Version: 1.0\r\nContent-Type: text/plain; charset=utf-8\r\nContent-Transfer-Encoding: quoted-printable\r\n\r\nSurname : =D0=98=D0=B2=D0=B0=D0=BD=D0=BE=D0=B2\r\nName : =\r\n=D0=98=D0=B2=D0=B0=D0=BD\r\nPatronymic : =D0=98=D0=B2=\r\n=D0=B0=D0=BD=D0=BE=D0=B2=D0=B8=D1=87\r\nBirth date : 1993-01-01\r\nB=\r\nirth place : ubia nostra, per inceptos himenaeos. Etiam a\r\nPost addre=\r\nss : din. Vestibulum ante ipsum primis in faucibus orci luctus et ul=\r\n\r\nPassport series : on ligula. Quisque odio. Nullam nisi nu\r\nPassp=\r\nort number : ictum consequat, massa. Cras at ante ac sapien vive\r\nReg=\r\nistration : lor. Sed id nisl ac erat adipi\r\nPassport date : 2013-08-0=\r\n8\r\nInn : na.\r\nPlace of issue : sddfgsdfg\r\nClient : 20', '2015-02-09 08:03:39'),
(83, 5, 'Default subject', 'Name account : ongue massa.\nRecipient : dui. M\nPurpose payment : Pellentesque adipisc\nBank name : , nunc. Maecenas at ligula. Sed porttitor, dolor n\nBank address : \nBik : In\nBank kpp : idi\nBank inn : ntum. Duis egestas molestie a\nCorrespondent account : et od\nReceiver settlement account : t mauris. Duis ultrices, to\nReceiver inn : \nReceiver kpp : o, porta sit\nBeneficiary bank name : \nBeneficiary bank swift code : \nBeneficiary bank address : nsectetur ante. Sed auctor, ligula nec faucibus egestas,\nBeneficiary bank account : nean feugiat dui id tortor. Maecenas e\nCorrespondent bank name : iaculis metus euismod faucibus\nCorrespondent bank swift code : \nCorrespondent bank address : is nunc, venenatis id, suscipit ut, mattis eget, felis. Do\nCorrespondent bank account : 123123123\nClient : 20\nBank details : 11', 'noreply@nomail.com', '', '', '', '', '', 'realtime', 'Swift_MailTransport', NULL, 'Message-ID: <1423451073.54d823c14cfda@diffco.local>\r\nDate: Mon, 09 Feb 2015 08:04:33 +0500\r\nSubject: Default subject\r\nFrom: noreply@nomail.com\r\nMIME-Version: 1.0\r\nContent-Type: text/plain; charset=utf-8\r\nContent-Transfer-Encoding: quoted-printable\r\n\r\nName account : ongue massa.\r\nRecipient : dui. M\r\nPurpose payment : =\r\nPellentesque adipisc\r\nBank name : , nunc. Maecenas at ligula. Sed por=\r\nttitor, dolor n\r\nBank address :=20\r\nBik : In\r\nBank kpp : id=\r\ni\r\nBank inn : ntum. Duis egestas molestie a\r\nCorrespondent account=\r\n : et od\r\nReceiver settlement account : t mauris. Duis ultrices, =\r\nto\r\nReceiver inn :=20\r\nReceiver kpp : o, porta sit\r\nBeneficiary b=\r\nank name :=20\r\nBeneficiary bank swift code :=20\r\nBeneficiary bank addre=\r\nss : nsectetur ante. Sed auctor, ligula nec faucibus egestas,\r\nBenefi=\r\nciary bank account : nean feugiat dui id tortor. Maecenas e\r\nCorrespon=\r\ndent bank name : iaculis metus euismod faucibus\r\nCorrespondent bank sw=\r\nift code :=20\r\nCorrespondent bank address : is nunc, venenatis id, susci=\r\npit ut, mattis eget, felis. Do\r\nCorrespondent bank account : 12312312=\r\n3\r\nClient : 20\r\nBank details : 11', '2015-02-09 08:04:33'),
(84, 5, 'Default subject', 'Name account : ongue massa.\nRecipient : dui. M\nPurpose payment : Pellentesque adipisc\nBank name : , nunc. Maecenas at ligula. Sed porttitor, dolor n\nBank address : \nBik : In\nBank kpp : idi\nBank inn : ntum. Duis egestas molestie a\nCorrespondent account : et od\nReceiver settlement account : t mauris. Duis ultrices, to\nReceiver inn : \nReceiver kpp : o, porta sit\nBeneficiary bank name : \nBeneficiary bank swift code : \nBeneficiary bank address : nsectetur ante. Sed auctor, ligula nec faucibus egestas,\nBeneficiary bank account : nean feugiat dui id tortor. Maecenas e\nCorrespondent bank name : iaculis metus euismod faucibus\nCorrespondent bank swift code : \nCorrespondent bank address : is nunc, venenatis id, suscipit ut, mattis eget, felis. Do\nCorrespondent bank account : 123123123\nClient : 20\nBank details : 11', 'noreply@nomail.com', '', '', '', '', '', 'realtime', 'Swift_MailTransport', NULL, 'Message-ID: <1423451085.54d823cd1da71@diffco.local>\r\nDate: Mon, 09 Feb 2015 08:04:45 +0500\r\nSubject: Default subject\r\nFrom: noreply@nomail.com\r\nMIME-Version: 1.0\r\nContent-Type: text/plain; charset=utf-8\r\nContent-Transfer-Encoding: quoted-printable\r\n\r\nName account : ongue massa.\r\nRecipient : dui. M\r\nPurpose payment : =\r\nPellentesque adipisc\r\nBank name : , nunc. Maecenas at ligula. Sed por=\r\nttitor, dolor n\r\nBank address :=20\r\nBik : In\r\nBank kpp : id=\r\ni\r\nBank inn : ntum. Duis egestas molestie a\r\nCorrespondent account=\r\n : et od\r\nReceiver settlement account : t mauris. Duis ultrices, =\r\nto\r\nReceiver inn :=20\r\nReceiver kpp : o, porta sit\r\nBeneficiary b=\r\nank name :=20\r\nBeneficiary bank swift code :=20\r\nBeneficiary bank addre=\r\nss : nsectetur ante. Sed auctor, ligula nec faucibus egestas,\r\nBenefi=\r\nciary bank account : nean feugiat dui id tortor. Maecenas e\r\nCorrespon=\r\ndent bank name : iaculis metus euismod faucibus\r\nCorrespondent bank sw=\r\nift code :=20\r\nCorrespondent bank address : is nunc, venenatis id, susci=\r\npit ut, mattis eget, felis. Do\r\nCorrespondent bank account : 12312312=\r\n3\r\nClient : 20\r\nBank details : 11', '2015-02-09 08:04:45'),
(85, 5, 'Default subject', 'Name account : ongue massa.\nRecipient : dui. M\nPurpose payment : Pellentesque adipisc\nBank name : , nunc. Maecenas at ligula. Sed porttitor, dolor n\nBank address : еуые\nBik : In\nBank kpp : idi\nBank inn : ntum. Duis egestas molestie a\nCorrespondent account : et od\nReceiver settlement account : t mauris. Duis ultrices, to\nReceiver inn : уыеуе\nReceiver kpp : o, porta sit\nBeneficiary bank name : \nBeneficiary bank swift code : \nBeneficiary bank address : nsectetur ante. Sed auctor, ligula nec faucibus egestas,\nBeneficiary bank account : nean feugiat dui id tortor. Maecenas e\nCorrespondent bank name : iaculis metus euismod faucibus\nCorrespondent bank swift code : \nCorrespondent bank address : is nunc, venenatis id, suscipit ut, mattis eget, felis. Do\nCorrespondent bank account : 123123123\nClient : 20\nBank details : 11', 'noreply@nomail.com', '', '', '', '', '', 'realtime', 'Swift_MailTransport', NULL, 'Message-ID: <1423451093.54d823d5d4bdc@diffco.local>\r\nDate: Mon, 09 Feb 2015 08:04:53 +0500\r\nSubject: Default subject\r\nFrom: noreply@nomail.com\r\nMIME-Version: 1.0\r\nContent-Type: text/plain; charset=utf-8\r\nContent-Transfer-Encoding: quoted-printable\r\n\r\nName account : ongue massa.\r\nRecipient : dui. M\r\nPurpose payment : =\r\nPellentesque adipisc\r\nBank name : , nunc. Maecenas at ligula. Sed por=\r\nttitor, dolor n\r\nBank address : =D0=B5=D1=83=D1=8B=D0=B5\r\nBik :=\r\n In\r\nBank kpp : idi\r\nBank inn : ntum. Duis egestas molestie=\r\n a\r\nCorrespondent account : et od\r\nReceiver settlement account : t=\r\n mauris. Duis ultrices, to\r\nReceiver inn : =D1=83=D1=8B=\r\n=D0=B5=D1=83=D0=B5\r\nReceiver kpp : o, porta sit\r\nBeneficiary bank =\r\nname :=20\r\nBeneficiary bank swift code :=20\r\nBeneficiary bank address :=\r\n nsectetur ante. Sed auctor, ligula nec faucibus egestas,\r\nBeneficiar=\r\ny bank account : nean feugiat dui id tortor. Maecenas e\r\nCorrespondent=\r\n bank name : iaculis metus euismod faucibus\r\nCorrespondent bank swift =\r\ncode :=20\r\nCorrespondent bank address : is nunc, venenatis id, suscipit =\r\nut, mattis eget, felis. Do\r\nCorrespondent bank account : 12312312=\r\n3\r\nClient : 20\r\nBank details : 11', '2015-02-09 08:04:53'),
(86, 6, 'Default subject', 'Surname : Иванов\nName : Иван\nPatronymic : Иванович\nBirth date : 1993-01-01\nBirth place : ubia nostra, per inceptos himenaeos. Etiam a\nPost address : din. Vestibulum ante ipsum primis in faucibus orci luctus et ul\nPassport series : on ligula. Quisque odio. Nullam nisi nu\nPassport number : ictum consequat, massa. Cras at ante ac sapien vive\nRegistration : lor. Sed id nisl ac erat adipi\nPassport date : 2013-08-08\nInn : na.\nPlace of issue : sddfgsdfg\nClient : 20', 'noreply@nomail.com', '', '', '', '', '', 'realtime', 'Swift_MailTransport', NULL, 'Message-ID: <1423458130.54d83f52b5ece@diffco.local>\r\nDate: Mon, 09 Feb 2015 10:02:10 +0500\r\nSubject: Default subject\r\nFrom: noreply@nomail.com\r\nMIME-Version: 1.0\r\nContent-Type: text/plain; charset=utf-8\r\nContent-Transfer-Encoding: quoted-printable\r\n\r\nSurname : =D0=98=D0=B2=D0=B0=D0=BD=D0=BE=D0=B2\r\nName : =\r\n=D0=98=D0=B2=D0=B0=D0=BD\r\nPatronymic : =D0=98=D0=B2=\r\n=D0=B0=D0=BD=D0=BE=D0=B2=D0=B8=D1=87\r\nBirth date : 1993-01-01\r\nB=\r\nirth place : ubia nostra, per inceptos himenaeos. Etiam a\r\nPost addre=\r\nss : din. Vestibulum ante ipsum primis in faucibus orci luctus et ul=\r\n\r\nPassport series : on ligula. Quisque odio. Nullam nisi nu\r\nPassp=\r\nort number : ictum consequat, massa. Cras at ante ac sapien vive\r\nReg=\r\nistration : lor. Sed id nisl ac erat adipi\r\nPassport date : 2013-08-0=\r\n8\r\nInn : na.\r\nPlace of issue : sddfgsdfg\r\nClient : 20', '2015-02-09 10:02:10'),
(87, 6, 'Default subject', 'Surname : Иванов\nName : Иван\nPatronymic : Иванович\nBirth date : 1993-01-01\nBirth place : ubia nostra, per inceptos himenaeos. Etiam a\nPost address : din. Vestibulum ante ipsum primis in faucibus orci luctus et ul\nPassport series : on ligula. Quisque odio. Nullam nisi nu\nPassport number : ictum consequat, massa. Cras at ante ac sapien vive\nRegistration : lor. Sed id nisl ac erat adipi\nPassport date : 2013-08-08\nInn : na.\nPlace of issue : sddfgsdfg\nClient : 20', 'noreply@nomail.com', '', '', '', '', '', 'realtime', 'Swift_MailTransport', NULL, 'Message-ID: <1423458271.54d83fdf7929b@diffco.local>\r\nDate: Mon, 09 Feb 2015 10:04:31 +0500\r\nSubject: Default subject\r\nFrom: noreply@nomail.com\r\nMIME-Version: 1.0\r\nContent-Type: text/plain; charset=utf-8\r\nContent-Transfer-Encoding: quoted-printable\r\n\r\nSurname : =D0=98=D0=B2=D0=B0=D0=BD=D0=BE=D0=B2\r\nName : =\r\n=D0=98=D0=B2=D0=B0=D0=BD\r\nPatronymic : =D0=98=D0=B2=\r\n=D0=B0=D0=BD=D0=BE=D0=B2=D0=B8=D1=87\r\nBirth date : 1993-01-01\r\nB=\r\nirth place : ubia nostra, per inceptos himenaeos. Etiam a\r\nPost addre=\r\nss : din. Vestibulum ante ipsum primis in faucibus orci luctus et ul=\r\n\r\nPassport series : on ligula. Quisque odio. Nullam nisi nu\r\nPassp=\r\nort number : ictum consequat, massa. Cras at ante ac sapien vive\r\nReg=\r\nistration : lor. Sed id nisl ac erat adipi\r\nPassport date : 2013-08-0=\r\n8\r\nInn : na.\r\nPlace of issue : sddfgsdfg\r\nClient : 20', '2015-02-09 10:04:31'),
(88, 6, 'Default subject', 'Surname : Иванов\nName : Иван\nPatronymic : Иванович\nBirth date : 1993-01-01\nBirth place : ubia nostra, per inceptos himenaeos. Etiam a\nPost address : din. Vestibulum ante ipsum primis in faucibus orci luctus et ul\nPassport series : on ligula. Quisque odio. Nullam nisi nu\nPassport number : ictum consequat, massa. Cras at ante ac sapien vive\nRegistration : lor. Sed id nisl ac erat adipi\nPassport date : 2013-08-08\nInn : na.\nPlace of issue : sddfgsdfg\nClient : 20', 'noreply@nomail.com', '', '', '', '', '', 'realtime', 'Swift_MailTransport', NULL, 'Message-ID: <1423458363.54d8403ba68fd@diffco.local>\r\nDate: Mon, 09 Feb 2015 10:06:03 +0500\r\nSubject: Default subject\r\nFrom: noreply@nomail.com\r\nMIME-Version: 1.0\r\nContent-Type: text/plain; charset=utf-8\r\nContent-Transfer-Encoding: quoted-printable\r\n\r\nSurname : =D0=98=D0=B2=D0=B0=D0=BD=D0=BE=D0=B2\r\nName : =\r\n=D0=98=D0=B2=D0=B0=D0=BD\r\nPatronymic : =D0=98=D0=B2=\r\n=D0=B0=D0=BD=D0=BE=D0=B2=D0=B8=D1=87\r\nBirth date : 1993-01-01\r\nB=\r\nirth place : ubia nostra, per inceptos himenaeos. Etiam a\r\nPost addre=\r\nss : din. Vestibulum ante ipsum primis in faucibus orci luctus et ul=\r\n\r\nPassport series : on ligula. Quisque odio. Nullam nisi nu\r\nPassp=\r\nort number : ictum consequat, massa. Cras at ante ac sapien vive\r\nReg=\r\nistration : lor. Sed id nisl ac erat adipi\r\nPassport date : 2013-08-0=\r\n8\r\nInn : na.\r\nPlace of issue : sddfgsdfg\r\nClient : 20', '2015-02-09 10:06:03'),
(89, 5, 'Default subject', 'Name account : ongue massa.\nRecipient : dui. M\nPurpose payment : Pellentesque adipisc\nBank name : , nunc. Maecenas at ligula. Sed porttitor, dolor n\nBank address : porttitor, dolor nec porta elementum, nisl purus\nBik : In\nBank kpp : idi\nBank inn : ntum. Duis egestas molestie a\nCorrespondent account : et od\nReceiver settlement account : t mauris. Duis ultrices, to\nReceiver inn : 123123\nReceiver kpp : o, porta sit\nBeneficiary bank name : \nBeneficiary bank swift code : sellus bibend\nBeneficiary bank address : nsectetur ante. Sed auctor, ligula nec faucibus egestas,\nBeneficiary bank account : nean feugiat dui id tortor. Maecenas e\nCorrespondent bank name : iaculis metus euismod faucibus\nCorrespondent bank swift code : isque et, sapien. Vestibu\nCorrespondent bank address : is nunc, venenatis id, suscipit ut, mattis eget, felis. Do\nCorrespondent bank account : \nClient : 20\nBank details : 11', 'noreply@nomail.com', '', '', '', '', '', 'realtime', 'Swift_MailTransport', NULL, 'Message-ID: <1423458475.54d840ab1f02e@diffco.local>\r\nDate: Mon, 09 Feb 2015 10:07:55 +0500\r\nSubject: Default subject\r\nFrom: noreply@nomail.com\r\nMIME-Version: 1.0\r\nContent-Type: text/plain; charset=utf-8\r\nContent-Transfer-Encoding: quoted-printable\r\n\r\nName account : ongue massa.\r\nRecipient : dui. M\r\nPurpose payment : =\r\nPellentesque adipisc\r\nBank name : , nunc. Maecenas at ligula. Sed por=\r\nttitor, dolor n\r\nBank address : porttitor, dolor nec porta elementum, =\r\nnisl purus\r\nBik : In\r\nBank kpp : idi\r\nBank inn : ntum. Duis =\r\negestas molestie a\r\nCorrespondent account : et od\r\nReceiver settle=\r\nment account : t mauris. Duis ultrices, to\r\nReceiver inn : 123123=\r\n\r\nReceiver kpp : o, porta sit\r\nBeneficiary bank name :=20\r\nBenefi=\r\nciary bank swift code : sellus bibend\r\nBeneficiary bank address : nse=\r\nctetur ante. Sed auctor, ligula nec faucibus egestas,\r\nBeneficiary ba=\r\nnk account : nean feugiat dui id tortor. Maecenas e\r\nCorrespondent ban=\r\nk name : iaculis metus euismod faucibus\r\nCorrespondent bank swift code=\r\n : isque et, sapien. Vestibu\r\nCorrespondent bank address : is nunc, v=\r\nenenatis id, suscipit ut, mattis eget, felis. Do\r\nCorrespondent bank =\r\naccount :=20\r\nClient : 20\r\nBank details : 11', '2015-02-09 10:07:55'),
(90, 5, 'Default subject', 'Name account : ongue massa.\nRecipient : dui. M\nPurpose payment : Pellentesque adipisc\nBank name : , nunc. Maecenas at ligula. Sed porttitor, dolor n\nBank address : porttitor, dolor nec porta elementum, nisl purus\nBik : In\nBank kpp : idi\nBank inn : ntum. Duis egestas molestie a\nCorrespondent account : et od\nReceiver settlement account : t mauris. Duis ultrices, to\nReceiver inn : 123123\nReceiver kpp : o, porta sit\nBeneficiary bank name : 123123\nBeneficiary bank swift code : sellus bibend\nBeneficiary bank address : nsectetur ante. Sed auctor, ligula nec faucibus egestas,\nBeneficiary bank account : nean feugiat dui id tortor. Maecenas e\nCorrespondent bank name : iaculis metus euismod faucibus\nCorrespondent bank swift code : isque et, sapien. Vestibu\nCorrespondent bank address : is nunc, venenatis id, suscipit ut, mattis eget, felis. Do\nCorrespondent bank account : qweqwe\nClient : 20\nBank details : 11', 'noreply@nomail.com', '', '', '', '', '', 'realtime', 'Swift_MailTransport', NULL, 'Message-ID: <1423458495.54d840bf57639@diffco.local>\r\nDate: Mon, 09 Feb 2015 10:08:15 +0500\r\nSubject: Default subject\r\nFrom: noreply@nomail.com\r\nMIME-Version: 1.0\r\nContent-Type: text/plain; charset=utf-8\r\nContent-Transfer-Encoding: quoted-printable\r\n\r\nName account : ongue massa.\r\nRecipient : dui. M\r\nPurpose payment : =\r\nPellentesque adipisc\r\nBank name : , nunc. Maecenas at ligula. Sed por=\r\nttitor, dolor n\r\nBank address : porttitor, dolor nec porta elementum, =\r\nnisl purus\r\nBik : In\r\nBank kpp : idi\r\nBank inn : ntum. Duis =\r\negestas molestie a\r\nCorrespondent account : et od\r\nReceiver settle=\r\nment account : t mauris. Duis ultrices, to\r\nReceiver inn : 123123=\r\n\r\nReceiver kpp : o, porta sit\r\nBeneficiary bank name : 123=\r\n123\r\nBeneficiary bank swift code : sellus bibend\r\nBeneficiary bank =\r\naddress : nsectetur ante. Sed auctor, ligula nec faucibus egestas,\r\nB=\r\neneficiary bank account : nean feugiat dui id tortor. Maecenas e\r\nCor=\r\nrespondent bank name : iaculis metus euismod faucibus\r\nCorrespondent =\r\nbank swift code : isque et, sapien. Vestibu\r\nCorrespondent bank addres=\r\ns : is nunc, venenatis id, suscipit ut, mattis eget, felis. Do\r\nCorre=\r\nspondent bank account : qweqwe\r\nClient : 20\r\nBank details : 11', '2015-02-09 10:08:15'),
(91, 6, 'Default subject', 'Surname : Иванов\nName : Иван\nPatronymic : Иванович\nBirth date : 1993-01-01\nBirth place : ubia nostra, per inceptos himenaeos. Etiam a\nPost address : din. Vestibulum ante ipsum primis in faucibus orci luctus et ul\nPassport series : on ligula. Quisque odio. Nullam nisi nu\nPassport number : ictum consequat, massa. Cras at ante ac sapien vive\nRegistration : lor. Sed id nisl ac erat adipi\nPassport date : 2013-08-08\nInn : na.\nPlace of issue : sddfgsdfg\nClient : 20', 'noreply@nomail.com', '', '', '', '', '', 'realtime', 'Swift_MailTransport', NULL, 'Message-ID: <1423458705.54d841916a031@diffco.local>\r\nDate: Mon, 09 Feb 2015 10:11:45 +0500\r\nSubject: Default subject\r\nFrom: noreply@nomail.com\r\nMIME-Version: 1.0\r\nContent-Type: text/plain; charset=utf-8\r\nContent-Transfer-Encoding: quoted-printable\r\n\r\nSurname : =D0=98=D0=B2=D0=B0=D0=BD=D0=BE=D0=B2\r\nName : =\r\n=D0=98=D0=B2=D0=B0=D0=BD\r\nPatronymic : =D0=98=D0=B2=\r\n=D0=B0=D0=BD=D0=BE=D0=B2=D0=B8=D1=87\r\nBirth date : 1993-01-01\r\nB=\r\nirth place : ubia nostra, per inceptos himenaeos. Etiam a\r\nPost addre=\r\nss : din. Vestibulum ante ipsum primis in faucibus orci luctus et ul=\r\n\r\nPassport series : on ligula. Quisque odio. Nullam nisi nu\r\nPassp=\r\nort number : ictum consequat, massa. Cras at ante ac sapien vive\r\nReg=\r\nistration : lor. Sed id nisl ac erat adipi\r\nPassport date : 2013-08-0=\r\n8\r\nInn : na.\r\nPlace of issue : sddfgsdfg\r\nClient : 20', '2015-02-09 10:11:45'),
(92, 6, 'Default subject', 'Surname : Иванов\nName : Иван\nPatronymic : Иванович\nBirth date : 1993-01-01\nBirth place : ubia nostra, per inceptos himenaeos. Etiam a\nPost address : din. Vestibulum ante ipsum primis in faucibus orci luctus et ul\nPassport series : on ligula. Quisque odio. Nullam nisi nu\nPassport number : ictum consequat, massa. Cras at ante ac sapien vive\nRegistration : lor. Sed id nisl ac erat adipi\nPassport date : 2013-08-08\nInn : na.\nPlace of issue : sddfgsdfg\nClient : 20', 'noreply@nomail.com', '', '', '', '', '', 'realtime', 'Swift_MailTransport', NULL, 'Message-ID: <1423458707.54d84193e79f6@diffco.local>\r\nDate: Mon, 09 Feb 2015 10:11:47 +0500\r\nSubject: Default subject\r\nFrom: noreply@nomail.com\r\nMIME-Version: 1.0\r\nContent-Type: text/plain; charset=utf-8\r\nContent-Transfer-Encoding: quoted-printable\r\n\r\nSurname : =D0=98=D0=B2=D0=B0=D0=BD=D0=BE=D0=B2\r\nName : =\r\n=D0=98=D0=B2=D0=B0=D0=BD\r\nPatronymic : =D0=98=D0=B2=\r\n=D0=B0=D0=BD=D0=BE=D0=B2=D0=B8=D1=87\r\nBirth date : 1993-01-01\r\nB=\r\nirth place : ubia nostra, per inceptos himenaeos. Etiam a\r\nPost addre=\r\nss : din. Vestibulum ante ipsum primis in faucibus orci luctus et ul=\r\n\r\nPassport series : on ligula. Quisque odio. Nullam nisi nu\r\nPassp=\r\nort number : ictum consequat, massa. Cras at ante ac sapien vive\r\nReg=\r\nistration : lor. Sed id nisl ac erat adipi\r\nPassport date : 2013-08-0=\r\n8\r\nInn : na.\r\nPlace of issue : sddfgsdfg\r\nClient : 20', '2015-02-09 10:11:47'),
(93, 5, 'Default subject', 'Name account : ; Vivamus tincidunt ligula sit am\nRecipient : nisl s\nPurpose payment : is nec, lacinia in, elementum non, nisl. Proin ultrices interdum risus. Dui\nBank name : a vestibulum. Mauris volutpat ipsum sit amet qua\nBank address : gittis justo nec nulla\nBik : s. Cur\nBank kpp : rbi in lorem non purus elemen\nBank inn : \nCorrespondent account : dit faucibu\nReceiver settlement account : ies nec, imperdiet ac, j\nReceiver inn : is nunc, venenatis id,\nReceiver kpp : dignissim metus felis at justo\nBeneficiary bank name : cus. Morbi\nBeneficiary bank swift code : est. In\nBeneficiary bank address : stibulum nibh justo, euismod a\nBeneficiary bank account : s pellentesque laoreet eros. Aliquam non augue\nCorrespondent bank name : smod a, eleifend ac, viverra\nCorrespondent bank swift code : acilisi\nCorrespondent bank address : bi fringilla commodo ipsum. Suspen\nCorrespondent bank account : nisl s\nClient : 20\nBank details : 13', 'noreply@nomail.com', '', '', '', '', '', 'realtime', 'Swift_MailTransport', NULL, 'Message-ID: <1423458732.54d841ac437b0@diffco.local>\r\nDate: Mon, 09 Feb 2015 10:12:12 +0500\r\nSubject: Default subject\r\nFrom: noreply@nomail.com\r\nMIME-Version: 1.0\r\nContent-Type: text/plain; charset=utf-8\r\nContent-Transfer-Encoding: quoted-printable\r\n\r\nName account : ; Vivamus tincidunt ligula sit am\r\nRecipient : nis=\r\nl s\r\nPurpose payment : is nec, lacinia in, elementum non, nisl. Proin =\r\nultrices interdum risus. Dui\r\nBank name : a vestibulum. Mauris volutp=\r\nat ipsum sit amet qua\r\nBank address : gittis justo nec nulla\r\nBik :=\r\n s. Cur\r\nBank kpp : rbi in lorem non purus elemen\r\nBank inn =\r\n:=20\r\nCorrespondent account : dit faucibu\r\nReceiver settlement accou=\r\nnt : ies nec, imperdiet ac, j\r\nReceiver inn : is nunc, venenatis =\r\nid,\r\nReceiver kpp : dignissim metus felis at justo\r\nBeneficiary ban=\r\nk name : cus. Morbi\r\nBeneficiary bank swift code : est. In\r\nBenefic=\r\niary bank address : stibulum nibh justo, euismod a\r\nBeneficiary bank =\r\naccount : s pellentesque laoreet eros. Aliquam non augue\r\nCorresponde=\r\nnt bank name : smod a, eleifend ac, viverra\r\nCorrespondent bank swift =\r\ncode : acilisi\r\nCorrespondent bank address : bi fringilla commodo ips=\r\num. Suspen\r\nCorrespondent bank account : nisl s\r\nClient : 20\r\nB=\r\nank details : 13', '2015-02-09 10:12:12'),
(94, 5, 'Default subject', 'Name account : ; Vivamus tincidunt ligula sit am\nRecipient : nisl s\nPurpose payment : is nec, lacinia in, elementum non, nisl. Proin ultrices interdum risus. Dui\nBank name : a vestibulum. Mauris volutpat ipsum sit amet qua\nBank address : gittis justo nec nulla\nBik : s. Cur\nBank kpp : rbi in lorem non purus elemen\nBank inn : \nCorrespondent account : dit faucibu\nReceiver settlement account : ies nec, imperdiet ac, j\nReceiver inn : is nunc, venenatis id,\nReceiver kpp : dignissim metus felis at justo\nBeneficiary bank name : cus. Morbi\nBeneficiary bank swift code : est. In\nBeneficiary bank address : stibulum nibh justo, euismod a\nBeneficiary bank account : s pellentesque laoreet eros. Aliquam non augue\nCorrespondent bank name : smod a, eleifend ac, viverra\nCorrespondent bank swift code : acilisi\nCorrespondent bank address : bi fringilla commodo ipsum. Suspen\nCorrespondent bank account : nisl s\nClient : 20\nBank details : 13', 'noreply@nomail.com', '', '', '', '', '', 'realtime', 'Swift_MailTransport', NULL, 'Message-ID: <1423458734.54d841aee65b8@diffco.local>\r\nDate: Mon, 09 Feb 2015 10:12:14 +0500\r\nSubject: Default subject\r\nFrom: noreply@nomail.com\r\nMIME-Version: 1.0\r\nContent-Type: text/plain; charset=utf-8\r\nContent-Transfer-Encoding: quoted-printable\r\n\r\nName account : ; Vivamus tincidunt ligula sit am\r\nRecipient : nis=\r\nl s\r\nPurpose payment : is nec, lacinia in, elementum non, nisl. Proin =\r\nultrices interdum risus. Dui\r\nBank name : a vestibulum. Mauris volutp=\r\nat ipsum sit amet qua\r\nBank address : gittis justo nec nulla\r\nBik :=\r\n s. Cur\r\nBank kpp : rbi in lorem non purus elemen\r\nBank inn =\r\n:=20\r\nCorrespondent account : dit faucibu\r\nReceiver settlement accou=\r\nnt : ies nec, imperdiet ac, j\r\nReceiver inn : is nunc, venenatis =\r\nid,\r\nReceiver kpp : dignissim metus felis at justo\r\nBeneficiary ban=\r\nk name : cus. Morbi\r\nBeneficiary bank swift code : est. In\r\nBenefic=\r\niary bank address : stibulum nibh justo, euismod a\r\nBeneficiary bank =\r\naccount : s pellentesque laoreet eros. Aliquam non augue\r\nCorresponde=\r\nnt bank name : smod a, eleifend ac, viverra\r\nCorrespondent bank swift =\r\ncode : acilisi\r\nCorrespondent bank address : bi fringilla commodo ips=\r\num. Suspen\r\nCorrespondent bank account : nisl s\r\nClient : 20\r\nB=\r\nank details : 13', '2015-02-09 10:12:14'),
(95, 5, 'Default subject', 'Name account : ; Vivamus tincidunt ligula sit am\nRecipient : nisl s\nPurpose payment : is nec, lacinia in, elementum non, nisl. Proin ultrices interdum risus. Dui\nBank name : a vestibulum. Mauris volutpat ipsum sit amet qua\nBank address : gittis justo nec nulla\nBik : s. Cur\nBank kpp : rbi in lorem non purus elemen\nBank inn : \nCorrespondent account : dit faucibu\nReceiver settlement account : ies nec, imperdiet ac, j\nReceiver inn : is nunc, venenatis id,\nReceiver kpp : dignissim metus felis at justo\nBeneficiary bank name : cus. Morbi12\nBeneficiary bank swift code : est. In\nBeneficiary bank address : stibulum nibh justo, euismod a\nBeneficiary bank account : s pellentesque laoreet eros. Aliquam non augue\nCorrespondent bank name : smod a, eleifend ac, viverra\nCorrespondent bank swift code : acilisi\nCorrespondent bank address : bi fringilla commodo ipsum. Suspen\nCorrespondent bank account : 123123\nClient : 20\nBank details : 13', 'noreply@nomail.com', '', '', '', '', '', 'realtime', 'Swift_MailTransport', NULL, 'Message-ID: <1423458907.54d8425bbdd67@diffco.local>\r\nDate: Mon, 09 Feb 2015 10:15:07 +0500\r\nSubject: Default subject\r\nFrom: noreply@nomail.com\r\nMIME-Version: 1.0\r\nContent-Type: text/plain; charset=utf-8\r\nContent-Transfer-Encoding: quoted-printable\r\n\r\nName account : ; Vivamus tincidunt ligula sit am\r\nRecipient : nis=\r\nl s\r\nPurpose payment : is nec, lacinia in, elementum non, nisl. Proin =\r\nultrices interdum risus. Dui\r\nBank name : a vestibulum. Mauris volutp=\r\nat ipsum sit amet qua\r\nBank address : gittis justo nec nulla\r\nBik :=\r\n s. Cur\r\nBank kpp : rbi in lorem non purus elemen\r\nBank inn =\r\n:=20\r\nCorrespondent account : dit faucibu\r\nReceiver settlement accou=\r\nnt : ies nec, imperdiet ac, j\r\nReceiver inn : is nunc, venenatis =\r\nid,\r\nReceiver kpp : dignissim metus felis at justo\r\nBeneficiary ban=\r\nk name : cus. Morbi12\r\nBeneficiary bank swift code : est. In\r\nBenef=\r\niciary bank address : stibulum nibh justo, euismod a\r\nBeneficiary ban=\r\nk account : s pellentesque laoreet eros. Aliquam non augue\r\nCorrespon=\r\ndent bank name : smod a, eleifend ac, viverra\r\nCorrespondent bank swi=\r\nft code : acilisi\r\nCorrespondent bank address : bi fringilla commodo =\r\nipsum. Suspen\r\nCorrespondent bank account : 123123\r\nClient : 2=\r\n0\r\nBank details : 13', '2015-02-09 10:15:07'),
(96, 5, 'Default subject', 'Name account : qwe\nRecipient : qwe\nPurpose payment : qwe\nBank name : qwe\nBank address : qwe\nBik : qwe\nBank kpp : qwe\nBank inn : qwe\nCorrespondent account : qwe\nReceiver settlement account : qwe\nReceiver inn : qwe\nReceiver kpp : qwe\nBeneficiary bank name : \nBeneficiary bank swift code : \nBeneficiary bank address : \nBeneficiary bank account : \nCorrespondent bank name : \nCorrespondent bank swift code : \nCorrespondent bank address : \nCorrespondent bank account : \nClient : 20\nBank details : 1', 'noreply@nomail.com', '', '', '', '', '', 'realtime', 'Swift_MailTransport', NULL, 'Message-ID: <1423459064.54d842f88deb9@diffco.local>\r\nDate: Mon, 09 Feb 2015 10:17:44 +0500\r\nSubject: Default subject\r\nFrom: noreply@nomail.com\r\nMIME-Version: 1.0\r\nContent-Type: text/plain; charset=utf-8\r\nContent-Transfer-Encoding: quoted-printable\r\n\r\nName account : qwe\r\nRecipient : qwe\r\nPurpose payment : qwe\r\nBan=\r\nk name : qwe\r\nBank address : qwe\r\nBik : qwe\r\nBank kpp : =\r\nqwe\r\nBank inn : qwe\r\nCorrespondent account : qwe\r\nReceiver s=\r\nettlement account : qwe\r\nReceiver inn : qwe\r\nReceiver kpp : qwe=\r\n\r\nBeneficiary bank name :=20\r\nBeneficiary bank swift code :=20\r\nBen=\r\neficiary bank address :=20\r\nBeneficiary bank account :=20\r\nCorresponde=\r\nnt bank name :=20\r\nCorrespondent bank swift code :=20\r\nCorrespondent=\r\n bank address :=20\r\nCorrespondent bank account :=20\r\nClient : 20\r\nB=\r\nank details : 1', '2015-02-09 10:17:44'),
(97, 5, 'Default subject', 'Name account : qwe\nRecipient : qwe\nPurpose payment : qwe\nBank name : qwe\nBank address : qwe\nBik : qwe\nBank kpp : qwe\nBank inn : qwe\nCorrespondent account : qwe\nReceiver settlement account : qwe\nReceiver inn : qwe\nReceiver kpp : qwe\nBeneficiary bank name : \nBeneficiary bank swift code : \nBeneficiary bank address : \nBeneficiary bank account : \nCorrespondent bank name : \nCorrespondent bank swift code : \nCorrespondent bank address : \nCorrespondent bank account : \nClient : 20\nBank details : 1', 'noreply@nomail.com', '', '', '', '', '', 'realtime', 'Swift_MailTransport', NULL, 'Message-ID: <1423459075.54d84303035ad@diffco.local>\r\nDate: Mon, 09 Feb 2015 10:17:55 +0500\r\nSubject: Default subject\r\nFrom: noreply@nomail.com\r\nMIME-Version: 1.0\r\nContent-Type: text/plain; charset=utf-8\r\nContent-Transfer-Encoding: quoted-printable\r\n\r\nName account : qwe\r\nRecipient : qwe\r\nPurpose payment : qwe\r\nBan=\r\nk name : qwe\r\nBank address : qwe\r\nBik : qwe\r\nBank kpp : =\r\nqwe\r\nBank inn : qwe\r\nCorrespondent account : qwe\r\nReceiver s=\r\nettlement account : qwe\r\nReceiver inn : qwe\r\nReceiver kpp : qwe=\r\n\r\nBeneficiary bank name :=20\r\nBeneficiary bank swift code :=20\r\nBen=\r\neficiary bank address :=20\r\nBeneficiary bank account :=20\r\nCorresponde=\r\nnt bank name :=20\r\nCorrespondent bank swift code :=20\r\nCorrespondent=\r\n bank address :=20\r\nCorrespondent bank account :=20\r\nClient : 20\r\nB=\r\nank details : 1', '2015-02-09 10:17:55'),
(98, 5, 'Default subject', 'Name account : qwe\nRecipient : qwe\nPurpose payment : qwe\nBank name : qwe\nBank address : qwe\nBik : qwe\nBank kpp : qwe\nBank inn : qwe\nCorrespondent account : qwe\nReceiver settlement account : qwe\nReceiver inn : qwe\nReceiver kpp : qwe\nBeneficiary bank name : \nBeneficiary bank swift code : \nBeneficiary bank address : \nBeneficiary bank account : \nCorrespondent bank name : \nCorrespondent bank swift code : \nCorrespondent bank address : \nCorrespondent bank account : \nClient : 20\nBank details : 1', 'noreply@nomail.com', '', '', '', '', '', 'realtime', 'Swift_MailTransport', NULL, 'Message-ID: <1423459147.54d8434b74880@diffco.local>\r\nDate: Mon, 09 Feb 2015 10:19:07 +0500\r\nSubject: Default subject\r\nFrom: noreply@nomail.com\r\nMIME-Version: 1.0\r\nContent-Type: text/plain; charset=utf-8\r\nContent-Transfer-Encoding: quoted-printable\r\n\r\nName account : qwe\r\nRecipient : qwe\r\nPurpose payment : qwe\r\nBan=\r\nk name : qwe\r\nBank address : qwe\r\nBik : qwe\r\nBank kpp : =\r\nqwe\r\nBank inn : qwe\r\nCorrespondent account : qwe\r\nReceiver s=\r\nettlement account : qwe\r\nReceiver inn : qwe\r\nReceiver kpp : qwe=\r\n\r\nBeneficiary bank name :=20\r\nBeneficiary bank swift code :=20\r\nBen=\r\neficiary bank address :=20\r\nBeneficiary bank account :=20\r\nCorresponde=\r\nnt bank name :=20\r\nCorrespondent bank swift code :=20\r\nCorrespondent=\r\n bank address :=20\r\nCorrespondent bank account :=20\r\nClient : 20\r\nB=\r\nank details : 1', '2015-02-09 10:19:07'),
(99, 5, 'Default subject', 'Name account : qwe\nRecipient : qwe\nPurpose payment : qwe\nBank name : qwe\nBank address : qwe\nBik : qwe\nBank kpp : qwe\nBank inn : qwe\nCorrespondent account : qwe\nReceiver settlement account : qwe\nReceiver inn : qweqwe\nReceiver kpp : qwe\nBeneficiary bank name : \nBeneficiary bank swift code : \nBeneficiary bank address : \nBeneficiary bank account : \nCorrespondent bank name : \nCorrespondent bank swift code : \nCorrespondent bank address : \nCorrespondent bank account : \nClient : 20\nBank details : -1', 'noreply@nomail.com', '', '', '', '', '', 'realtime', 'Swift_MailTransport', NULL, 'Message-ID: <1423459224.54d8439812c3a@diffco.local>\r\nDate: Mon, 09 Feb 2015 10:20:24 +0500\r\nSubject: Default subject\r\nFrom: noreply@nomail.com\r\nMIME-Version: 1.0\r\nContent-Type: text/plain; charset=utf-8\r\nContent-Transfer-Encoding: quoted-printable\r\n\r\nName account : qwe\r\nRecipient : qwe\r\nPurpose payment : qwe\r\nBan=\r\nk name : qwe\r\nBank address : qwe\r\nBik : qwe\r\nBank kpp : =\r\nqwe\r\nBank inn : qwe\r\nCorrespondent account : qwe\r\nReceiver s=\r\nettlement account : qwe\r\nReceiver inn : qweqwe\r\nReceiver kpp : =\r\nqwe\r\nBeneficiary bank name :=20\r\nBeneficiary bank swift code :=\r\n=20\r\nBeneficiary bank address :=20\r\nBeneficiary bank account :=20\r\nCo=\r\nrrespondent bank name :=20\r\nCorrespondent bank swift code :=20\r\nCorres=\r\npondent bank address :=20\r\nCorrespondent bank account :=20\r\nClient : 20=\r\n\r\nBank details : -1', '2015-02-09 10:20:24');
INSERT INTO `dm_sent_mail` (`id`, `dm_mail_template_id`, `subject`, `body`, `from_email`, `to_email`, `cc_email`, `bcc_email`, `reply_to_email`, `sender_email`, `strategy`, `transport`, `culture`, `debug_string`, `created_at`) VALUES
(100, 6, 'Default subject', 'Surname : Иванов12\nName : Иван\nPatronymic : Иванович\nBirth date : 1993-01-01\nBirth place : ubia nostra, per inceptos himenaeos. Etiam a\nPost address : din. Vestibulum ante ipsum primis in faucibus orci luctus et ul\nPassport series : on ligula. Quisque odio. Nullam nisi nu\nPassport number : ictum consequat, massa. Cras at ante ac sapien vive\nRegistration : lor. Sed id nisl ac erat adipi\nPassport date : 2013-08-08\nInn : na.\nPlace of issue : sddfgsdfg\nClient : 20', 'noreply@nomail.com', '', '', '', '', '', 'realtime', 'Swift_MailTransport', NULL, 'Message-ID: <1423460724.54d849744aa05@diffco.local>\r\nDate: Mon, 09 Feb 2015 10:45:24 +0500\r\nSubject: Default subject\r\nFrom: noreply@nomail.com\r\nMIME-Version: 1.0\r\nContent-Type: text/plain; charset=utf-8\r\nContent-Transfer-Encoding: quoted-printable\r\n\r\nSurname : =D0=98=D0=B2=D0=B0=D0=BD=D0=BE=D0=B212\r\nName : =D0=98=D0=B2=\r\n=D0=B0=D0=BD\r\nPatronymic : =D0=98=D0=B2=D0=B0=D0=BD=\r\n=D0=BE=D0=B2=D0=B8=D1=87\r\nBirth date : 1993-01-01\r\nBirth place : u=\r\nbia nostra, per inceptos himenaeos. Etiam a\r\nPost address : din. Vesti=\r\nbulum ante ipsum primis in faucibus orci luctus et ul\r\nPassport serie=\r\ns : on ligula. Quisque odio. Nullam nisi nu\r\nPassport number : ictum c=\r\nonsequat, massa. Cras at ante ac sapien vive\r\nRegistration : lor. Sed=\r\n id nisl ac erat adipi\r\nPassport date : 2013-08-08\r\nInn : =\r\nna.\r\nPlace of issue : sddfgsdfg\r\nClient : 20', '2015-02-09 10:45:24'),
(101, 5, 'Default subject', 'Name account : qwe\nRecipient : qwe\nPurpose payment : qwe\nBank name : qwe\nBank address : qwe\nBik : qwe\nBank kpp : qwe\nBank inn : qwe\nCorrespondent account : qwe\nReceiver settlement account : qwe\nReceiver inn : qweqweqwe\nReceiver kpp : qwe\nBeneficiary bank name : \nBeneficiary bank swift code : \nBeneficiary bank address : \nBeneficiary bank account : \nCorrespondent bank name : \nCorrespondent bank swift code : \nCorrespondent bank address : \nCorrespondent bank account : \nClient : 20\nBank details : -1', 'noreply@nomail.com', '', '', '', '', '', 'realtime', 'Swift_MailTransport', NULL, 'Message-ID: <1423460846.54d849ee6ca25@diffco.local>\r\nDate: Mon, 09 Feb 2015 10:47:26 +0500\r\nSubject: Default subject\r\nFrom: noreply@nomail.com\r\nMIME-Version: 1.0\r\nContent-Type: text/plain; charset=utf-8\r\nContent-Transfer-Encoding: quoted-printable\r\n\r\nName account : qwe\r\nRecipient : qwe\r\nPurpose payment : qwe\r\nBan=\r\nk name : qwe\r\nBank address : qwe\r\nBik : qwe\r\nBank kpp : =\r\nqwe\r\nBank inn : qwe\r\nCorrespondent account : qwe\r\nReceiver s=\r\nettlement account : qwe\r\nReceiver inn : qweqweqwe\r\nReceiver kpp =\r\n: qwe\r\nBeneficiary bank name :=20\r\nBeneficiary bank swift code :=\r\n=20\r\nBeneficiary bank address :=20\r\nBeneficiary bank account :=20\r\nCo=\r\nrrespondent bank name :=20\r\nCorrespondent bank swift code :=20\r\nCorres=\r\npondent bank address :=20\r\nCorrespondent bank account :=20\r\nClient : 20=\r\n\r\nBank details : -1', '2015-02-09 10:47:26'),
(102, NULL, 'Default subject', '', 'noreply@nomail.com', '', '', '', '', '', 'realtime', 'Swift_MailTransport', NULL, 'Message-ID: <1423460859.54d849fb995b4@diffco.local>\r\nDate: Mon, 09 Feb 2015 10:47:39 +0500\r\nSubject: Default subject\r\nFrom: noreply@nomail.com\r\nMIME-Version: 1.0\r\nContent-Type: text/plain; charset=utf-8\r\nContent-Transfer-Encoding: quoted-printable\r\n\r\n', '2015-02-09 10:47:39'),
(103, NULL, 'Default subject', '', 'noreply@nomail.com', '', '', '', '', '', 'realtime', 'Swift_MailTransport', NULL, 'Message-ID: <1423460906.54d84a2ae34e2@diffco.local>\r\nDate: Mon, 09 Feb 2015 10:48:26 +0500\r\nSubject: Default subject\r\nFrom: noreply@nomail.com\r\nMIME-Version: 1.0\r\nContent-Type: text/plain; charset=utf-8\r\nContent-Transfer-Encoding: quoted-printable\r\n\r\n', '2015-02-09 10:48:26'),
(104, NULL, 'Default subject', '', 'noreply@nomail.com', '', '', '', '', '', 'realtime', 'Swift_MailTransport', NULL, 'Message-ID: <1423460914.54d84a32202f0@diffco.local>\r\nDate: Mon, 09 Feb 2015 10:48:34 +0500\r\nSubject: Default subject\r\nFrom: noreply@nomail.com\r\nMIME-Version: 1.0\r\nContent-Type: text/plain; charset=utf-8\r\nContent-Transfer-Encoding: quoted-printable\r\n\r\n', '2015-02-09 10:48:34'),
(105, NULL, 'Default subject', '', 'noreply@nomail.com', '', '', '', '', '', 'realtime', 'Swift_MailTransport', NULL, 'Message-ID: <1423460932.54d84a44eb947@diffco.local>\r\nDate: Mon, 09 Feb 2015 10:48:52 +0500\r\nSubject: Default subject\r\nFrom: noreply@nomail.com\r\nMIME-Version: 1.0\r\nContent-Type: text/plain; charset=utf-8\r\nContent-Transfer-Encoding: quoted-printable\r\n\r\n', '2015-02-09 10:48:52'),
(106, NULL, 'Default subject', '', 'noreply@nomail.com', '', '', '', '', '', 'realtime', 'Swift_MailTransport', NULL, 'Message-ID: <1423460936.54d84a48ec3aa@diffco.local>\r\nDate: Mon, 09 Feb 2015 10:48:56 +0500\r\nSubject: Default subject\r\nFrom: noreply@nomail.com\r\nMIME-Version: 1.0\r\nContent-Type: text/plain; charset=utf-8\r\nContent-Transfer-Encoding: quoted-printable\r\n\r\n', '2015-02-09 10:48:56'),
(107, NULL, 'Default subject', '', 'noreply@nomail.com', '', '', '', '', '', 'realtime', 'Swift_MailTransport', NULL, 'Message-ID: <1423460943.54d84a4f53ce9@diffco.local>\r\nDate: Mon, 09 Feb 2015 10:49:03 +0500\r\nSubject: Default subject\r\nFrom: noreply@nomail.com\r\nMIME-Version: 1.0\r\nContent-Type: text/plain; charset=utf-8\r\nContent-Transfer-Encoding: quoted-printable\r\n\r\n', '2015-02-09 10:49:03'),
(108, NULL, 'Default subject', '', 'noreply@nomail.com', '', '', '', '', '', 'realtime', 'Swift_MailTransport', NULL, 'Message-ID: <1423460945.54d84a51257ba@diffco.local>\r\nDate: Mon, 09 Feb 2015 10:49:05 +0500\r\nSubject: Default subject\r\nFrom: noreply@nomail.com\r\nMIME-Version: 1.0\r\nContent-Type: text/plain; charset=utf-8\r\nContent-Transfer-Encoding: quoted-printable\r\n\r\n', '2015-02-09 10:49:05'),
(109, NULL, 'Default subject', '', 'noreply@nomail.com', '', '', '', '', '', 'realtime', 'Swift_MailTransport', NULL, 'Message-ID: <1423460949.54d84a551b628@diffco.local>\r\nDate: Mon, 09 Feb 2015 10:49:09 +0500\r\nSubject: Default subject\r\nFrom: noreply@nomail.com\r\nMIME-Version: 1.0\r\nContent-Type: text/plain; charset=utf-8\r\nContent-Transfer-Encoding: quoted-printable\r\n\r\n', '2015-02-09 10:49:09'),
(110, NULL, 'Default subject', '', 'noreply@nomail.com', '', '', '', '', '', 'realtime', 'Swift_MailTransport', NULL, 'Message-ID: <1423460956.54d84a5cbd8cb@diffco.local>\r\nDate: Mon, 09 Feb 2015 10:49:16 +0500\r\nSubject: Default subject\r\nFrom: noreply@nomail.com\r\nMIME-Version: 1.0\r\nContent-Type: text/plain; charset=utf-8\r\nContent-Transfer-Encoding: quoted-printable\r\n\r\n', '2015-02-09 10:49:16'),
(111, NULL, 'Default subject', '', 'noreply@nomail.com', '', '', '', '', '', 'realtime', 'Swift_MailTransport', NULL, 'Message-ID: <1423460977.54d84a71e0da5@diffco.local>\r\nDate: Mon, 09 Feb 2015 10:49:37 +0500\r\nSubject: Default subject\r\nFrom: noreply@nomail.com\r\nMIME-Version: 1.0\r\nContent-Type: text/plain; charset=utf-8\r\nContent-Transfer-Encoding: quoted-printable\r\n\r\n', '2015-02-09 10:49:37'),
(112, NULL, 'Default subject', '', 'noreply@nomail.com', '', '', '', '', '', 'realtime', 'Swift_MailTransport', NULL, 'Message-ID: <1423461156.54d84b242f5d1@diffco.local>\r\nDate: Mon, 09 Feb 2015 10:52:36 +0500\r\nSubject: Default subject\r\nFrom: noreply@nomail.com\r\nMIME-Version: 1.0\r\nContent-Type: text/plain; charset=utf-8\r\nContent-Transfer-Encoding: quoted-printable\r\n\r\n', '2015-02-09 10:52:36'),
(113, NULL, 'Default subject', '', 'noreply@nomail.com', '', '', '', '', '', 'realtime', 'Swift_MailTransport', NULL, 'Message-ID: <1423461170.54d84b32c6306@diffco.local>\r\nDate: Mon, 09 Feb 2015 10:52:50 +0500\r\nSubject: Default subject\r\nFrom: noreply@nomail.com\r\nMIME-Version: 1.0\r\nContent-Type: text/plain; charset=utf-8\r\nContent-Transfer-Encoding: quoted-printable\r\n\r\n', '2015-02-09 10:52:50'),
(114, 5, 'Default subject', 'Name account : ongue massa.\nRecipient : dui. M\nPurpose payment : Pellentesque adipisc\nBank name : , nunc. Maecenas at ligula. Sed porttitor, dolor n\nBank address : porttitor, dolor nec porta elementum, nisl purus\nBik : In\nBank kpp : idi\nBank inn : ntum. Duis egestas molestie a\nCorrespondent account : et od\nReceiver settlement account : t mauris. Duis ultrices, to\nReceiver inn : 23\nReceiver kpp : o, porta sit\nBeneficiary bank name : \nBeneficiary bank swift code : sellus bibend\nBeneficiary bank address : nsectetur ante. Sed auctor, ligula nec faucibus egestas,\nBeneficiary bank account : nean feugiat dui id tortor. Maecenas e\nCorrespondent bank name : iaculis metus euismod faucibus\nCorrespondent bank swift code : isque et, sapien. Vestibu\nCorrespondent bank address : is nunc, venenatis id, suscipit ut, mattis eget, felis. Do\nCorrespondent bank account : \nClient : 20\nBank details : 11', 'noreply@nomail.com', '', '', '', '', '', 'realtime', 'Swift_MailTransport', NULL, 'Message-ID: <1423461175.54d84b37c7354@diffco.local>\r\nDate: Mon, 09 Feb 2015 10:52:55 +0500\r\nSubject: Default subject\r\nFrom: noreply@nomail.com\r\nMIME-Version: 1.0\r\nContent-Type: text/plain; charset=utf-8\r\nContent-Transfer-Encoding: quoted-printable\r\n\r\nName account : ongue massa.\r\nRecipient : dui. M\r\nPurpose payment : =\r\nPellentesque adipisc\r\nBank name : , nunc. Maecenas at ligula. Sed por=\r\nttitor, dolor n\r\nBank address : porttitor, dolor nec porta elementum, =\r\nnisl purus\r\nBik : In\r\nBank kpp : idi\r\nBank inn : ntum. Duis =\r\negestas molestie a\r\nCorrespondent account : et od\r\nReceiver settle=\r\nment account : t mauris. Duis ultrices, to\r\nReceiver inn : 23\r\nRec=\r\neiver kpp : o, porta sit\r\nBeneficiary bank name :=20\r\nBeneficiary ba=\r\nnk swift code : sellus bibend\r\nBeneficiary bank address : nsectetur a=\r\nnte. Sed auctor, ligula nec faucibus egestas,\r\nBeneficiary bank accou=\r\nnt : nean feugiat dui id tortor. Maecenas e\r\nCorrespondent bank name :=\r\n iaculis metus euismod faucibus\r\nCorrespondent bank swift code : isque=\r\n et, sapien. Vestibu\r\nCorrespondent bank address : is nunc, venenatis=\r\n id, suscipit ut, mattis eget, felis. Do\r\nCorrespondent bank account =\r\n:=20\r\nClient : 20\r\nBank details : 11', '2015-02-09 10:52:55'),
(115, 6, 'Default subject', 'Surname : Иванов\nName : Иван\nPatronymic : Иванович\nBirth date : 1993-01-01\nBirth place : ubia nostra, per inceptos himenaeos. Etiam a\nPost address : din. Vestibulum ante ipsum primis in faucibus orci luctus et ul\nPassport series : on ligula. Quisque odio. Nullam nisi nu\nPassport number : ictum consequat, massa. Cras at ante ac sapien vive\nRegistration : lor. Sed id nisl ac erat adipi\nPassport date : 2013-08-08\nInn : na.\nPlace of issue : sddfgsdfg\nClient : 20', 'noreply@nomail.com', '', '', '', '', '', 'realtime', 'Swift_MailTransport', NULL, 'Message-ID: <1423544891.54d9923b6ddbf@diffco.local>\r\nDate: Tue, 10 Feb 2015 10:08:11 +0500\r\nSubject: Default subject\r\nFrom: noreply@nomail.com\r\nMIME-Version: 1.0\r\nContent-Type: text/plain; charset=utf-8\r\nContent-Transfer-Encoding: quoted-printable\r\n\r\nSurname : =D0=98=D0=B2=D0=B0=D0=BD=D0=BE=D0=B2\r\nName : =\r\n=D0=98=D0=B2=D0=B0=D0=BD\r\nPatronymic : =D0=98=D0=B2=\r\n=D0=B0=D0=BD=D0=BE=D0=B2=D0=B8=D1=87\r\nBirth date : 1993-01-01\r\nB=\r\nirth place : ubia nostra, per inceptos himenaeos. Etiam a\r\nPost addre=\r\nss : din. Vestibulum ante ipsum primis in faucibus orci luctus et ul=\r\n\r\nPassport series : on ligula. Quisque odio. Nullam nisi nu\r\nPassp=\r\nort number : ictum consequat, massa. Cras at ante ac sapien vive\r\nReg=\r\nistration : lor. Sed id nisl ac erat adipi\r\nPassport date : 2013-08-0=\r\n8\r\nInn : na.\r\nPlace of issue : sddfgsdfg\r\nClient : 20', '2015-02-10 10:08:11'),
(116, 6, 'Default subject', 'Surname : Иванов1\nName : Иван\nPatronymic : Иванович\nBirth date : 1993-01-01\nBirth place : ubia nostra, per inceptos himenaeos. Etiam a\nPost address : din. Vestibulum ante ipsum primis in faucibus orci luctus et ul\nPassport series : on ligula. Quisque odio. Nullam nisi nu\nPassport number : ictum consequat, massa. Cras at ante ac sapien vive\nRegistration : lor. Sed id nisl ac erat adipi\nPassport date : 2013-08-08\nInn : na.\nPlace of issue : sddfgsdfg\nClient : 20', 'noreply@nomail.com', '', '', '', '', '', 'realtime', 'Swift_MailTransport', NULL, 'Message-ID: <1423552743.54d9b0e7cf500@diffco.local>\r\nDate: Tue, 10 Feb 2015 12:19:03 +0500\r\nSubject: Default subject\r\nFrom: noreply@nomail.com\r\nMIME-Version: 1.0\r\nContent-Type: text/plain; charset=utf-8\r\nContent-Transfer-Encoding: quoted-printable\r\n\r\nSurname : =D0=98=D0=B2=D0=B0=D0=BD=D0=BE=D0=B21\r\nName :=\r\n =D0=98=D0=B2=D0=B0=D0=BD\r\nPatronymic : =D0=98=D0=B2=D0=B0=D0=BD=D0=BE=\r\n=D0=B2=D0=B8=D1=87\r\nBirth date : 1993-01-01\r\nBirth place : ubia no=\r\nstra, per inceptos himenaeos. Etiam a\r\nPost address : din. Vestibulum=\r\n ante ipsum primis in faucibus orci luctus et ul\r\nPassport series : o=\r\nn ligula. Quisque odio. Nullam nisi nu\r\nPassport number : ictum conse=\r\nquat, massa. Cras at ante ac sapien vive\r\nRegistration : lor. Sed id =\r\nnisl ac erat adipi\r\nPassport date : 2013-08-08\r\nInn : na.\r\nP=\r\nlace of issue : sddfgsdfg\r\nClient : 20', '2015-02-10 12:19:03'),
(117, 5, 'Default subject', 'Name account : ongue massa.\nRecipient : dui. M\nPurpose payment : Pellentesque adipisc\nBank name : , nunc. Maecenas at ligula. Sed porttitor, dolor n\nBank address : porttitor, dolor nec porta elementum, nisl purus\nBik : In\nBank kpp : idi\nBank inn : ntum. Duis egestas molestie a\nCorrespondent account : et od\nReceiver settlement account : t mauris. Duis ultrices, to\nReceiver inn : 123123\nReceiver kpp : o, porta sit\nBeneficiary bank name : \nBeneficiary bank swift code : sellus bibend\nBeneficiary bank address : nsectetur ante. Sed auctor, ligula nec faucibus egestas,\nBeneficiary bank account : nean feugiat dui id tortor. Maecenas e\nCorrespondent bank name : iaculis metus euismod faucibus\nCorrespondent bank swift code : isque et, sapien. Vestibu\nCorrespondent bank address : is nunc, venenatis id, suscipit ut, mattis eget, felis. Do\nCorrespondent bank account : \nClient : 20\nBank details : 11', 'noreply@nomail.com', '', '', '', '', '', 'realtime', 'Swift_MailTransport', NULL, 'Message-ID: <1423552759.54d9b0f7b577b@diffco.local>\r\nDate: Tue, 10 Feb 2015 12:19:19 +0500\r\nSubject: Default subject\r\nFrom: noreply@nomail.com\r\nMIME-Version: 1.0\r\nContent-Type: text/plain; charset=utf-8\r\nContent-Transfer-Encoding: quoted-printable\r\n\r\nName account : ongue massa.\r\nRecipient : dui. M\r\nPurpose payment : =\r\nPellentesque adipisc\r\nBank name : , nunc. Maecenas at ligula. Sed por=\r\nttitor, dolor n\r\nBank address : porttitor, dolor nec porta elementum, =\r\nnisl purus\r\nBik : In\r\nBank kpp : idi\r\nBank inn : ntum. Duis =\r\negestas molestie a\r\nCorrespondent account : et od\r\nReceiver settle=\r\nment account : t mauris. Duis ultrices, to\r\nReceiver inn : 123123=\r\n\r\nReceiver kpp : o, porta sit\r\nBeneficiary bank name :=20\r\nBenefi=\r\nciary bank swift code : sellus bibend\r\nBeneficiary bank address : nse=\r\nctetur ante. Sed auctor, ligula nec faucibus egestas,\r\nBeneficiary ba=\r\nnk account : nean feugiat dui id tortor. Maecenas e\r\nCorrespondent ban=\r\nk name : iaculis metus euismod faucibus\r\nCorrespondent bank swift code=\r\n : isque et, sapien. Vestibu\r\nCorrespondent bank address : is nunc, v=\r\nenenatis id, suscipit ut, mattis eget, felis. Do\r\nCorrespondent bank =\r\naccount :=20\r\nClient : 20\r\nBank details : 11', '2015-02-10 12:19:19'),
(118, 5, 'Default subject', 'Name account : ongue massa.\nRecipient : dui. M\nPurpose payment : Pellentesque adipisc\nBank name : , nunc. Maecenas at ligula. Sed porttitor, dolor n\nBank address : porttitor, dolor nec porta elementum, nisl purus\nBik : In\nBank kpp : idi\nBank inn : ntum. Duis egestas molestie a\nCorrespondent account : et od\nReceiver settlement account : t mauris. Duis ultrices, to\nReceiver inn : 123123\nReceiver kpp : o, porta sit\nBeneficiary bank name : \nBeneficiary bank swift code : sellus bibend\nBeneficiary bank address : nsectetur ante. Sed auctor, ligula nec faucibus egestas,\nBeneficiary bank account : nean feugiat dui id tortor. Maecenas e\nCorrespondent bank name : iaculis metus euismod faucibus\nCorrespondent bank swift code : isque et, sapien. Vestibu\nCorrespondent bank address : is nunc, venenatis id, suscipit ut, mattis eget, felis. Do\nCorrespondent bank account : \nClient : 20\nBank details : 11', 'noreply@nomail.com', '', '', '', '', '', 'realtime', 'Swift_MailTransport', NULL, 'Message-ID: <1423554194.54d9b692aa0ea@diffco.local>\r\nDate: Tue, 10 Feb 2015 12:43:14 +0500\r\nSubject: Default subject\r\nFrom: noreply@nomail.com\r\nMIME-Version: 1.0\r\nContent-Type: text/plain; charset=utf-8\r\nContent-Transfer-Encoding: quoted-printable\r\n\r\nName account : ongue massa.\r\nRecipient : dui. M\r\nPurpose payment : =\r\nPellentesque adipisc\r\nBank name : , nunc. Maecenas at ligula. Sed por=\r\nttitor, dolor n\r\nBank address : porttitor, dolor nec porta elementum, =\r\nnisl purus\r\nBik : In\r\nBank kpp : idi\r\nBank inn : ntum. Duis =\r\negestas molestie a\r\nCorrespondent account : et od\r\nReceiver settle=\r\nment account : t mauris. Duis ultrices, to\r\nReceiver inn : 123123=\r\n\r\nReceiver kpp : o, porta sit\r\nBeneficiary bank name :=20\r\nBenefi=\r\nciary bank swift code : sellus bibend\r\nBeneficiary bank address : nse=\r\nctetur ante. Sed auctor, ligula nec faucibus egestas,\r\nBeneficiary ba=\r\nnk account : nean feugiat dui id tortor. Maecenas e\r\nCorrespondent ban=\r\nk name : iaculis metus euismod faucibus\r\nCorrespondent bank swift code=\r\n : isque et, sapien. Vestibu\r\nCorrespondent bank address : is nunc, v=\r\nenenatis id, suscipit ut, mattis eget, felis. Do\r\nCorrespondent bank =\r\naccount :=20\r\nClient : 20\r\nBank details : 11', '2015-02-10 12:43:14'),
(119, 5, 'Default subject', 'Name account : ongue massa.\nRecipient : dui. M\nPurpose payment : Pellentesque adipisc\nBank name : , nunc. Maecenas at ligula. Sed porttitor, dolor n\nBank address : porttitor, dolor nec porta elementum, nisl purus\nBik : In\nBank kpp : idi\nBank inn : ntum. Duis egestas molestie a\nCorrespondent account : et od\nReceiver settlement account : t mauris. Duis ultrices, to\nReceiver inn : 23123\nReceiver kpp : o, porta sit\nBeneficiary bank name : \nBeneficiary bank swift code : sellus bibend\nBeneficiary bank address : nsectetur ante. Sed auctor, ligula nec faucibus egestas,\nBeneficiary bank account : nean feugiat dui id tortor. Maecenas e\nCorrespondent bank name : iaculis metus euismod faucibus\nCorrespondent bank swift code : isque et, sapien. Vestibu\nCorrespondent bank address : is nunc, venenatis id, suscipit ut, mattis eget, felis. Do\nCorrespondent bank account : \nClient : 20\nBank details : 11', 'noreply@nomail.com', '', '', '', '', '', 'realtime', 'Swift_MailTransport', NULL, 'Message-ID: <1423554362.54d9b73a70bec@diffco.local>\r\nDate: Tue, 10 Feb 2015 12:46:02 +0500\r\nSubject: Default subject\r\nFrom: noreply@nomail.com\r\nMIME-Version: 1.0\r\nContent-Type: text/plain; charset=utf-8\r\nContent-Transfer-Encoding: quoted-printable\r\n\r\nName account : ongue massa.\r\nRecipient : dui. M\r\nPurpose payment : =\r\nPellentesque adipisc\r\nBank name : , nunc. Maecenas at ligula. Sed por=\r\nttitor, dolor n\r\nBank address : porttitor, dolor nec porta elementum, =\r\nnisl purus\r\nBik : In\r\nBank kpp : idi\r\nBank inn : ntum. Duis =\r\negestas molestie a\r\nCorrespondent account : et od\r\nReceiver settle=\r\nment account : t mauris. Duis ultrices, to\r\nReceiver inn : 23123\r\nR=\r\neceiver kpp : o, porta sit\r\nBeneficiary bank name :=20\r\nBeneficiary b=\r\nank swift code : sellus bibend\r\nBeneficiary bank address : nsectetur =\r\nante. Sed auctor, ligula nec faucibus egestas,\r\nBeneficiary bank acco=\r\nunt : nean feugiat dui id tortor. Maecenas e\r\nCorrespondent bank name=\r\n : iaculis metus euismod faucibus\r\nCorrespondent bank swift code : is=\r\nque et, sapien. Vestibu\r\nCorrespondent bank address : is nunc, venenat=\r\nis id, suscipit ut, mattis eget, felis. Do\r\nCorrespondent bank accoun=\r\nt :=20\r\nClient : 20\r\nBank details : 11', '2015-02-10 12:46:02'),
(120, 5, 'Default subject', 'Name account : ongue massa.\nRecipient : dui. M\nPurpose payment : Pellentesque adipisc\nBank name : , nunc. Maecenas at ligula. Sed porttitor, dolor n\nBank address : porttitor, dolor nec porta elementum, nisl purus\nBik : In\nBank kpp : idi\nBank inn : ntum. Duis egestas molestie a\nCorrespondent account : et od\nReceiver settlement account : t mauris. Duis ultrices, to\nReceiver inn : 23123\nReceiver kpp : o, porta sit\nBeneficiary bank name : \nBeneficiary bank swift code : sellus bibend\nBeneficiary bank address : nsectetur ante. Sed auctor, ligula nec faucibus egestas,\nBeneficiary bank account : nean feugiat dui id tortor. Maecenas e\nCorrespondent bank name : iaculis metus euismod faucibus\nCorrespondent bank swift code : isque et, sapien. Vestibu\nCorrespondent bank address : is nunc, venenatis id, suscipit ut, mattis eget, felis. Do\nCorrespondent bank account : \nClient : 20\nBank details : 11', 'noreply@nomail.com', '', '', '', '', '', 'realtime', 'Swift_MailTransport', NULL, 'Message-ID: <1423554396.54d9b75c7614f@diffco.local>\r\nDate: Tue, 10 Feb 2015 12:46:36 +0500\r\nSubject: Default subject\r\nFrom: noreply@nomail.com\r\nMIME-Version: 1.0\r\nContent-Type: text/plain; charset=utf-8\r\nContent-Transfer-Encoding: quoted-printable\r\n\r\nName account : ongue massa.\r\nRecipient : dui. M\r\nPurpose payment : =\r\nPellentesque adipisc\r\nBank name : , nunc. Maecenas at ligula. Sed por=\r\nttitor, dolor n\r\nBank address : porttitor, dolor nec porta elementum, =\r\nnisl purus\r\nBik : In\r\nBank kpp : idi\r\nBank inn : ntum. Duis =\r\negestas molestie a\r\nCorrespondent account : et od\r\nReceiver settle=\r\nment account : t mauris. Duis ultrices, to\r\nReceiver inn : 23123\r\nR=\r\neceiver kpp : o, porta sit\r\nBeneficiary bank name :=20\r\nBeneficiary b=\r\nank swift code : sellus bibend\r\nBeneficiary bank address : nsectetur =\r\nante. Sed auctor, ligula nec faucibus egestas,\r\nBeneficiary bank acco=\r\nunt : nean feugiat dui id tortor. Maecenas e\r\nCorrespondent bank name=\r\n : iaculis metus euismod faucibus\r\nCorrespondent bank swift code : is=\r\nque et, sapien. Vestibu\r\nCorrespondent bank address : is nunc, venenat=\r\nis id, suscipit ut, mattis eget, felis. Do\r\nCorrespondent bank accoun=\r\nt :=20\r\nClient : 20\r\nBank details : 11', '2015-02-10 12:46:36'),
(121, 5, 'Default subject', 'Name account : ongue massa.\nRecipient : dui. M\nPurpose payment : Pellentesque adipisc\nBank name : , nunc. Maecenas at ligula. Sed porttitor, dolor n\nBank address : porttitor, dolor nec porta elementum, nisl purus\nBik : In\nBank kpp : idi\nBank inn : ntum. Duis egestas molestie a\nCorrespondent account : et od\nReceiver settlement account : t mauris. Duis ultrices, to\nReceiver inn : 23123\nReceiver kpp : o, porta sit\nBeneficiary bank name : \nBeneficiary bank swift code : sellus bibend\nBeneficiary bank address : nsectetur ante. Sed auctor, ligula nec faucibus egestas,\nBeneficiary bank account : nean feugiat dui id tortor. Maecenas e\nCorrespondent bank name : iaculis metus euismod faucibus\nCorrespondent bank swift code : isque et, sapien. Vestibu\nCorrespondent bank address : is nunc, venenatis id, suscipit ut, mattis eget, felis. Do\nCorrespondent bank account : \nClient : 20\nBank details : 11', 'noreply@nomail.com', '', '', '', '', '', 'realtime', 'Swift_MailTransport', NULL, 'Message-ID: <1423554404.54d9b764cffc4@diffco.local>\r\nDate: Tue, 10 Feb 2015 12:46:44 +0500\r\nSubject: Default subject\r\nFrom: noreply@nomail.com\r\nMIME-Version: 1.0\r\nContent-Type: text/plain; charset=utf-8\r\nContent-Transfer-Encoding: quoted-printable\r\n\r\nName account : ongue massa.\r\nRecipient : dui. M\r\nPurpose payment : =\r\nPellentesque adipisc\r\nBank name : , nunc. Maecenas at ligula. Sed por=\r\nttitor, dolor n\r\nBank address : porttitor, dolor nec porta elementum, =\r\nnisl purus\r\nBik : In\r\nBank kpp : idi\r\nBank inn : ntum. Duis =\r\negestas molestie a\r\nCorrespondent account : et od\r\nReceiver settle=\r\nment account : t mauris. Duis ultrices, to\r\nReceiver inn : 23123\r\nR=\r\neceiver kpp : o, porta sit\r\nBeneficiary bank name :=20\r\nBeneficiary b=\r\nank swift code : sellus bibend\r\nBeneficiary bank address : nsectetur =\r\nante. Sed auctor, ligula nec faucibus egestas,\r\nBeneficiary bank acco=\r\nunt : nean feugiat dui id tortor. Maecenas e\r\nCorrespondent bank name=\r\n : iaculis metus euismod faucibus\r\nCorrespondent bank swift code : is=\r\nque et, sapien. Vestibu\r\nCorrespondent bank address : is nunc, venenat=\r\nis id, suscipit ut, mattis eget, felis. Do\r\nCorrespondent bank accoun=\r\nt :=20\r\nClient : 20\r\nBank details : 11', '2015-02-10 12:46:44'),
(122, 8, 'Default subject', 'Mailto : hedge.smrgl@gmail.com', 'noreply@nomail.com', '', '', '', '', '', 'realtime', 'Swift_MailTransport', NULL, 'Message-ID: <1423554464.54d9b7a072e62@diffco.local>\r\nDate: Tue, 10 Feb 2015 12:47:44 +0500\r\nSubject: Default subject\r\nFrom: noreply@nomail.com\r\nMIME-Version: 1.0\r\nContent-Type: text/plain; charset=utf-8\r\nContent-Transfer-Encoding: quoted-printable\r\n\r\nMailto : hedge.smrgl@gmail.com', '2015-02-10 12:47:44'),
(123, 5, 'Default subject', 'Name account : mi eu massa. Sed eu augue. C\r\nRecipient : uam aliqu\r\nPurpose payment : imentum urna in urna. Nulla in enim. In diam purus, suscipit ut, tincidunt\r\nBank name : malesuada dictum. Ut velit lectus\r\nBank address : \r\nBik : \r\nBank kpp : massa. Morbi\r\nBank inn : \r\nCorrespondent account : at vulputate velit. Maecenas\r\nReceiver settlement account : elementum in, fermentum biben\r\nReceiver inn : a dolor. Vivamus consectetur, q\r\nReceiver kpp : m neq\r\nBeneficiary bank name : auris tempor vehicula. Sed ullamcorper tellus non ligula.\r\nBeneficiary bank swift code : orper a, urna\r\nBeneficiary bank address : mollis mi semper varius. Intege\r\nBeneficiary bank account : llentesque laoreet er\r\nCorrespondent bank name : ementum scelerisque, nulla massa porta nunc, sed dictum mi dia\r\nCorrespondent bank swift code : eu neque. Nunc consequat\r\nCorrespondent bank address : 12qwe\r\nCorrespondent bank account : it, vehicula at, arcu. Morbi neque odio, mollis nec,\r\nClient : 7\r\nBank details : 12', 'noreply@nomail.com', 'hedge.smrgl@gmail.com', '', '', '', '', 'realtime', 'Swift_MailTransport', NULL, 'Message-ID: <1423554930.54d9b972b422e@diffco.local>\r\nDate: Tue, 10 Feb 2015 12:55:30 +0500\r\nSubject: Default subject\r\nFrom: noreply@nomail.com\r\nTo: hedge.smrgl@gmail.com\r\nMIME-Version: 1.0\r\nContent-Type: text/plain; charset=utf-8\r\nContent-Transfer-Encoding: quoted-printable\r\n\r\nName account : mi eu massa. Sed eu augue. C\r\nRecipient : uam aliqu=\r\n\r\nPurpose payment : imentum urna in urna. Nulla in enim. In diam pur=\r\nus, suscipit ut, tincidunt\r\nBank name : malesuada dictum. Ut velit le=\r\nctus\r\nBank address :=20\r\nBik :=20\r\nBank kpp : massa. Morbi\r\nB=\r\nank inn :=20\r\nCorrespondent account : at vulputate velit. Maecenas\r\nR=\r\neceiver settlement account : elementum in, fermentum biben\r\nReceiver =\r\ninn : a dolor. Vivamus consectetur, q\r\nReceiver kpp : m neq\r\nBenef=\r\niciary bank name : auris tempor vehicula. Sed ullamcorper tellus non lig=\r\nula.\r\nBeneficiary bank swift code : orper a, urna\r\nBeneficiary b=\r\nank address : mollis mi semper varius. Intege\r\nBeneficiary bank acco=\r\nunt : llentesque laoreet er\r\nCorrespondent bank name : ementum sceleri=\r\nsque, nulla massa porta nunc, sed dictum mi dia\r\nCorrespondent bank sw=\r\nift code : eu neque. Nunc consequat\r\nCorrespondent bank address : 12qw=\r\ne\r\nCorrespondent bank account : it, vehicula at, arcu. Morbi neque o=\r\ndio, mollis nec,\r\nClient : 7\r\nBank details : 12', '2015-02-10 12:55:30'),
(124, 6, 'Default subject', 'Surname : endisse\r\nName : m pede fringilla \r\nPatronymic : auctor et,\r\nBirth date : 2009-03-21\r\nBirth place : ctus et, euismod sit amet, cu\r\nPost address : aculis vitae, porttitor ac, viverra nec, neque\r\nPassport series : ulis interd\r\nPassport number : nim faucibus\r\nRegistration : asellus trist\r\nPassport date : 2010-06-16\r\nInn : nec et libero. Duis feugi\r\nPlace of issue : asdfasdf\r\nClient : 7', 'noreply@nomail.com', 'hedge.smrgl@gmail.com', '', '', '', '', 'realtime', 'Swift_MailTransport', NULL, 'Message-ID: <1423555065.54d9b9f9e3838@diffco.local>\r\nDate: Tue, 10 Feb 2015 12:57:45 +0500\r\nSubject: Default subject\r\nFrom: noreply@nomail.com\r\nTo: hedge.smrgl@gmail.com\r\nMIME-Version: 1.0\r\nContent-Type: multipart/mixed;\r\n boundary="_=_swift_v4_142355506554d9b9f9ed1cd_=_"\r\n\r\n\r\n--_=_swift_v4_142355506554d9b9f9ed1cd_=_\r\nContent-Type: text/plain; charset=utf-8\r\nContent-Transfer-Encoding: quoted-printable\r\n\r\nSurname : endisse\r\nName : m pede fringilla=20\r\nPatronymic : auctor e=\r\nt,\r\nBirth date : 2009-03-21\r\nBirth place : ctus et, euismod sit am=\r\net, cu\r\nPost address : aculis vitae, porttitor ac, viverra nec, neque=\r\n\r\nPassport series : ulis interd\r\nPassport number : nim faucibu=\r\ns\r\nRegistration : asellus trist\r\nPassport date : 2010-06-16\r\nI=\r\nnn : nec et libero. Duis feugi\r\nPlace of issue : asdfasdf\r\nClient=\r\n : 7\r\n\r\n--_=_swift_v4_142355506554d9b9f9ed1cd_=_\r\nContent-Type: image/gif; name=mission_icon_3.gif\r\nContent-Transfer-Encoding: base64\r\nContent-Disposition: ', '2015-02-10 12:57:46'),
(125, 5, 'Default subject', 'Name account : mi eu massa. Sed eu augue. C\r\nRecipient : uam aliqu\r\nPurpose payment : imentum urna in urna. Nulla in enim. In diam purus, suscipit ut, tincidunt\r\nBank name : malesuada dictum. Ut velit lectus\r\nBank address : \r\nBik : \r\nBank kpp : massa. Morbi\r\nBank inn : \r\nCorrespondent account : at vulputate velit. Maecenas\r\nReceiver settlement account : elementum in, fermentum biben\r\nReceiver inn : a dolor. Vivamus consectetur, q\r\nReceiver kpp : m neq\r\nBeneficiary bank name : auris tempor vehicula. Sed ullamcorper tellus non ligula.\r\nBeneficiary bank swift code : orper a, urna\r\nBeneficiary bank address : mollis mi semper varius. Intege\r\nBeneficiary bank account : llentesque laoreet er\r\nCorrespondent bank name : ementum scelerisque, nulla massa porta nunc, sed dictum mi dia\r\nCorrespondent bank swift code : eu neque. Nunc consequat\r\nCorrespondent bank address : 123123\r\nCorrespondent bank account : it, vehicula at, arcu. Morbi neque odio, mollis nec,\r\nClient : 7\r\nBank details : 12', 'noreply@nomail.com', 'hedge.smrgl@gmail.com', '', '', '', '', 'realtime', 'Swift_MailTransport', NULL, 'Message-ID: <1423555106.54d9ba224f8b2@diffco.local>\r\nDate: Tue, 10 Feb 2015 12:58:26 +0500\r\nSubject: Default subject\r\nFrom: noreply@nomail.com\r\nTo: hedge.smrgl@gmail.com\r\nMIME-Version: 1.0\r\nContent-Type: text/plain; charset=utf-8\r\nContent-Transfer-Encoding: quoted-printable\r\n\r\nName account : mi eu massa. Sed eu augue. C\r\nRecipient : uam aliqu=\r\n\r\nPurpose payment : imentum urna in urna. Nulla in enim. In diam pur=\r\nus, suscipit ut, tincidunt\r\nBank name : malesuada dictum. Ut velit le=\r\nctus\r\nBank address :=20\r\nBik :=20\r\nBank kpp : massa. Morbi\r\nB=\r\nank inn :=20\r\nCorrespondent account : at vulputate velit. Maecenas\r\nR=\r\neceiver settlement account : elementum in, fermentum biben\r\nReceiver =\r\ninn : a dolor. Vivamus consectetur, q\r\nReceiver kpp : m neq\r\nBenef=\r\niciary bank name : auris tempor vehicula. Sed ullamcorper tellus non lig=\r\nula.\r\nBeneficiary bank swift code : orper a, urna\r\nBeneficiary b=\r\nank address : mollis mi semper varius. Intege\r\nBeneficiary bank acco=\r\nunt : llentesque laoreet er\r\nCorrespondent bank name : ementum sceleri=\r\nsque, nulla massa porta nunc, sed dictum mi dia\r\nCorrespondent bank sw=\r\nift code : eu neque. Nunc consequat\r\nCorrespondent bank address : 1231=\r\n23\r\nCorrespondent bank account : it, vehicula at, arcu. Morbi neque o=\r\ndio, mollis nec,\r\nClient : 7\r\nBank details : 12', '2015-02-10 12:58:26'),
(126, 8, 'Default subject', 'Запрос', 'noreply@nomail.com', 'hedge.smrgl@gmail.com', '', '', '', '', 'realtime', 'Swift_MailTransport', NULL, 'Message-ID: <1423555231.54d9ba9f61170@diffco.local>\r\nDate: Tue, 10 Feb 2015 13:00:31 +0500\r\nSubject: Default subject\r\nFrom: noreply@nomail.com\r\nTo: hedge.smrgl@gmail.com\r\nMIME-Version: 1.0\r\nContent-Type: text/plain; charset=utf-8\r\nContent-Transfer-Encoding: quoted-printable\r\n\r\n=D0=97=D0=B0=D0=BF=D1=80=D0=BE=D1=81', '2015-02-10 13:00:31'),
(127, 8, 'Default subject', 'Запрос', 'noreply@nomail.com', 'hedge.smrgl@gmail.com', '', '', '', '', 'realtime', 'Swift_MailTransport', NULL, 'Message-ID: <1423555232.54d9baa08b442@diffco.local>\r\nDate: Tue, 10 Feb 2015 13:00:32 +0500\r\nSubject: Default subject\r\nFrom: noreply@nomail.com\r\nTo: hedge.smrgl@gmail.com\r\nMIME-Version: 1.0\r\nContent-Type: text/plain; charset=utf-8\r\nContent-Transfer-Encoding: quoted-printable\r\n\r\n=D0=97=D0=B0=D0=BF=D1=80=D0=BE=D1=81', '2015-02-10 13:00:32'),
(128, 5, 'Default subject', 'Name account : ongue massa.\r\nRecipient : dui. M\r\nPurpose payment : Pellentesque adipisc\r\nBank name : , nunc. Maecenas at ligula. Sed porttitor, dolor n\r\nBank address : porttitor, dolor nec porta elementum, nisl purus\r\nBik : In\r\nBank kpp : idi\r\nBank inn : ntum. Duis egestas molestie a\r\nCorrespondent account : et od\r\nReceiver settlement account : t mauris. Duis ultrices, to\r\nReceiver inn : 123123\r\nReceiver kpp : o, porta sit\r\nBeneficiary bank name : \r\nBeneficiary bank swift code : sellus bibend\r\nBeneficiary bank address : nsectetur ante. Sed auctor, ligula nec faucibus egestas,\r\nBeneficiary bank account : nean feugiat dui id tortor. Maecenas e\r\nCorrespondent bank name : iaculis metus euismod faucibus\r\nCorrespondent bank swift code : isque et, sapien. Vestibu\r\nCorrespondent bank address : is nunc, venenatis id, suscipit ut, mattis eget, felis. Do\r\nCorrespondent bank account : \r\nClient : 20\r\nBank details : 11', 'noreply@nomail.com', 'hedge.smrgl@gmail.com', '', '', '', '', 'realtime', 'Swift_MailTransport', NULL, 'Message-ID: <1423555236.54d9baa4b25bf@diffco.local>\r\nDate: Tue, 10 Feb 2015 13:00:36 +0500\r\nSubject: Default subject\r\nFrom: noreply@nomail.com\r\nTo: hedge.smrgl@gmail.com\r\nMIME-Version: 1.0\r\nContent-Type: text/plain; charset=utf-8\r\nContent-Transfer-Encoding: quoted-printable\r\n\r\nName account : ongue massa.\r\nRecipient : dui. M\r\nPurpose payment :=\r\n Pellentesque adipisc\r\nBank name : , nunc. Maecenas at ligula. Sed p=\r\norttitor, dolor n\r\nBank address : porttitor, dolor nec porta element=\r\num, nisl purus\r\nBik : In\r\nBank kpp : idi\r\nBank inn : ntum. Duis=\r\n egestas molestie a\r\nCorrespondent account : et od\r\nReceiver settl=\r\nement account : t mauris. Duis ultrices, to\r\nReceiver inn : 123123=\r\n\r\nReceiver kpp : o, porta sit\r\nBeneficiary bank name :=20\r\nBenef=\r\niciary bank swift code : sellus bibend\r\nBeneficiary bank address : ns=\r\nectetur ante. Sed auctor, ligula nec faucibus egestas,\r\nBeneficiary b=\r\nank account : nean feugiat dui id tortor. Maecenas e\r\nCorrespondent =\r\nbank name : iaculis metus euismod faucibus\r\nCorrespondent bank swift =\r\ncode : isque et, sapien. Vestibu\r\nCorrespondent bank address : is nu=\r\nnc, venenatis id, suscipit ut, mattis eget, felis. Do\r\nCorrespondent=\r\n bank account :=20\r\nClient : 20\r\nBank details : 11', '2015-02-10 13:00:36');

-- --------------------------------------------------------

--
-- Table structure for table `dm_setting`
--

CREATE TABLE IF NOT EXISTS `dm_setting` (
  `id` bigint(20) NOT NULL AUTO_INCREMENT,
  `name` varchar(127) COLLATE utf8_unicode_ci NOT NULL,
  `type` varchar(255) COLLATE utf8_unicode_ci NOT NULL DEFAULT 'text',
  `params` text COLLATE utf8_unicode_ci,
  `group_name` varchar(255) COLLATE utf8_unicode_ci NOT NULL DEFAULT '',
  `credentials` varchar(255) COLLATE utf8_unicode_ci DEFAULT NULL,
  PRIMARY KEY (`id`),
  UNIQUE KEY `name` (`name`)
) ENGINE=InnoDB  DEFAULT CHARSET=utf8 COLLATE=utf8_unicode_ci AUTO_INCREMENT=19 ;

--
-- Dumping data for table `dm_setting`
--

INSERT INTO `dm_setting` (`id`, `name`, `type`, `params`, `group_name`, `credentials`) VALUES
(1, 'site_name', 'text', NULL, 'site', NULL),
(2, 'site_active', 'boolean', NULL, 'site', NULL),
(3, 'site_indexable', 'boolean', NULL, 'site', NULL),
(4, 'site_working_copy', 'boolean', NULL, 'site', NULL),
(5, 'ga_key', 'text', NULL, 'tracking', 'google_analytics'),
(6, 'ga_token', 'text', NULL, 'internal', 'google_analytics'),
(7, 'gwt_key', 'text', NULL, 'tracking', 'google_webmaster_tools'),
(8, 'xiti_code', 'textarea', NULL, 'tracking', 'xiti'),
(9, 'search_stop_words', 'textarea', NULL, 'search engine', 'search_engine'),
(10, 'base_urls', 'textarea', NULL, 'internal', 'system'),
(11, 'image_resize_method', 'select', 'fit=Fit scale=Scale inflate=Inflate top=Top right=Right left=Left bottom=Bottom center=Center', 'interface', 'interface_settings'),
(12, 'image_resize_quality', 'number', NULL, 'interface', 'interface_settings'),
(13, 'link_external_blank', 'boolean', NULL, 'interface', 'interface_settings'),
(14, 'link_current_span', 'boolean', NULL, 'interface', 'interface_settings'),
(15, 'link_use_page_title', 'boolean', NULL, 'interface', 'interface_settings'),
(16, 'title_prefix', 'text', NULL, 'seo', 'manual_metas'),
(17, 'title_suffix', 'text', NULL, 'seo', 'manual_metas'),
(18, 'smart_404', 'boolean', NULL, 'seo', 'url_redirection');

-- --------------------------------------------------------

--
-- Table structure for table `dm_setting_translation`
--

CREATE TABLE IF NOT EXISTS `dm_setting_translation` (
  `id` bigint(20) NOT NULL DEFAULT '0',
  `description` varchar(255) COLLATE utf8_unicode_ci DEFAULT NULL,
  `value` text COLLATE utf8_unicode_ci,
  `default_value` text COLLATE utf8_unicode_ci,
  `lang` char(7) COLLATE utf8_unicode_ci NOT NULL DEFAULT '',
  PRIMARY KEY (`id`,`lang`)
) ENGINE=InnoDB DEFAULT CHARSET=utf8 COLLATE=utf8_unicode_ci;

--
-- Dumping data for table `dm_setting_translation`
--

INSERT INTO `dm_setting_translation` (`id`, `description`, `value`, `default_value`, `lang`) VALUES
(1, 'The site name', 'Diffco', 'Diffco', 'ru'),
(2, 'Is the site ready for visitors ?', '1', '1', 'ru'),
(3, 'Is the site ready for search engine crawlers ?', '1', '1', 'ru'),
(4, 'Is this site the current working copy ?', '1', '1', 'ru'),
(5, 'The google analytics key without javascript stuff ( e.g. UA-9876614-1 )', NULL, '', 'ru'),
(6, 'Auth token gor Google Analytics, computed from password', NULL, '', 'ru'),
(7, 'The google webmaster tools filename without google and .html ( e.g. a913b555ba9b4f13 )', NULL, '', 'ru'),
(8, 'The xiti html code', NULL, '', 'ru'),
(9, 'Words to exclude from searches (e.g. the, a, to )', NULL, '', 'ru'),
(10, 'Diem base urls for different applications/environments/cultures', '{"front-prod":"http:\\/\\/diffco.local\\/index.php","front-dev":"http:\\/\\/diffco.local\\/dev.php","admin-prod":"http:\\/\\/diffco.local\\/admin.php","admin-dev":"http:\\/\\/diffco.local\\/admin_dev.php"}', '', 'ru'),
(11, 'Default method when an image needs to be resized', 'center', 'center', 'ru'),
(12, 'Jpeg default quality when generating thumbnails', '95', '95', 'ru'),
(13, 'Links to other domain get automatically a _blank target', NULL, '0', 'ru'),
(14, 'Links to current page are changed from <a> to <span>', '1', '1', 'ru'),
(15, 'Add an automatic title on link based on the target page title', '1', '1', 'ru'),
(16, 'Append something at the beginning of all pages title', NULL, '', 'ru'),
(17, 'Append something at the end of all pages title', ' | Diffco', ' | Diffco', 'ru'),
(18, 'When a page is not found, user is redirect to a similar page. The internal search index is used to find the best page for requested url.', '1', '1', 'ru');

-- --------------------------------------------------------

--
-- Table structure for table `dm_trans_unit`
--

CREATE TABLE IF NOT EXISTS `dm_trans_unit` (
  `id` bigint(20) NOT NULL AUTO_INCREMENT,
  `dm_catalogue_id` bigint(20) NOT NULL,
  `source` text COLLATE utf8_unicode_ci NOT NULL,
  `target` text COLLATE utf8_unicode_ci NOT NULL,
  `meta` varchar(255) COLLATE utf8_unicode_ci DEFAULT NULL,
  `created_at` datetime NOT NULL,
  `updated_at` datetime NOT NULL,
  PRIMARY KEY (`id`),
  KEY `dm_catalogue_id_idx` (`dm_catalogue_id`)
) ENGINE=InnoDB DEFAULT CHARSET=utf8 COLLATE=utf8_unicode_ci AUTO_INCREMENT=1 ;

-- --------------------------------------------------------

--
-- Table structure for table `dm_user`
--

CREATE TABLE IF NOT EXISTS `dm_user` (
  `id` bigint(20) NOT NULL AUTO_INCREMENT,
  `username` varchar(255) COLLATE utf8_unicode_ci NOT NULL,
  `email` varchar(255) COLLATE utf8_unicode_ci NOT NULL,
  `algorithm` varchar(128) COLLATE utf8_unicode_ci NOT NULL DEFAULT 'sha1',
  `salt` varchar(128) COLLATE utf8_unicode_ci DEFAULT NULL,
  `password` varchar(128) COLLATE utf8_unicode_ci DEFAULT NULL,
  `is_active` tinyint(1) DEFAULT '1',
  `is_super_admin` tinyint(1) DEFAULT '0',
  `last_login` datetime DEFAULT NULL,
  `forgot_password_code` varchar(12) COLLATE utf8_unicode_ci DEFAULT NULL,
  `created_at` datetime NOT NULL,
  `updated_at` datetime NOT NULL,
  PRIMARY KEY (`id`),
  UNIQUE KEY `username` (`username`),
  UNIQUE KEY `email` (`email`),
  UNIQUE KEY `forgot_password_code` (`forgot_password_code`),
  KEY `is_active_idx_idx` (`is_active`)
) ENGINE=InnoDB  DEFAULT CHARSET=utf8 COLLATE=utf8_unicode_ci AUTO_INCREMENT=5 ;

--
-- Dumping data for table `dm_user`
--

INSERT INTO `dm_user` (`id`, `username`, `email`, `algorithm`, `salt`, `password`, `is_active`, `is_super_admin`, `last_login`, `forgot_password_code`, `created_at`, `updated_at`) VALUES
(1, 'admin', 'admin@diffco.com', 'sha1', '6b17b7e4b519499fd744752ef4d24fe6', 'ac6d7bff567b232cf41700aa473f2c8aa4f23ecb', 1, 1, '2015-02-10 13:00:00', NULL, '2015-01-26 10:08:49', '2015-01-26 10:08:49'),
(2, 'Sergey.Melkov@softline.ru', 'Sergey.Melkov@softline.ru', 'sha1', '4c8108d5cb01c61493bdd7b48c8bea0d', '4af1d2aabbe3d65d64ccf03804639b8672505976', 1, 0, NULL, NULL, '2015-01-30 10:03:43', '2015-01-30 10:03:43'),
(3, 'test1', 'test1@test.ts', 'sha1', 'b43ee4602bf6f9c3ce98261282c7aebd', '7a2225767809b0d0cc8e7198cd0aabd6d9a4dd03', 1, 0, NULL, NULL, '2015-02-08 07:35:26', '2015-02-10 12:55:04'),
(4, 'manager1', 'hedge.smrgl@gmail.com', 'sha1', 'b33b92714805931336861edae4935d57', '8fd3d004396bf35f9c5bd7ac6ee3d7277ae5136a', 1, 0, NULL, NULL, '2015-02-10 12:35:50', '2015-02-10 12:35:50');

-- --------------------------------------------------------

--
-- Table structure for table `dm_user_group`
--

CREATE TABLE IF NOT EXISTS `dm_user_group` (
  `dm_user_id` bigint(20) NOT NULL DEFAULT '0',
  `dm_group_id` bigint(20) NOT NULL DEFAULT '0',
  PRIMARY KEY (`dm_user_id`,`dm_group_id`),
  KEY `dm_user_group_dm_group_id_dm_group_id` (`dm_group_id`)
) ENGINE=InnoDB DEFAULT CHARSET=utf8 COLLATE=utf8_unicode_ci;

-- --------------------------------------------------------

--
-- Table structure for table `dm_user_permission`
--

CREATE TABLE IF NOT EXISTS `dm_user_permission` (
  `dm_user_id` bigint(20) NOT NULL DEFAULT '0',
  `dm_permission_id` bigint(20) NOT NULL DEFAULT '0',
  PRIMARY KEY (`dm_user_id`,`dm_permission_id`),
  KEY `dm_user_permission_dm_permission_id_dm_permission_id` (`dm_permission_id`)
) ENGINE=InnoDB DEFAULT CHARSET=utf8 COLLATE=utf8_unicode_ci;

-- --------------------------------------------------------

--
-- Table structure for table `dm_widget`
--

CREATE TABLE IF NOT EXISTS `dm_widget` (
  `id` bigint(20) NOT NULL AUTO_INCREMENT,
  `dm_zone_id` bigint(20) NOT NULL,
  `module` varchar(127) COLLATE utf8_unicode_ci NOT NULL,
  `action` varchar(127) COLLATE utf8_unicode_ci NOT NULL,
  `css_class` varchar(255) COLLATE utf8_unicode_ci DEFAULT NULL,
  `position` bigint(20) DEFAULT NULL,
  `updated_at` datetime NOT NULL,
  PRIMARY KEY (`id`),
  KEY `dm_zone_id_idx` (`dm_zone_id`)
) ENGINE=InnoDB  DEFAULT CHARSET=utf8 COLLATE=utf8_unicode_ci AUTO_INCREMENT=8 ;

--
-- Dumping data for table `dm_widget`
--

INSERT INTO `dm_widget` (`id`, `dm_zone_id`, `module`, `action`, `css_class`, `position`, `updated_at`) VALUES
(1, 1, 'dmWidgetContent', 'title', NULL, -1, '2015-01-26 10:08:50'),
(2, 2, 'dmUser', 'signin', NULL, -2, '2015-01-26 10:08:50'),
(4, 11, 'account', 'accountListClient', '', 1, '2015-01-30 16:26:02'),
(6, 13, 'client', 'clientData', '', 1, '2015-01-31 17:36:07'),
(7, 12, 'report', 'reportListClient', '', 1, '2015-02-09 17:09:28');

-- --------------------------------------------------------

--
-- Table structure for table `dm_widget_translation`
--

CREATE TABLE IF NOT EXISTS `dm_widget_translation` (
  `id` bigint(20) NOT NULL DEFAULT '0',
  `value` text COLLATE utf8_unicode_ci,
  `lang` char(7) COLLATE utf8_unicode_ci NOT NULL DEFAULT '',
  PRIMARY KEY (`id`,`lang`)
) ENGINE=InnoDB DEFAULT CHARSET=utf8 COLLATE=utf8_unicode_ci;

--
-- Dumping data for table `dm_widget_translation`
--

INSERT INTO `dm_widget_translation` (`id`, `value`, `lang`) VALUES
(1, '{"text":"Page not found","tag":"h1"}', 'ru'),
(2, '[]', 'ru'),
(4, '[]', 'ru'),
(6, '[]', 'ru'),
(7, '[]', 'ru');

-- --------------------------------------------------------

--
-- Table structure for table `dm_zone`
--

CREATE TABLE IF NOT EXISTS `dm_zone` (
  `id` bigint(20) NOT NULL AUTO_INCREMENT,
  `dm_area_id` bigint(20) NOT NULL,
  `css_class` varchar(255) COLLATE utf8_unicode_ci DEFAULT NULL,
  `width` varchar(15) COLLATE utf8_unicode_ci DEFAULT NULL,
  `position` bigint(20) DEFAULT NULL,
  PRIMARY KEY (`id`),
  KEY `dm_area_id_idx` (`dm_area_id`)
) ENGINE=InnoDB  DEFAULT CHARSET=utf8 COLLATE=utf8_unicode_ci AUTO_INCREMENT=50 ;

--
-- Dumping data for table `dm_zone`
--

INSERT INTO `dm_zone` (`id`, `dm_area_id`, `css_class`, `width`, `position`) VALUES
(1, 1, NULL, NULL, -1),
(2, 2, NULL, NULL, -2),
(3, 3, NULL, NULL, -3),
(4, 4, NULL, NULL, -4),
(5, 5, NULL, NULL, -5),
(6, 6, NULL, NULL, -6),
(7, 7, NULL, NULL, -7),
(8, 8, NULL, NULL, -8),
(9, 9, NULL, NULL, -9),
(10, 10, NULL, NULL, -10),
(11, 11, NULL, NULL, -11),
(12, 12, NULL, NULL, -12),
(13, 13, NULL, NULL, -13),
(14, 14, NULL, NULL, -14),
(15, 15, NULL, NULL, -15),
(16, 16, NULL, NULL, -16),
(17, 17, NULL, NULL, -17),
(18, 18, NULL, NULL, -18),
(19, 19, NULL, NULL, -19),
(20, 20, NULL, NULL, -20),
(21, 21, NULL, NULL, -21),
(22, 22, NULL, NULL, -22),
(23, 23, NULL, NULL, -23),
(24, 24, NULL, NULL, -24),
(25, 25, NULL, NULL, -25),
(26, 26, NULL, NULL, -26),
(27, 27, NULL, NULL, -27),
(28, 28, NULL, NULL, -28),
(29, 29, NULL, NULL, -29),
(30, 30, NULL, NULL, -30),
(31, 31, NULL, NULL, -31),
(32, 32, NULL, NULL, -32),
(33, 33, NULL, NULL, -33),
(34, 34, NULL, NULL, -34),
(35, 35, NULL, NULL, -35),
(36, 36, NULL, NULL, -36),
(37, 37, NULL, NULL, -37),
(38, 38, NULL, NULL, -38),
(39, 39, NULL, NULL, -39),
(40, 40, NULL, NULL, -40),
(41, 41, NULL, NULL, -41),
(42, 42, NULL, NULL, -42),
(43, 43, NULL, NULL, -43),
(44, 44, NULL, NULL, -44),
(45, 45, NULL, NULL, -45),
(46, 46, NULL, NULL, -46),
(47, 47, NULL, NULL, -47),
(48, 48, NULL, NULL, -48),
(49, 49, NULL, NULL, -49);

-- --------------------------------------------------------

--
-- Table structure for table `manager`
--

CREATE TABLE IF NOT EXISTS `manager` (
  `id` bigint(20) NOT NULL AUTO_INCREMENT,
  `name` varchar(128) COLLATE utf8_unicode_ci NOT NULL,
  `surname` varchar(128) COLLATE utf8_unicode_ci NOT NULL,
  `patronymic` varchar(128) COLLATE utf8_unicode_ci NOT NULL,
  `email` varchar(128) COLLATE utf8_unicode_ci NOT NULL,
  `dm_user_id` bigint(20) NOT NULL,
  `login` varchar(128) COLLATE utf8_unicode_ci NOT NULL,
  PRIMARY KEY (`id`),
  UNIQUE KEY `email` (`email`),
  KEY `manager_dm_user_id_idx` (`dm_user_id`)
) ENGINE=InnoDB  DEFAULT CHARSET=utf8 COLLATE=utf8_unicode_ci AUTO_INCREMENT=7 ;

--
-- Dumping data for table `manager`
--

INSERT INTO `manager` (`id`, `name`, `surname`, `patronymic`, `email`, `dm_user_id`, `login`) VALUES
(6, 'manager', 'manager', ', suscipit ut, tincidunt vitae, rutr', 'hedge.smrgl@gmail.com', 4, 'manager');

-- --------------------------------------------------------

--
-- Table structure for table `migration_version`
--

CREATE TABLE IF NOT EXISTS `migration_version` (
  `version` int(11) DEFAULT NULL
) ENGINE=InnoDB DEFAULT CHARSET=utf8;

--
-- Dumping data for table `migration_version`
--

INSERT INTO `migration_version` (`version`) VALUES
(10);

-- --------------------------------------------------------

--
-- Table structure for table `report`
--

CREATE TABLE IF NOT EXISTS `report` (
  `id` bigint(20) NOT NULL AUTO_INCREMENT,
  `start_date` date NOT NULL,
  `end_date` date NOT NULL,
  `report_date` date NOT NULL,
  `is_signed` tinyint(1) NOT NULL DEFAULT '0',
  `account_id` bigint(20) NOT NULL,
  PRIMARY KEY (`id`),
  KEY `report_account_id_idx` (`account_id`)
) ENGINE=InnoDB  DEFAULT CHARSET=utf8 COLLATE=utf8_unicode_ci AUTO_INCREMENT=11 ;

--
-- Dumping data for table `report`
--

INSERT INTO `report` (`id`, `start_date`, `end_date`, `report_date`, `is_signed`, `account_id`) VALUES
(1, '2014-11-20', '2015-12-28', '2015-01-31', 1, 2),
(2, '2010-06-16', '2014-07-12', '2010-07-18', 1, 3),
(3, '2014-03-26', '2014-03-16', '2014-05-06', 0, 4),
(4, '2014-12-01', '2015-01-01', '2014-12-12', 0, 4),
(5, '2015-01-20', '2015-01-30', '2015-01-25', 1, 4),
(6, '2015-01-01', '2015-02-01', '2015-01-15', 1, 1),
(7, '2012-07-08', '2011-05-14', '2012-08-31', 1, 4),
(8, '2013-10-10', '2014-10-28', '2013-11-09', 0, 5),
(9, '2014-12-17', '2015-01-09', '2015-01-03', 1, 4),
(10, '2010-07-23', '2009-03-10', '2005-08-13', 1, 3);

-- --------------------------------------------------------

--
-- Table structure for table `stock`
--

CREATE TABLE IF NOT EXISTS `stock` (
  `id` bigint(20) NOT NULL AUTO_INCREMENT,
  `stock_name` varchar(128) COLLATE utf8_unicode_ci NOT NULL,
  `stock_number` bigint(20) NOT NULL,
  `amount` float(18,2) NOT NULL,
  `currency_id` bigint(20) NOT NULL,
  `account_id` bigint(20) NOT NULL,
  `place` varchar(128) COLLATE utf8_unicode_ci NOT NULL,
  PRIMARY KEY (`id`),
  KEY `stock_currency_id_idx` (`currency_id`),
  KEY `stock_account_id_idx` (`account_id`)
) ENGINE=InnoDB  DEFAULT CHARSET=utf8 COLLATE=utf8_unicode_ci AUTO_INCREMENT=11 ;

--
-- Dumping data for table `stock`
--

INSERT INTO `stock` (`id`, `stock_name`, `stock_number`, `amount`, `currency_id`, `account_id`, `place`) VALUES
(1, 'tempor, cursus at, du', 26858155, 0.00, 1, 3, 'sollicitudin. Vestib'),
(2, 'uis, condimentum convallis, gravida u', 82583286, 10.00, 3, 1, 'Cras eget'),
(3, 'nec sapien. Maecenas luctus pharetra', 19325159, 20.00, 1, 3, '. Sed augue. Sed sagittis nisl nec lacus. Nulla eget enim ut di'),
(4, 'ut, dictum at, blandit eu, erat. V', 15522618, 30.00, 3, 1, 'et suscipit massa o'),
(5, 'ciis natoque penatibus et magnis dis parturient montes', 52902367, 40.00, 3, 1, 'r. Vivamus consectetur, quam vel laoreet lobortis, nulla m'),
(6, 'ultrici', 35424823, 10.00, 2, 4, 't quam. Ma'),
(7, 't, odio. Ut ac massa at du', 20692949, 50.00, 2, 1, 'ulum ante ipsum primis in fa'),
(8, 'enas fringilla. Nu', 12015678, 0.00, 2, 2, 'consequat convallis. Integer porttitor imperdiet elit. Cras'),
(9, 'i luctus et u', 12401651, 0.00, 1, 2, 'inar metus qu'),
(10, 'orem. In sit amet diam eget mag', 77751781, 0.00, 3, 1, 'metus lacus c');

-- --------------------------------------------------------

--
-- Table structure for table `tariff_plan`
--

CREATE TABLE IF NOT EXISTS `tariff_plan` (
  `id` bigint(20) NOT NULL AUTO_INCREMENT,
  `name` varchar(128) COLLATE utf8_unicode_ci NOT NULL,
  PRIMARY KEY (`id`)
) ENGINE=InnoDB  DEFAULT CHARSET=utf8 COLLATE=utf8_unicode_ci AUTO_INCREMENT=4 ;

--
-- Dumping data for table `tariff_plan`
--

INSERT INTO `tariff_plan` (`id`, `name`) VALUES
(1, 'Основной'),
(2, 'Дополнительный'),
(3, 'Льготный');

--
-- Constraints for dumped tables
--

--
-- Constraints for table `account`
--
ALTER TABLE `account`
  ADD CONSTRAINT `account_agreement_id_agreement_id` FOREIGN KEY (`agreement_id`) REFERENCES `agreement` (`id`) ON DELETE CASCADE,
  ADD CONSTRAINT `account_currency_id_currency_id` FOREIGN KEY (`currency_id`) REFERENCES `currency` (`id`),
  ADD CONSTRAINT `account_tariff_plan_id_tariff_plan_id` FOREIGN KEY (`tariff_plan_id`) REFERENCES `tariff_plan` (`id`);

--
-- Constraints for table `agreement`
--
ALTER TABLE `agreement`
  ADD CONSTRAINT `agreement_manager_id_manager_id` FOREIGN KEY (`manager_id`) REFERENCES `manager` (`id`),
  ADD CONSTRAINT `agreement_client_id_client_id` FOREIGN KEY (`client_id`) REFERENCES `client` (`id`);

--
-- Constraints for table `bank_details`
--
ALTER TABLE `bank_details`
  ADD CONSTRAINT `bank_details_beneficiary_bank_country_id_country_id` FOREIGN KEY (`beneficiary_bank_country_id`) REFERENCES `country` (`id`),
  ADD CONSTRAINT `bank_details_client_id_client_id` FOREIGN KEY (`client_id`) REFERENCES `client` (`id`) ON DELETE CASCADE,
  ADD CONSTRAINT `bank_details_currency_id_currency_id` FOREIGN KEY (`currency_id`) REFERENCES `currency` (`id`);

--
-- Constraints for table `client`
--
ALTER TABLE `client`
  ADD CONSTRAINT `client_country_id_country_id` FOREIGN KEY (`country_id`) REFERENCES `country` (`id`),
  ADD CONSTRAINT `client_dm_user_id_dm_user_id` FOREIGN KEY (`dm_user_id`) REFERENCES `dm_user` (`id`);

--
-- Constraints for table `dm_area`
--
ALTER TABLE `dm_area`
  ADD CONSTRAINT `dm_area_dm_layout_id_dm_layout_id` FOREIGN KEY (`dm_layout_id`) REFERENCES `dm_layout` (`id`) ON DELETE CASCADE,
  ADD CONSTRAINT `dm_area_dm_page_view_id_dm_page_view_id` FOREIGN KEY (`dm_page_view_id`) REFERENCES `dm_page_view` (`id`) ON DELETE CASCADE;

--
-- Constraints for table `dm_auto_seo_translation`
--
ALTER TABLE `dm_auto_seo_translation`
  ADD CONSTRAINT `dm_auto_seo_translation_id_dm_auto_seo_id` FOREIGN KEY (`id`) REFERENCES `dm_auto_seo` (`id`) ON DELETE CASCADE ON UPDATE CASCADE;

--
-- Constraints for table `dm_group_permission`
--
ALTER TABLE `dm_group_permission`
  ADD CONSTRAINT `dm_group_permission_dm_group_id_dm_group_id` FOREIGN KEY (`dm_group_id`) REFERENCES `dm_group` (`id`) ON DELETE CASCADE,
  ADD CONSTRAINT `dm_group_permission_dm_permission_id_dm_permission_id` FOREIGN KEY (`dm_permission_id`) REFERENCES `dm_permission` (`id`) ON DELETE CASCADE;

--
-- Constraints for table `dm_lock`
--
ALTER TABLE `dm_lock`
  ADD CONSTRAINT `dm_lock_user_id_dm_user_id` FOREIGN KEY (`user_id`) REFERENCES `dm_user` (`id`) ON DELETE CASCADE;

--
-- Constraints for table `dm_mail_template_translation`
--
ALTER TABLE `dm_mail_template_translation`
  ADD CONSTRAINT `dm_mail_template_translation_id_dm_mail_template_id` FOREIGN KEY (`id`) REFERENCES `dm_mail_template` (`id`) ON DELETE CASCADE ON UPDATE CASCADE;

--
-- Constraints for table `dm_media`
--
ALTER TABLE `dm_media`
  ADD CONSTRAINT `dm_media_dm_media_folder_id_dm_media_folder_id` FOREIGN KEY (`dm_media_folder_id`) REFERENCES `dm_media_folder` (`id`) ON DELETE CASCADE;

--
-- Constraints for table `dm_media_translation`
--
ALTER TABLE `dm_media_translation`
  ADD CONSTRAINT `dm_media_translation_id_dm_media_id` FOREIGN KEY (`id`) REFERENCES `dm_media` (`id`) ON DELETE CASCADE ON UPDATE CASCADE;

--
-- Constraints for table `dm_page_translation`
--
ALTER TABLE `dm_page_translation`
  ADD CONSTRAINT `dm_page_translation_id_dm_page_id` FOREIGN KEY (`id`) REFERENCES `dm_page` (`id`) ON DELETE CASCADE ON UPDATE CASCADE;

--
-- Constraints for table `dm_page_view`
--
ALTER TABLE `dm_page_view`
  ADD CONSTRAINT `dm_page_view_dm_layout_id_dm_layout_id` FOREIGN KEY (`dm_layout_id`) REFERENCES `dm_layout` (`id`) ON DELETE SET NULL;

--
-- Constraints for table `dm_record_permission_association_group`
--
ALTER TABLE `dm_record_permission_association_group`
  ADD CONSTRAINT `dddi` FOREIGN KEY (`dm_record_permission_association_id`) REFERENCES `dm_record_permission_association` (`id`) ON DELETE CASCADE,
  ADD CONSTRAINT `dm_record_permission_association_group_dm_group_id_dm_group_id` FOREIGN KEY (`dm_group_id`) REFERENCES `dm_group` (`id`) ON DELETE CASCADE;

--
-- Constraints for table `dm_record_permission_association_user`
--
ALTER TABLE `dm_record_permission_association_user`
  ADD CONSTRAINT `dddi_2` FOREIGN KEY (`dm_record_permission_association_id`) REFERENCES `dm_record_permission_association` (`id`) ON DELETE CASCADE,
  ADD CONSTRAINT `dm_record_permission_association_user_dm_user_id_dm_user_id` FOREIGN KEY (`dm_user_id`) REFERENCES `dm_user` (`id`) ON DELETE CASCADE;

--
-- Constraints for table `dm_record_permission_group`
--
ALTER TABLE `dm_record_permission_group`
  ADD CONSTRAINT `dddi_4` FOREIGN KEY (`dm_record_permission_id`) REFERENCES `dm_record_permission` (`id`) ON DELETE CASCADE,
  ADD CONSTRAINT `dm_record_permission_group_dm_group_id_dm_group_id` FOREIGN KEY (`dm_group_id`) REFERENCES `dm_group` (`id`) ON DELETE CASCADE;

--
-- Constraints for table `dm_record_permission_user`
--
ALTER TABLE `dm_record_permission_user`
  ADD CONSTRAINT `dddi_6` FOREIGN KEY (`dm_record_permission_id`) REFERENCES `dm_record_permission` (`id`) ON DELETE CASCADE,
  ADD CONSTRAINT `dm_record_permission_user_dm_user_id_dm_user_id` FOREIGN KEY (`dm_user_id`) REFERENCES `dm_user` (`id`) ON DELETE CASCADE;

--
-- Constraints for table `dm_remember_key`
--
ALTER TABLE `dm_remember_key`
  ADD CONSTRAINT `dm_remember_key_dm_user_id_dm_user_id` FOREIGN KEY (`dm_user_id`) REFERENCES `dm_user` (`id`) ON DELETE CASCADE;

--
-- Constraints for table `dm_sent_mail`
--
ALTER TABLE `dm_sent_mail`
  ADD CONSTRAINT `dm_sent_mail_dm_mail_template_id_dm_mail_template_id` FOREIGN KEY (`dm_mail_template_id`) REFERENCES `dm_mail_template` (`id`) ON DELETE SET NULL;

--
-- Constraints for table `dm_setting_translation`
--
ALTER TABLE `dm_setting_translation`
  ADD CONSTRAINT `dm_setting_translation_id_dm_setting_id` FOREIGN KEY (`id`) REFERENCES `dm_setting` (`id`) ON DELETE CASCADE ON UPDATE CASCADE;

--
-- Constraints for table `dm_trans_unit`
--
ALTER TABLE `dm_trans_unit`
  ADD CONSTRAINT `dm_trans_unit_dm_catalogue_id_dm_catalogue_id` FOREIGN KEY (`dm_catalogue_id`) REFERENCES `dm_catalogue` (`id`) ON DELETE CASCADE;

--
-- Constraints for table `dm_user_group`
--
ALTER TABLE `dm_user_group`
  ADD CONSTRAINT `dm_user_group_dm_group_id_dm_group_id` FOREIGN KEY (`dm_group_id`) REFERENCES `dm_group` (`id`) ON DELETE CASCADE,
  ADD CONSTRAINT `dm_user_group_dm_user_id_dm_user_id` FOREIGN KEY (`dm_user_id`) REFERENCES `dm_user` (`id`) ON DELETE CASCADE;

--
-- Constraints for table `dm_user_permission`
--
ALTER TABLE `dm_user_permission`
  ADD CONSTRAINT `dm_user_permission_dm_permission_id_dm_permission_id` FOREIGN KEY (`dm_permission_id`) REFERENCES `dm_permission` (`id`) ON DELETE CASCADE,
  ADD CONSTRAINT `dm_user_permission_dm_user_id_dm_user_id` FOREIGN KEY (`dm_user_id`) REFERENCES `dm_user` (`id`) ON DELETE CASCADE;

--
-- Constraints for table `dm_widget`
--
ALTER TABLE `dm_widget`
  ADD CONSTRAINT `dm_widget_dm_zone_id_dm_zone_id` FOREIGN KEY (`dm_zone_id`) REFERENCES `dm_zone` (`id`) ON DELETE CASCADE;

--
-- Constraints for table `dm_widget_translation`
--
ALTER TABLE `dm_widget_translation`
  ADD CONSTRAINT `dm_widget_translation_id_dm_widget_id` FOREIGN KEY (`id`) REFERENCES `dm_widget` (`id`) ON DELETE CASCADE ON UPDATE CASCADE;

--
-- Constraints for table `dm_zone`
--
ALTER TABLE `dm_zone`
  ADD CONSTRAINT `dm_zone_dm_area_id_dm_area_id` FOREIGN KEY (`dm_area_id`) REFERENCES `dm_area` (`id`) ON DELETE CASCADE;

--
-- Constraints for table `manager`
--
ALTER TABLE `manager`
  ADD CONSTRAINT `manager_dm_user_id_dm_user_id` FOREIGN KEY (`dm_user_id`) REFERENCES `dm_user` (`id`);

--
-- Constraints for table `report`
--
ALTER TABLE `report`
  ADD CONSTRAINT `report_account_id_account_id` FOREIGN KEY (`account_id`) REFERENCES `account` (`id`) ON DELETE CASCADE;

--
-- Constraints for table `stock`
--
ALTER TABLE `stock`
  ADD CONSTRAINT `stock_account_id_account_id` FOREIGN KEY (`account_id`) REFERENCES `account` (`id`) ON DELETE CASCADE,
  ADD CONSTRAINT `stock_currency_id_currency_id` FOREIGN KEY (`currency_id`) REFERENCES `currency` (`id`);

/*!40101 SET CHARACTER_SET_CLIENT=@OLD_CHARACTER_SET_CLIENT */;
/*!40101 SET CHARACTER_SET_RESULTS=@OLD_CHARACTER_SET_RESULTS */;
/*!40101 SET COLLATION_CONNECTION=@OLD_COLLATION_CONNECTION */;
